Analysis & Synthesis report for Thesis_Project_Bit_Manipulation
Tue Mar 24 13:29:47 2026
Quartus Prime Version 20.1.0 Build 711 06/05/2020 SJ Lite Edition


---------------------
; Table of Contents ;
---------------------
  1. Legal Notice
  2. Analysis & Synthesis Summary
  3. Analysis & Synthesis Settings
  4. Parallel Compilation
  5. Analysis & Synthesis Source Files Read
  6. Analysis & Synthesis Resource Usage Summary
  7. Analysis & Synthesis Resource Utilization by Entity
  8. Analysis & Synthesis RAM Summary
  9. Analysis & Synthesis DSP Block Usage Summary
 10. Registers Protected by Synthesis
 11. Registers Removed During Synthesis
 12. Removed Registers Triggering Further Register Optimizations
 13. General Register Statistics
 14. Registers Packed Into Inferred Megafunctions
 15. Multiplexer Restructuring Statistics (Restructuring Performed)
 16. Source assignments for shared_frame_storage:SHARED_RED
 17. Source assignments for shared_frame_storage:SHARED_RED|frame_ram:bank_8|altsyncram:mem_rtl_0|altsyncram_7dp1:auto_generated
 18. Source assignments for shared_frame_storage:SHARED_RED|frame_ram:bank_11|altsyncram:mem_rtl_0|altsyncram_7dp1:auto_generated
 19. Source assignments for shared_frame_storage:SHARED_RED|frame_ram:bank_10|altsyncram:mem_rtl_0|altsyncram_7dp1:auto_generated
 20. Source assignments for shared_frame_storage:SHARED_RED|frame_ram:bank_9|altsyncram:mem_rtl_0|altsyncram_7dp1:auto_generated
 21. Source assignments for shared_frame_storage:SHARED_RED|frame_ram:bank_8v|altsyncram:mem_rtl_0|altsyncram_7dp1:auto_generated
 22. Source assignments for shared_frame_storage:SHARED_RED|frame_ram:bank_4|altsyncram:mem_rtl_0|altsyncram_7dp1:auto_generated
 23. Source assignments for shared_frame_storage:SHARED_RED|frame_ram:bank_3|altsyncram:mem_rtl_0|altsyncram_7dp1:auto_generated
 24. Source assignments for shared_frame_storage:SHARED_RED|frame_ram:bank_2|altsyncram:mem_rtl_0|altsyncram_7dp1:auto_generated
 25. Source assignments for shared_frame_storage:SHARED_RED|frame_ram:bank_1|altsyncram:mem_rtl_0|altsyncram_7dp1:auto_generated
 26. Source assignments for shared_frame_storage:SHARED_RED|frame_ram:bank_0|altsyncram:mem_rtl_0|altsyncram_7dp1:auto_generated
 27. Source assignments for bit_shift_low_pass_filter:BSLPF_RED|altshift_taps:pixel_buffer_rtl_0|shift_taps_hjv:auto_generated|altsyncram_b2a1:altsyncram5
 28. Source assignments for disparity_estimator:DISP_EST_RED|altshift_taps:sum1_orientation_rtl_0|shift_taps_o0v:auto_generated|altsyncram_dv91:altsyncram5
 29. Source assignments for confidence_computer:CONF_COMP_RED|altshift_taps:derivative_row_idx_out_rtl_0|shift_taps_9vu:auto_generated|altsyncram_gr91:altsyncram4
 30. Source assignments for shared_frame_storage:SHARED_RED|frame_ram:bank_7|altsyncram:mem_rtl_0|altsyncram_7dp1:auto_generated
 31. Source assignments for shared_frame_storage:SHARED_RED|frame_ram:bank_6|altsyncram:mem_rtl_0|altsyncram_7dp1:auto_generated
 32. Source assignments for shared_frame_storage:SHARED_RED|frame_ram:bank_5|altsyncram:mem_rtl_0|altsyncram_7dp1:auto_generated
 33. Source assignments for fused_aligned_output:FAO_RED|altshift_taps:crop_ok_4d_rtl_0|shift_taps_d0v:auto_generated|altsyncram_ru91:altsyncram5
 34. Parameter Settings for User Entity Instance: Top-level Entity: |top_level
 35. Parameter Settings for User Entity Instance: bit_shift_low_pass_filter:BSLPF_RED
 36. Parameter Settings for User Entity Instance: shared_frame_storage:SHARED_RED
 37. Parameter Settings for User Entity Instance: shared_frame_storage:SHARED_RED|frame_ram:bank_0
 38. Parameter Settings for User Entity Instance: shared_frame_storage:SHARED_RED|frame_ram:bank_1
 39. Parameter Settings for User Entity Instance: shared_frame_storage:SHARED_RED|frame_ram:bank_2
 40. Parameter Settings for User Entity Instance: shared_frame_storage:SHARED_RED|frame_ram:bank_3
 41. Parameter Settings for User Entity Instance: shared_frame_storage:SHARED_RED|frame_ram:bank_4
 42. Parameter Settings for User Entity Instance: shared_frame_storage:SHARED_RED|frame_ram:bank_8v
 43. Parameter Settings for User Entity Instance: shared_frame_storage:SHARED_RED|frame_ram:bank_9
 44. Parameter Settings for User Entity Instance: shared_frame_storage:SHARED_RED|frame_ram:bank_10
 45. Parameter Settings for User Entity Instance: shared_frame_storage:SHARED_RED|frame_ram:bank_11
 46. Parameter Settings for User Entity Instance: shared_frame_storage:SHARED_RED|frame_ram:bank_5
 47. Parameter Settings for User Entity Instance: shared_frame_storage:SHARED_RED|frame_ram:bank_6
 48. Parameter Settings for User Entity Instance: shared_frame_storage:SHARED_RED|frame_ram:bank_7
 49. Parameter Settings for User Entity Instance: shared_frame_storage:SHARED_RED|frame_ram:bank_8
 50. Parameter Settings for User Entity Instance: epi_compiler:EPIC_RED
 51. Parameter Settings for User Entity Instance: confidence_computer:CONF_COMP_RED
 52. Parameter Settings for User Entity Instance: disparity_estimator:DISP_EST_RED
 53. Parameter Settings for User Entity Instance: fused_aligned_output:FAO_RED
 54. Parameter Settings for Inferred Entity Instance: shared_frame_storage:SHARED_RED|frame_ram:bank_8|altsyncram:mem_rtl_0
 55. Parameter Settings for Inferred Entity Instance: shared_frame_storage:SHARED_RED|frame_ram:bank_11|altsyncram:mem_rtl_0
 56. Parameter Settings for Inferred Entity Instance: shared_frame_storage:SHARED_RED|frame_ram:bank_10|altsyncram:mem_rtl_0
 57. Parameter Settings for Inferred Entity Instance: shared_frame_storage:SHARED_RED|frame_ram:bank_9|altsyncram:mem_rtl_0
 58. Parameter Settings for Inferred Entity Instance: shared_frame_storage:SHARED_RED|frame_ram:bank_8v|altsyncram:mem_rtl_0
 59. Parameter Settings for Inferred Entity Instance: shared_frame_storage:SHARED_RED|frame_ram:bank_4|altsyncram:mem_rtl_0
 60. Parameter Settings for Inferred Entity Instance: shared_frame_storage:SHARED_RED|frame_ram:bank_3|altsyncram:mem_rtl_0
 61. Parameter Settings for Inferred Entity Instance: shared_frame_storage:SHARED_RED|frame_ram:bank_2|altsyncram:mem_rtl_0
 62. Parameter Settings for Inferred Entity Instance: shared_frame_storage:SHARED_RED|frame_ram:bank_1|altsyncram:mem_rtl_0
 63. Parameter Settings for Inferred Entity Instance: shared_frame_storage:SHARED_RED|frame_ram:bank_0|altsyncram:mem_rtl_0
 64. Parameter Settings for Inferred Entity Instance: bit_shift_low_pass_filter:BSLPF_RED|altshift_taps:pixel_buffer_rtl_0
 65. Parameter Settings for Inferred Entity Instance: disparity_estimator:DISP_EST_RED|altshift_taps:sum1_orientation_rtl_0
 66. Parameter Settings for Inferred Entity Instance: confidence_computer:CONF_COMP_RED|altshift_taps:derivative_row_idx_out_rtl_0
 67. Parameter Settings for Inferred Entity Instance: shared_frame_storage:SHARED_RED|frame_ram:bank_7|altsyncram:mem_rtl_0
 68. Parameter Settings for Inferred Entity Instance: shared_frame_storage:SHARED_RED|frame_ram:bank_6|altsyncram:mem_rtl_0
 69. Parameter Settings for Inferred Entity Instance: shared_frame_storage:SHARED_RED|frame_ram:bank_5|altsyncram:mem_rtl_0
 70. Parameter Settings for Inferred Entity Instance: fused_aligned_output:FAO_RED|altshift_taps:crop_ok_4d_rtl_0
 71. altsyncram Parameter Settings by Entity Instance
 72. altshift_taps Parameter Settings by Entity Instance
 73. Post-Synthesis Netlist Statistics for Top Partition
 74. Elapsed Time Per Partition
 75. Analysis & Synthesis Messages



----------------
; Legal Notice ;
----------------
Copyright (C) 2020  Intel Corporation. All rights reserved.
Your use of Intel Corporation's design tools, logic functions 
and other software and tools, and any partner logic 
functions, and any output files from any of the foregoing 
(including device programming or simulation files), and any 
associated documentation or information are expressly subject 
to the terms and conditions of the Intel Program License 
Subscription Agreement, the Intel Quartus Prime License Agreement,
the Intel FPGA IP License Agreement, or other applicable license
agreement, including, without limitation, that your use is for
the sole purpose of programming logic devices manufactured by
Intel and sold by Intel or its authorized distributors.  Please
refer to the applicable agreement for further details, at
https://fpgasoftware.intel.com/eula.



+-------------------------------------------------------------------------------+
; Analysis & Synthesis Summary                                                  ;
+---------------------------------+---------------------------------------------+
; Analysis & Synthesis Status     ; Successful - Tue Mar 24 13:29:47 2026       ;
; Quartus Prime Version           ; 20.1.0 Build 711 06/05/2020 SJ Lite Edition ;
; Revision Name                   ; Thesis_Project_Bit_Manipulation             ;
; Top-level Entity Name           ; top_level                                   ;
; Family                          ; Cyclone V                                   ;
; Logic utilization (in ALMs)     ; N/A                                         ;
; Total registers                 ; 12769                                       ;
; Total pins                      ; 86                                          ;
; Total virtual pins              ; 0                                           ;
; Total block memory bits         ; 3,203,004                                   ;
; Total DSP Blocks                ; 10                                          ;
; Total HSSI RX PCSs              ; 0                                           ;
; Total HSSI PMA RX Deserializers ; 0                                           ;
; Total HSSI TX PCSs              ; 0                                           ;
; Total HSSI PMA TX Serializers   ; 0                                           ;
; Total PLLs                      ; 0                                           ;
; Total DLLs                      ; 0                                           ;
+---------------------------------+---------------------------------------------+


+----------------------------------------------------------------------------------------------------------------------------------------+
; Analysis & Synthesis Settings                                                                                                          ;
+---------------------------------------------------------------------------------+--------------------+---------------------------------+
; Option                                                                          ; Setting            ; Default Value                   ;
+---------------------------------------------------------------------------------+--------------------+---------------------------------+
; Device                                                                          ; 5CSEMA5F31C6       ;                                 ;
; Top-level entity name                                                           ; top_level          ; Thesis_Project_Bit_Manipulation ;
; Family name                                                                     ; Cyclone V          ; Cyclone V                       ;
; Use smart compilation                                                           ; Off                ; Off                             ;
; Enable parallel Assembler and Timing Analyzer during compilation                ; On                 ; On                              ;
; Enable compact report table                                                     ; Off                ; Off                             ;
; Restructure Multiplexers                                                        ; Auto               ; Auto                            ;
; MLAB Add Timing Constraints For Mixed-Port Feed-Through Mode Setting Don't Care ; Off                ; Off                             ;
; Create Debugging Nodes for IP Cores                                             ; Off                ; Off                             ;
; Preserve fewer node names                                                       ; On                 ; On                              ;
; Intel FPGA IP Evaluation Mode                                                   ; Enable             ; Enable                          ;
; Verilog Version                                                                 ; Verilog_2001       ; Verilog_2001                    ;
; VHDL Version                                                                    ; VHDL_1993          ; VHDL_1993                       ;
; State Machine Processing                                                        ; Auto               ; Auto                            ;
; Safe State Machine                                                              ; Off                ; Off                             ;
; Extract Verilog State Machines                                                  ; On                 ; On                              ;
; Extract VHDL State Machines                                                     ; On                 ; On                              ;
; Ignore Verilog initial constructs                                               ; Off                ; Off                             ;
; Iteration limit for constant Verilog loops                                      ; 5000               ; 5000                            ;
; Iteration limit for non-constant Verilog loops                                  ; 250                ; 250                             ;
; Add Pass-Through Logic to Inferred RAMs                                         ; On                 ; On                              ;
; Infer RAMs from Raw Logic                                                       ; On                 ; On                              ;
; Parallel Synthesis                                                              ; On                 ; On                              ;
; DSP Block Balancing                                                             ; Auto               ; Auto                            ;
; NOT Gate Push-Back                                                              ; On                 ; On                              ;
; Power-Up Don't Care                                                             ; On                 ; On                              ;
; Remove Redundant Logic Cells                                                    ; Off                ; Off                             ;
; Remove Duplicate Registers                                                      ; On                 ; On                              ;
; Ignore CARRY Buffers                                                            ; Off                ; Off                             ;
; Ignore CASCADE Buffers                                                          ; Off                ; Off                             ;
; Ignore GLOBAL Buffers                                                           ; Off                ; Off                             ;
; Ignore ROW GLOBAL Buffers                                                       ; Off                ; Off                             ;
; Ignore LCELL Buffers                                                            ; Off                ; Off                             ;
; Ignore SOFT Buffers                                                             ; On                 ; On                              ;
; Limit AHDL Integers to 32 Bits                                                  ; Off                ; Off                             ;
; Optimization Technique                                                          ; Balanced           ; Balanced                        ;
; Carry Chain Length                                                              ; 70                 ; 70                              ;
; Auto Carry Chains                                                               ; On                 ; On                              ;
; Auto Open-Drain Pins                                                            ; On                 ; On                              ;
; Perform WYSIWYG Primitive Resynthesis                                           ; Off                ; Off                             ;
; Auto ROM Replacement                                                            ; On                 ; On                              ;
; Auto RAM Replacement                                                            ; On                 ; On                              ;
; Auto DSP Block Replacement                                                      ; On                 ; On                              ;
; Auto Shift Register Replacement                                                 ; Auto               ; Auto                            ;
; Allow Shift Register Merging across Hierarchies                                 ; Auto               ; Auto                            ;
; Auto Clock Enable Replacement                                                   ; On                 ; On                              ;
; Strict RAM Replacement                                                          ; Off                ; Off                             ;
; Allow Synchronous Control Signals                                               ; On                 ; On                              ;
; Force Use of Synchronous Clear Signals                                          ; Off                ; Off                             ;
; Auto Resource Sharing                                                           ; Off                ; Off                             ;
; Allow Any RAM Size For Recognition                                              ; Off                ; Off                             ;
; Allow Any ROM Size For Recognition                                              ; Off                ; Off                             ;
; Allow Any Shift Register Size For Recognition                                   ; Off                ; Off                             ;
; Use LogicLock Constraints during Resource Balancing                             ; On                 ; On                              ;
; Ignore translate_off and synthesis_off directives                               ; Off                ; Off                             ;
; Timing-Driven Synthesis                                                         ; On                 ; On                              ;
; Report Parameter Settings                                                       ; On                 ; On                              ;
; Report Source Assignments                                                       ; On                 ; On                              ;
; Report Connectivity Checks                                                      ; On                 ; On                              ;
; Ignore Maximum Fan-Out Assignments                                              ; Off                ; Off                             ;
; Synchronization Register Chain Length                                           ; 3                  ; 3                               ;
; Power Optimization During Synthesis                                             ; Normal compilation ; Normal compilation              ;
; HDL message level                                                               ; Level2             ; Level2                          ;
; Suppress Register Optimization Related Messages                                 ; Off                ; Off                             ;
; Number of Removed Registers Reported in Synthesis Report                        ; 5000               ; 5000                            ;
; Number of Swept Nodes Reported in Synthesis Report                              ; 5000               ; 5000                            ;
; Number of Inverted Registers Reported in Synthesis Report                       ; 100                ; 100                             ;
; Clock MUX Protection                                                            ; On                 ; On                              ;
; Auto Gated Clock Conversion                                                     ; Off                ; Off                             ;
; Block Design Naming                                                             ; Auto               ; Auto                            ;
; SDC constraint protection                                                       ; Off                ; Off                             ;
; Synthesis Effort                                                                ; Auto               ; Auto                            ;
; Shift Register Replacement - Allow Asynchronous Clear Signal                    ; On                 ; On                              ;
; Pre-Mapping Resynthesis Optimization                                            ; Off                ; Off                             ;
; Analysis & Synthesis Message Level                                              ; Medium             ; Medium                          ;
; Disable Register Merging Across Hierarchies                                     ; Auto               ; Auto                            ;
; Resource Aware Inference For Block RAM                                          ; On                 ; On                              ;
; Automatic Parallel Synthesis                                                    ; On                 ; On                              ;
; Partial Reconfiguration Bitstream ID                                            ; Off                ; Off                             ;
+---------------------------------------------------------------------------------+--------------------+---------------------------------+


+------------------------------------------+
; Parallel Compilation                     ;
+----------------------------+-------------+
; Processors                 ; Number      ;
+----------------------------+-------------+
; Number detected on machine ; 8           ;
; Maximum allowed            ; 4           ;
;                            ;             ;
; Average used               ; 1.50        ;
; Maximum used               ; 4           ;
;                            ;             ;
; Usage by Processor         ; % Time Used ;
;     Processor 1            ; 100.0%      ;
;     Processor 2            ;  16.9%      ;
;     Processor 3            ;  16.7%      ;
;     Processor 4            ;  16.4%      ;
+----------------------------+-------------+


+-----------------------------------------------------------------------------------------------------------------------------------------------------------------------------------------------+
; Analysis & Synthesis Source Files Read                                                                                                                                                        ;
+----------------------------------+-----------------+------------------------------+-------------------------------------------------------------------------------------------------+---------+
; File Name with User-Entered Path ; Used in Netlist ; File Type                    ; File Name with Absolute Path                                                                    ; Library ;
+----------------------------------+-----------------+------------------------------+-------------------------------------------------------------------------------------------------+---------+
; src/shared_frame_storage.sv      ; yes             ; User SystemVerilog HDL File  ; /home/daniel/Thesis_Project/SystemVerilog_HDL/Bit_Manipulation/src/shared_frame_storage.sv      ;         ;
; src/fused_aligned_output.sv      ; yes             ; User SystemVerilog HDL File  ; /home/daniel/Thesis_Project/SystemVerilog_HDL/Bit_Manipulation/src/fused_aligned_output.sv      ;         ;
; src/disparity_estimator.sv       ; yes             ; User SystemVerilog HDL File  ; /home/daniel/Thesis_Project/SystemVerilog_HDL/Bit_Manipulation/src/disparity_estimator.sv       ;         ;
; src/confidence_computer.sv       ; yes             ; User SystemVerilog HDL File  ; /home/daniel/Thesis_Project/SystemVerilog_HDL/Bit_Manipulation/src/confidence_computer.sv       ;         ;
; src/frame_ram.sv                 ; yes             ; User SystemVerilog HDL File  ; /home/daniel/Thesis_Project/SystemVerilog_HDL/Bit_Manipulation/src/frame_ram.sv                 ;         ;
; src/epi_compiler.sv              ; yes             ; User SystemVerilog HDL File  ; /home/daniel/Thesis_Project/SystemVerilog_HDL/Bit_Manipulation/src/epi_compiler.sv              ;         ;
; src/top_level.sv                 ; yes             ; User SystemVerilog HDL File  ; /home/daniel/Thesis_Project/SystemVerilog_HDL/Bit_Manipulation/src/top_level.sv                 ;         ;
; src/bit_shift_low_pass_filter.sv ; yes             ; User SystemVerilog HDL File  ; /home/daniel/Thesis_Project/SystemVerilog_HDL/Bit_Manipulation/src/bit_shift_low_pass_filter.sv ;         ;
; altsyncram.tdf                   ; yes             ; Megafunction                 ; /home/daniel/intelFPGA_lite/20.1/quartus/libraries/megafunctions/altsyncram.tdf                 ;         ;
; stratix_ram_block.inc            ; yes             ; Megafunction                 ; /home/daniel/intelFPGA_lite/20.1/quartus/libraries/megafunctions/stratix_ram_block.inc          ;         ;
; lpm_mux.inc                      ; yes             ; Megafunction                 ; /home/daniel/intelFPGA_lite/20.1/quartus/libraries/megafunctions/lpm_mux.inc                    ;         ;
; lpm_decode.inc                   ; yes             ; Megafunction                 ; /home/daniel/intelFPGA_lite/20.1/quartus/libraries/megafunctions/lpm_decode.inc                 ;         ;
; aglobal201.inc                   ; yes             ; Megafunction                 ; /home/daniel/intelFPGA_lite/20.1/quartus/libraries/megafunctions/aglobal201.inc                 ;         ;
; a_rdenreg.inc                    ; yes             ; Megafunction                 ; /home/daniel/intelFPGA_lite/20.1/quartus/libraries/megafunctions/a_rdenreg.inc                  ;         ;
; altrom.inc                       ; yes             ; Megafunction                 ; /home/daniel/intelFPGA_lite/20.1/quartus/libraries/megafunctions/altrom.inc                     ;         ;
; altram.inc                       ; yes             ; Megafunction                 ; /home/daniel/intelFPGA_lite/20.1/quartus/libraries/megafunctions/altram.inc                     ;         ;
; altdpram.inc                     ; yes             ; Megafunction                 ; /home/daniel/intelFPGA_lite/20.1/quartus/libraries/megafunctions/altdpram.inc                   ;         ;
; db/altsyncram_7dp1.tdf           ; yes             ; Auto-Generated Megafunction  ; /home/daniel/Thesis_Project/SystemVerilog_HDL/Bit_Manipulation/db/altsyncram_7dp1.tdf           ;         ;
; db/decode_5la.tdf                ; yes             ; Auto-Generated Megafunction  ; /home/daniel/Thesis_Project/SystemVerilog_HDL/Bit_Manipulation/db/decode_5la.tdf                ;         ;
; db/mux_3hb.tdf                   ; yes             ; Auto-Generated Megafunction  ; /home/daniel/Thesis_Project/SystemVerilog_HDL/Bit_Manipulation/db/mux_3hb.tdf                   ;         ;
; altshift_taps.tdf                ; yes             ; Megafunction                 ; /home/daniel/intelFPGA_lite/20.1/quartus/libraries/megafunctions/altshift_taps.tdf              ;         ;
; lpm_counter.inc                  ; yes             ; Megafunction                 ; /home/daniel/intelFPGA_lite/20.1/quartus/libraries/megafunctions/lpm_counter.inc                ;         ;
; lpm_compare.inc                  ; yes             ; Megafunction                 ; /home/daniel/intelFPGA_lite/20.1/quartus/libraries/megafunctions/lpm_compare.inc                ;         ;
; lpm_constant.inc                 ; yes             ; Megafunction                 ; /home/daniel/intelFPGA_lite/20.1/quartus/libraries/megafunctions/lpm_constant.inc               ;         ;
; db/shift_taps_hjv.tdf            ; yes             ; Auto-Generated Megafunction  ; /home/daniel/Thesis_Project/SystemVerilog_HDL/Bit_Manipulation/db/shift_taps_hjv.tdf            ;         ;
; db/altsyncram_b2a1.tdf           ; yes             ; Auto-Generated Megafunction  ; /home/daniel/Thesis_Project/SystemVerilog_HDL/Bit_Manipulation/db/altsyncram_b2a1.tdf           ;         ;
; db/cntr_vkf.tdf                  ; yes             ; Auto-Generated Megafunction  ; /home/daniel/Thesis_Project/SystemVerilog_HDL/Bit_Manipulation/db/cntr_vkf.tdf                  ;         ;
; db/cmpr_f9c.tdf                  ; yes             ; Auto-Generated Megafunction  ; /home/daniel/Thesis_Project/SystemVerilog_HDL/Bit_Manipulation/db/cmpr_f9c.tdf                  ;         ;
; db/shift_taps_o0v.tdf            ; yes             ; Auto-Generated Megafunction  ; /home/daniel/Thesis_Project/SystemVerilog_HDL/Bit_Manipulation/db/shift_taps_o0v.tdf            ;         ;
; db/altsyncram_dv91.tdf           ; yes             ; Auto-Generated Megafunction  ; /home/daniel/Thesis_Project/SystemVerilog_HDL/Bit_Manipulation/db/altsyncram_dv91.tdf           ;         ;
; db/cntr_mjf.tdf                  ; yes             ; Auto-Generated Megafunction  ; /home/daniel/Thesis_Project/SystemVerilog_HDL/Bit_Manipulation/db/cntr_mjf.tdf                  ;         ;
; db/cmpr_e9c.tdf                  ; yes             ; Auto-Generated Megafunction  ; /home/daniel/Thesis_Project/SystemVerilog_HDL/Bit_Manipulation/db/cmpr_e9c.tdf                  ;         ;
; db/shift_taps_9vu.tdf            ; yes             ; Auto-Generated Megafunction  ; /home/daniel/Thesis_Project/SystemVerilog_HDL/Bit_Manipulation/db/shift_taps_9vu.tdf            ;         ;
; db/altsyncram_gr91.tdf           ; yes             ; Auto-Generated Megafunction  ; /home/daniel/Thesis_Project/SystemVerilog_HDL/Bit_Manipulation/db/altsyncram_gr91.tdf           ;         ;
; db/cntr_ohf.tdf                  ; yes             ; Auto-Generated Megafunction  ; /home/daniel/Thesis_Project/SystemVerilog_HDL/Bit_Manipulation/db/cntr_ohf.tdf                  ;         ;
; db/cmpr_a9c.tdf                  ; yes             ; Auto-Generated Megafunction  ; /home/daniel/Thesis_Project/SystemVerilog_HDL/Bit_Manipulation/db/cmpr_a9c.tdf                  ;         ;
; db/shift_taps_d0v.tdf            ; yes             ; Auto-Generated Megafunction  ; /home/daniel/Thesis_Project/SystemVerilog_HDL/Bit_Manipulation/db/shift_taps_d0v.tdf            ;         ;
; db/altsyncram_ru91.tdf           ; yes             ; Auto-Generated Megafunction  ; /home/daniel/Thesis_Project/SystemVerilog_HDL/Bit_Manipulation/db/altsyncram_ru91.tdf           ;         ;
; db/cntr_fjf.tdf                  ; yes             ; Auto-Generated Megafunction  ; /home/daniel/Thesis_Project/SystemVerilog_HDL/Bit_Manipulation/db/cntr_fjf.tdf                  ;         ;
+----------------------------------+-----------------+------------------------------+-------------------------------------------------------------------------------------------------+---------+


+--------------------------------------------------------------+
; Analysis & Synthesis Resource Usage Summary                  ;
+---------------------------------------------+----------------+
; Resource                                    ; Usage          ;
+---------------------------------------------+----------------+
; Estimate of Logic utilization (ALMs needed) ; 7960           ;
;                                             ;                ;
; Combinational ALUT usage for logic          ; 9910           ;
;     -- 7 input functions                    ; 6              ;
;     -- 6 input functions                    ; 3380           ;
;     -- 5 input functions                    ; 543            ;
;     -- 4 input functions                    ; 689            ;
;     -- <=3 input functions                  ; 5292           ;
;                                             ;                ;
; Dedicated logic registers                   ; 12769          ;
;                                             ;                ;
; I/O pins                                    ; 86             ;
; Total MLAB memory bits                      ; 0              ;
; Total block memory bits                     ; 3203004        ;
;                                             ;                ;
; Total DSP Blocks                            ; 10             ;
;                                             ;                ;
; Maximum fan-out node                        ; CLOCK_50~input ;
; Maximum fan-out                             ; 13285          ;
; Total fan-out                               ; 88750          ;
; Average fan-out                             ; 3.80           ;
+---------------------------------------------+----------------+


+------------------------------------------------------------------------------------------------------------------------------------------------------------------------------------------------------------------------------------------------------------------------------------------------------------------------------------------------------------+
; Analysis & Synthesis Resource Utilization by Entity                                                                                                                                                                                                                                                                                                        ;
+----------------------------------------------------+---------------------+---------------------------+-------------------+------------+------+--------------+---------------------------------------------------------------------------------------------------------------------------------------------------+---------------------------+--------------+
; Compilation Hierarchy Node                         ; Combinational ALUTs ; Dedicated Logic Registers ; Block Memory Bits ; DSP Blocks ; Pins ; Virtual Pins ; Full Hierarchy Name                                                                                                                               ; Entity Name               ; Library Name ;
+----------------------------------------------------+---------------------+---------------------------+-------------------+------------+------+--------------+---------------------------------------------------------------------------------------------------------------------------------------------------+---------------------------+--------------+
; |top_level                                         ; 9910 (1)            ; 12769 (5)                 ; 3203004           ; 10         ; 86   ; 0            ; |top_level                                                                                                                                        ; top_level                 ; work         ;
;    |bit_shift_low_pass_filter:BSLPF_RED|           ; 448 (427)           ; 555 (541)                 ; 5856              ; 0          ; 0    ; 0            ; |top_level|bit_shift_low_pass_filter:BSLPF_RED                                                                                                    ; bit_shift_low_pass_filter ; work         ;
;       |altshift_taps:pixel_buffer_rtl_0|           ; 21 (0)              ; 14 (0)                    ; 5856              ; 0          ; 0    ; 0            ; |top_level|bit_shift_low_pass_filter:BSLPF_RED|altshift_taps:pixel_buffer_rtl_0                                                                   ; altshift_taps             ; work         ;
;          |shift_taps_hjv:auto_generated|           ; 21 (12)             ; 14 (7)                    ; 5856              ; 0          ; 0    ; 0            ; |top_level|bit_shift_low_pass_filter:BSLPF_RED|altshift_taps:pixel_buffer_rtl_0|shift_taps_hjv:auto_generated                                     ; shift_taps_hjv            ; work         ;
;             |altsyncram_b2a1:altsyncram5|          ; 0 (0)               ; 0 (0)                     ; 5856              ; 0          ; 0    ; 0            ; |top_level|bit_shift_low_pass_filter:BSLPF_RED|altshift_taps:pixel_buffer_rtl_0|shift_taps_hjv:auto_generated|altsyncram_b2a1:altsyncram5         ; altsyncram_b2a1           ; work         ;
;             |cntr_vkf:cntr1|                       ; 9 (9)               ; 7 (7)                     ; 0                 ; 0          ; 0    ; 0            ; |top_level|bit_shift_low_pass_filter:BSLPF_RED|altshift_taps:pixel_buffer_rtl_0|shift_taps_hjv:auto_generated|cntr_vkf:cntr1                      ; cntr_vkf                  ; work         ;
;    |confidence_computer:CONF_COMP_RED|             ; 299 (292)           ; 281 (277)                 ; 96                ; 0          ; 0    ; 0            ; |top_level|confidence_computer:CONF_COMP_RED                                                                                                      ; confidence_computer       ; work         ;
;       |altshift_taps:derivative_row_idx_out_rtl_0| ; 7 (0)               ; 4 (0)                     ; 96                ; 0          ; 0    ; 0            ; |top_level|confidence_computer:CONF_COMP_RED|altshift_taps:derivative_row_idx_out_rtl_0                                                           ; altshift_taps             ; work         ;
;          |shift_taps_9vu:auto_generated|           ; 7 (2)               ; 4 (2)                     ; 96                ; 0          ; 0    ; 0            ; |top_level|confidence_computer:CONF_COMP_RED|altshift_taps:derivative_row_idx_out_rtl_0|shift_taps_9vu:auto_generated                             ; shift_taps_9vu            ; work         ;
;             |altsyncram_gr91:altsyncram4|          ; 0 (0)               ; 0 (0)                     ; 96                ; 0          ; 0    ; 0            ; |top_level|confidence_computer:CONF_COMP_RED|altshift_taps:derivative_row_idx_out_rtl_0|shift_taps_9vu:auto_generated|altsyncram_gr91:altsyncram4 ; altsyncram_gr91           ; work         ;
;             |cntr_ohf:cntr1|                       ; 5 (5)               ; 2 (2)                     ; 0                 ; 0          ; 0    ; 0            ; |top_level|confidence_computer:CONF_COMP_RED|altshift_taps:derivative_row_idx_out_rtl_0|shift_taps_9vu:auto_generated|cntr_ohf:cntr1              ; cntr_ohf                  ; work         ;
;    |disparity_estimator:DISP_EST_RED|              ; 6435 (6416)         ; 7721 (7709)               ; 870               ; 8          ; 0    ; 0            ; |top_level|disparity_estimator:DISP_EST_RED                                                                                                       ; disparity_estimator       ; work         ;
;       |altshift_taps:sum1_orientation_rtl_0|       ; 19 (0)              ; 12 (0)                    ; 870               ; 0          ; 0    ; 0            ; |top_level|disparity_estimator:DISP_EST_RED|altshift_taps:sum1_orientation_rtl_0                                                                  ; altshift_taps             ; work         ;
;          |shift_taps_o0v:auto_generated|           ; 19 (11)             ; 12 (6)                    ; 870               ; 0          ; 0    ; 0            ; |top_level|disparity_estimator:DISP_EST_RED|altshift_taps:sum1_orientation_rtl_0|shift_taps_o0v:auto_generated                                    ; shift_taps_o0v            ; work         ;
;             |altsyncram_dv91:altsyncram5|          ; 0 (0)               ; 0 (0)                     ; 870               ; 0          ; 0    ; 0            ; |top_level|disparity_estimator:DISP_EST_RED|altshift_taps:sum1_orientation_rtl_0|shift_taps_o0v:auto_generated|altsyncram_dv91:altsyncram5        ; altsyncram_dv91           ; work         ;
;             |cntr_mjf:cntr1|                       ; 8 (8)               ; 6 (6)                     ; 0                 ; 0          ; 0    ; 0            ; |top_level|disparity_estimator:DISP_EST_RED|altshift_taps:sum1_orientation_rtl_0|shift_taps_o0v:auto_generated|cntr_mjf:cntr1                     ; cntr_mjf                  ; work         ;
;    |epi_compiler:EPIC_RED|                         ; 211 (211)           ; 415 (415)                 ; 0                 ; 0          ; 0    ; 0            ; |top_level|epi_compiler:EPIC_RED                                                                                                                  ; epi_compiler              ; work         ;
;    |fused_aligned_output:FAO_RED|                  ; 2265 (2246)         ; 3597 (3585)               ; 1302              ; 2          ; 0    ; 0            ; |top_level|fused_aligned_output:FAO_RED                                                                                                           ; fused_aligned_output      ; work         ;
;       |altshift_taps:crop_ok_4d_rtl_0|             ; 19 (0)              ; 12 (0)                    ; 1302              ; 0          ; 0    ; 0            ; |top_level|fused_aligned_output:FAO_RED|altshift_taps:crop_ok_4d_rtl_0                                                                            ; altshift_taps             ; work         ;
;          |shift_taps_d0v:auto_generated|           ; 19 (11)             ; 12 (6)                    ; 1302              ; 0          ; 0    ; 0            ; |top_level|fused_aligned_output:FAO_RED|altshift_taps:crop_ok_4d_rtl_0|shift_taps_d0v:auto_generated                                              ; shift_taps_d0v            ; work         ;
;             |altsyncram_ru91:altsyncram5|          ; 0 (0)               ; 0 (0)                     ; 1302              ; 0          ; 0    ; 0            ; |top_level|fused_aligned_output:FAO_RED|altshift_taps:crop_ok_4d_rtl_0|shift_taps_d0v:auto_generated|altsyncram_ru91:altsyncram5                  ; altsyncram_ru91           ; work         ;
;             |cntr_fjf:cntr1|                       ; 8 (8)               ; 6 (6)                     ; 0                 ; 0          ; 0    ; 0            ; |top_level|fused_aligned_output:FAO_RED|altshift_taps:crop_ok_4d_rtl_0|shift_taps_d0v:auto_generated|cntr_fjf:cntr1                               ; cntr_fjf                  ; work         ;
;    |shared_frame_storage:SHARED_RED|               ; 251 (126)           ; 195 (182)                 ; 3194880           ; 0          ; 0    ; 0            ; |top_level|shared_frame_storage:SHARED_RED                                                                                                        ; shared_frame_storage      ; work         ;
;       |frame_ram:bank_0|                           ; 2 (0)               ; 1 (0)                     ; 245760            ; 0          ; 0    ; 0            ; |top_level|shared_frame_storage:SHARED_RED|frame_ram:bank_0                                                                                       ; frame_ram                 ; work         ;
;          |altsyncram:mem_rtl_0|                    ; 2 (0)               ; 1 (0)                     ; 245760            ; 0          ; 0    ; 0            ; |top_level|shared_frame_storage:SHARED_RED|frame_ram:bank_0|altsyncram:mem_rtl_0                                                                  ; altsyncram                ; work         ;
;             |altsyncram_7dp1:auto_generated|       ; 2 (0)               ; 1 (1)                     ; 245760            ; 0          ; 0    ; 0            ; |top_level|shared_frame_storage:SHARED_RED|frame_ram:bank_0|altsyncram:mem_rtl_0|altsyncram_7dp1:auto_generated                                   ; altsyncram_7dp1           ; work         ;
;                |decode_5la:decode2|                ; 2 (2)               ; 0 (0)                     ; 0                 ; 0          ; 0    ; 0            ; |top_level|shared_frame_storage:SHARED_RED|frame_ram:bank_0|altsyncram:mem_rtl_0|altsyncram_7dp1:auto_generated|decode_5la:decode2                ; decode_5la                ; work         ;
;       |frame_ram:bank_10|                          ; 17 (0)              ; 1 (0)                     ; 245760            ; 0          ; 0    ; 0            ; |top_level|shared_frame_storage:SHARED_RED|frame_ram:bank_10                                                                                      ; frame_ram                 ; work         ;
;          |altsyncram:mem_rtl_0|                    ; 17 (0)              ; 1 (0)                     ; 245760            ; 0          ; 0    ; 0            ; |top_level|shared_frame_storage:SHARED_RED|frame_ram:bank_10|altsyncram:mem_rtl_0                                                                 ; altsyncram                ; work         ;
;             |altsyncram_7dp1:auto_generated|       ; 17 (0)              ; 1 (1)                     ; 245760            ; 0          ; 0    ; 0            ; |top_level|shared_frame_storage:SHARED_RED|frame_ram:bank_10|altsyncram:mem_rtl_0|altsyncram_7dp1:auto_generated                                  ; altsyncram_7dp1           ; work         ;
;                |decode_5la:decode2|                ; 2 (2)               ; 0 (0)                     ; 0                 ; 0          ; 0    ; 0            ; |top_level|shared_frame_storage:SHARED_RED|frame_ram:bank_10|altsyncram:mem_rtl_0|altsyncram_7dp1:auto_generated|decode_5la:decode2               ; decode_5la                ; work         ;
;                |mux_3hb:mux3|                      ; 15 (15)             ; 0 (0)                     ; 0                 ; 0          ; 0    ; 0            ; |top_level|shared_frame_storage:SHARED_RED|frame_ram:bank_10|altsyncram:mem_rtl_0|altsyncram_7dp1:auto_generated|mux_3hb:mux3                     ; mux_3hb                   ; work         ;
;       |frame_ram:bank_11|                          ; 17 (0)              ; 1 (0)                     ; 245760            ; 0          ; 0    ; 0            ; |top_level|shared_frame_storage:SHARED_RED|frame_ram:bank_11                                                                                      ; frame_ram                 ; work         ;
;          |altsyncram:mem_rtl_0|                    ; 17 (0)              ; 1 (0)                     ; 245760            ; 0          ; 0    ; 0            ; |top_level|shared_frame_storage:SHARED_RED|frame_ram:bank_11|altsyncram:mem_rtl_0                                                                 ; altsyncram                ; work         ;
;             |altsyncram_7dp1:auto_generated|       ; 17 (0)              ; 1 (1)                     ; 245760            ; 0          ; 0    ; 0            ; |top_level|shared_frame_storage:SHARED_RED|frame_ram:bank_11|altsyncram:mem_rtl_0|altsyncram_7dp1:auto_generated                                  ; altsyncram_7dp1           ; work         ;
;                |decode_5la:decode2|                ; 2 (2)               ; 0 (0)                     ; 0                 ; 0          ; 0    ; 0            ; |top_level|shared_frame_storage:SHARED_RED|frame_ram:bank_11|altsyncram:mem_rtl_0|altsyncram_7dp1:auto_generated|decode_5la:decode2               ; decode_5la                ; work         ;
;                |mux_3hb:mux3|                      ; 15 (15)             ; 0 (0)                     ; 0                 ; 0          ; 0    ; 0            ; |top_level|shared_frame_storage:SHARED_RED|frame_ram:bank_11|altsyncram:mem_rtl_0|altsyncram_7dp1:auto_generated|mux_3hb:mux3                     ; mux_3hb                   ; work         ;
;       |frame_ram:bank_1|                           ; 2 (0)               ; 1 (0)                     ; 245760            ; 0          ; 0    ; 0            ; |top_level|shared_frame_storage:SHARED_RED|frame_ram:bank_1                                                                                       ; frame_ram                 ; work         ;
;          |altsyncram:mem_rtl_0|                    ; 2 (0)               ; 1 (0)                     ; 245760            ; 0          ; 0    ; 0            ; |top_level|shared_frame_storage:SHARED_RED|frame_ram:bank_1|altsyncram:mem_rtl_0                                                                  ; altsyncram                ; work         ;
;             |altsyncram_7dp1:auto_generated|       ; 2 (0)               ; 1 (1)                     ; 245760            ; 0          ; 0    ; 0            ; |top_level|shared_frame_storage:SHARED_RED|frame_ram:bank_1|altsyncram:mem_rtl_0|altsyncram_7dp1:auto_generated                                   ; altsyncram_7dp1           ; work         ;
;                |decode_5la:decode2|                ; 2 (2)               ; 0 (0)                     ; 0                 ; 0          ; 0    ; 0            ; |top_level|shared_frame_storage:SHARED_RED|frame_ram:bank_1|altsyncram:mem_rtl_0|altsyncram_7dp1:auto_generated|decode_5la:decode2                ; decode_5la                ; work         ;
;       |frame_ram:bank_2|                           ; 2 (0)               ; 1 (0)                     ; 245760            ; 0          ; 0    ; 0            ; |top_level|shared_frame_storage:SHARED_RED|frame_ram:bank_2                                                                                       ; frame_ram                 ; work         ;
;          |altsyncram:mem_rtl_0|                    ; 2 (0)               ; 1 (0)                     ; 245760            ; 0          ; 0    ; 0            ; |top_level|shared_frame_storage:SHARED_RED|frame_ram:bank_2|altsyncram:mem_rtl_0                                                                  ; altsyncram                ; work         ;
;             |altsyncram_7dp1:auto_generated|       ; 2 (0)               ; 1 (1)                     ; 245760            ; 0          ; 0    ; 0            ; |top_level|shared_frame_storage:SHARED_RED|frame_ram:bank_2|altsyncram:mem_rtl_0|altsyncram_7dp1:auto_generated                                   ; altsyncram_7dp1           ; work         ;
;                |decode_5la:decode2|                ; 2 (2)               ; 0 (0)                     ; 0                 ; 0          ; 0    ; 0            ; |top_level|shared_frame_storage:SHARED_RED|frame_ram:bank_2|altsyncram:mem_rtl_0|altsyncram_7dp1:auto_generated|decode_5la:decode2                ; decode_5la                ; work         ;
;       |frame_ram:bank_3|                           ; 2 (0)               ; 1 (0)                     ; 245760            ; 0          ; 0    ; 0            ; |top_level|shared_frame_storage:SHARED_RED|frame_ram:bank_3                                                                                       ; frame_ram                 ; work         ;
;          |altsyncram:mem_rtl_0|                    ; 2 (0)               ; 1 (0)                     ; 245760            ; 0          ; 0    ; 0            ; |top_level|shared_frame_storage:SHARED_RED|frame_ram:bank_3|altsyncram:mem_rtl_0                                                                  ; altsyncram                ; work         ;
;             |altsyncram_7dp1:auto_generated|       ; 2 (0)               ; 1 (1)                     ; 245760            ; 0          ; 0    ; 0            ; |top_level|shared_frame_storage:SHARED_RED|frame_ram:bank_3|altsyncram:mem_rtl_0|altsyncram_7dp1:auto_generated                                   ; altsyncram_7dp1           ; work         ;
;                |decode_5la:decode2|                ; 2 (2)               ; 0 (0)                     ; 0                 ; 0          ; 0    ; 0            ; |top_level|shared_frame_storage:SHARED_RED|frame_ram:bank_3|altsyncram:mem_rtl_0|altsyncram_7dp1:auto_generated|decode_5la:decode2                ; decode_5la                ; work         ;
;       |frame_ram:bank_4|                           ; 2 (0)               ; 1 (0)                     ; 245760            ; 0          ; 0    ; 0            ; |top_level|shared_frame_storage:SHARED_RED|frame_ram:bank_4                                                                                       ; frame_ram                 ; work         ;
;          |altsyncram:mem_rtl_0|                    ; 2 (0)               ; 1 (0)                     ; 245760            ; 0          ; 0    ; 0            ; |top_level|shared_frame_storage:SHARED_RED|frame_ram:bank_4|altsyncram:mem_rtl_0                                                                  ; altsyncram                ; work         ;
;             |altsyncram_7dp1:auto_generated|       ; 2 (0)               ; 1 (1)                     ; 245760            ; 0          ; 0    ; 0            ; |top_level|shared_frame_storage:SHARED_RED|frame_ram:bank_4|altsyncram:mem_rtl_0|altsyncram_7dp1:auto_generated                                   ; altsyncram_7dp1           ; work         ;
;                |decode_5la:decode2|                ; 2 (2)               ; 0 (0)                     ; 0                 ; 0          ; 0    ; 0            ; |top_level|shared_frame_storage:SHARED_RED|frame_ram:bank_4|altsyncram:mem_rtl_0|altsyncram_7dp1:auto_generated|decode_5la:decode2                ; decode_5la                ; work         ;
;       |frame_ram:bank_5|                           ; 17 (0)              ; 1 (0)                     ; 245760            ; 0          ; 0    ; 0            ; |top_level|shared_frame_storage:SHARED_RED|frame_ram:bank_5                                                                                       ; frame_ram                 ; work         ;
;          |altsyncram:mem_rtl_0|                    ; 17 (0)              ; 1 (0)                     ; 245760            ; 0          ; 0    ; 0            ; |top_level|shared_frame_storage:SHARED_RED|frame_ram:bank_5|altsyncram:mem_rtl_0                                                                  ; altsyncram                ; work         ;
;             |altsyncram_7dp1:auto_generated|       ; 17 (0)              ; 1 (1)                     ; 245760            ; 0          ; 0    ; 0            ; |top_level|shared_frame_storage:SHARED_RED|frame_ram:bank_5|altsyncram:mem_rtl_0|altsyncram_7dp1:auto_generated                                   ; altsyncram_7dp1           ; work         ;
;                |decode_5la:decode2|                ; 2 (2)               ; 0 (0)                     ; 0                 ; 0          ; 0    ; 0            ; |top_level|shared_frame_storage:SHARED_RED|frame_ram:bank_5|altsyncram:mem_rtl_0|altsyncram_7dp1:auto_generated|decode_5la:decode2                ; decode_5la                ; work         ;
;                |mux_3hb:mux3|                      ; 15 (15)             ; 0 (0)                     ; 0                 ; 0          ; 0    ; 0            ; |top_level|shared_frame_storage:SHARED_RED|frame_ram:bank_5|altsyncram:mem_rtl_0|altsyncram_7dp1:auto_generated|mux_3hb:mux3                      ; mux_3hb                   ; work         ;
;       |frame_ram:bank_6|                           ; 17 (0)              ; 1 (0)                     ; 245760            ; 0          ; 0    ; 0            ; |top_level|shared_frame_storage:SHARED_RED|frame_ram:bank_6                                                                                       ; frame_ram                 ; work         ;
;          |altsyncram:mem_rtl_0|                    ; 17 (0)              ; 1 (0)                     ; 245760            ; 0          ; 0    ; 0            ; |top_level|shared_frame_storage:SHARED_RED|frame_ram:bank_6|altsyncram:mem_rtl_0                                                                  ; altsyncram                ; work         ;
;             |altsyncram_7dp1:auto_generated|       ; 17 (0)              ; 1 (1)                     ; 245760            ; 0          ; 0    ; 0            ; |top_level|shared_frame_storage:SHARED_RED|frame_ram:bank_6|altsyncram:mem_rtl_0|altsyncram_7dp1:auto_generated                                   ; altsyncram_7dp1           ; work         ;
;                |decode_5la:decode2|                ; 2 (2)               ; 0 (0)                     ; 0                 ; 0          ; 0    ; 0            ; |top_level|shared_frame_storage:SHARED_RED|frame_ram:bank_6|altsyncram:mem_rtl_0|altsyncram_7dp1:auto_generated|decode_5la:decode2                ; decode_5la                ; work         ;
;                |mux_3hb:mux3|                      ; 15 (15)             ; 0 (0)                     ; 0                 ; 0          ; 0    ; 0            ; |top_level|shared_frame_storage:SHARED_RED|frame_ram:bank_6|altsyncram:mem_rtl_0|altsyncram_7dp1:auto_generated|mux_3hb:mux3                      ; mux_3hb                   ; work         ;
;       |frame_ram:bank_7|                           ; 17 (0)              ; 1 (0)                     ; 245760            ; 0          ; 0    ; 0            ; |top_level|shared_frame_storage:SHARED_RED|frame_ram:bank_7                                                                                       ; frame_ram                 ; work         ;
;          |altsyncram:mem_rtl_0|                    ; 17 (0)              ; 1 (0)                     ; 245760            ; 0          ; 0    ; 0            ; |top_level|shared_frame_storage:SHARED_RED|frame_ram:bank_7|altsyncram:mem_rtl_0                                                                  ; altsyncram                ; work         ;
;             |altsyncram_7dp1:auto_generated|       ; 17 (0)              ; 1 (1)                     ; 245760            ; 0          ; 0    ; 0            ; |top_level|shared_frame_storage:SHARED_RED|frame_ram:bank_7|altsyncram:mem_rtl_0|altsyncram_7dp1:auto_generated                                   ; altsyncram_7dp1           ; work         ;
;                |decode_5la:decode2|                ; 2 (2)               ; 0 (0)                     ; 0                 ; 0          ; 0    ; 0            ; |top_level|shared_frame_storage:SHARED_RED|frame_ram:bank_7|altsyncram:mem_rtl_0|altsyncram_7dp1:auto_generated|decode_5la:decode2                ; decode_5la                ; work         ;
;                |mux_3hb:mux3|                      ; 15 (15)             ; 0 (0)                     ; 0                 ; 0          ; 0    ; 0            ; |top_level|shared_frame_storage:SHARED_RED|frame_ram:bank_7|altsyncram:mem_rtl_0|altsyncram_7dp1:auto_generated|mux_3hb:mux3                      ; mux_3hb                   ; work         ;
;       |frame_ram:bank_8v|                          ; 2 (0)               ; 1 (0)                     ; 245760            ; 0          ; 0    ; 0            ; |top_level|shared_frame_storage:SHARED_RED|frame_ram:bank_8v                                                                                      ; frame_ram                 ; work         ;
;          |altsyncram:mem_rtl_0|                    ; 2 (0)               ; 1 (0)                     ; 245760            ; 0          ; 0    ; 0            ; |top_level|shared_frame_storage:SHARED_RED|frame_ram:bank_8v|altsyncram:mem_rtl_0                                                                 ; altsyncram                ; work         ;
;             |altsyncram_7dp1:auto_generated|       ; 2 (0)               ; 1 (1)                     ; 245760            ; 0          ; 0    ; 0            ; |top_level|shared_frame_storage:SHARED_RED|frame_ram:bank_8v|altsyncram:mem_rtl_0|altsyncram_7dp1:auto_generated                                  ; altsyncram_7dp1           ; work         ;
;                |decode_5la:decode2|                ; 2 (2)               ; 0 (0)                     ; 0                 ; 0          ; 0    ; 0            ; |top_level|shared_frame_storage:SHARED_RED|frame_ram:bank_8v|altsyncram:mem_rtl_0|altsyncram_7dp1:auto_generated|decode_5la:decode2               ; decode_5la                ; work         ;
;       |frame_ram:bank_8|                           ; 11 (0)              ; 1 (0)                     ; 245760            ; 0          ; 0    ; 0            ; |top_level|shared_frame_storage:SHARED_RED|frame_ram:bank_8                                                                                       ; frame_ram                 ; work         ;
;          |altsyncram:mem_rtl_0|                    ; 11 (0)              ; 1 (0)                     ; 245760            ; 0          ; 0    ; 0            ; |top_level|shared_frame_storage:SHARED_RED|frame_ram:bank_8|altsyncram:mem_rtl_0                                                                  ; altsyncram                ; work         ;
;             |altsyncram_7dp1:auto_generated|       ; 11 (0)              ; 1 (1)                     ; 245760            ; 0          ; 0    ; 0            ; |top_level|shared_frame_storage:SHARED_RED|frame_ram:bank_8|altsyncram:mem_rtl_0|altsyncram_7dp1:auto_generated                                   ; altsyncram_7dp1           ; work         ;
;                |decode_5la:decode2|                ; 2 (2)               ; 0 (0)                     ; 0                 ; 0          ; 0    ; 0            ; |top_level|shared_frame_storage:SHARED_RED|frame_ram:bank_8|altsyncram:mem_rtl_0|altsyncram_7dp1:auto_generated|decode_5la:decode2                ; decode_5la                ; work         ;
;                |mux_3hb:mux3|                      ; 9 (9)               ; 0 (0)                     ; 0                 ; 0          ; 0    ; 0            ; |top_level|shared_frame_storage:SHARED_RED|frame_ram:bank_8|altsyncram:mem_rtl_0|altsyncram_7dp1:auto_generated|mux_3hb:mux3                      ; mux_3hb                   ; work         ;
;       |frame_ram:bank_9|                           ; 17 (0)              ; 1 (0)                     ; 245760            ; 0          ; 0    ; 0            ; |top_level|shared_frame_storage:SHARED_RED|frame_ram:bank_9                                                                                       ; frame_ram                 ; work         ;
;          |altsyncram:mem_rtl_0|                    ; 17 (0)              ; 1 (0)                     ; 245760            ; 0          ; 0    ; 0            ; |top_level|shared_frame_storage:SHARED_RED|frame_ram:bank_9|altsyncram:mem_rtl_0                                                                  ; altsyncram                ; work         ;
;             |altsyncram_7dp1:auto_generated|       ; 17 (0)              ; 1 (1)                     ; 245760            ; 0          ; 0    ; 0            ; |top_level|shared_frame_storage:SHARED_RED|frame_ram:bank_9|altsyncram:mem_rtl_0|altsyncram_7dp1:auto_generated                                   ; altsyncram_7dp1           ; work         ;
;                |decode_5la:decode2|                ; 2 (2)               ; 0 (0)                     ; 0                 ; 0          ; 0    ; 0            ; |top_level|shared_frame_storage:SHARED_RED|frame_ram:bank_9|altsyncram:mem_rtl_0|altsyncram_7dp1:auto_generated|decode_5la:decode2                ; decode_5la                ; work         ;
;                |mux_3hb:mux3|                      ; 15 (15)             ; 0 (0)                     ; 0                 ; 0          ; 0    ; 0            ; |top_level|shared_frame_storage:SHARED_RED|frame_ram:bank_9|altsyncram:mem_rtl_0|altsyncram_7dp1:auto_generated|mux_3hb:mux3                      ; mux_3hb                   ; work         ;
+----------------------------------------------------+---------------------+---------------------------+-------------------+------------+------+--------------+---------------------------------------------------------------------------------------------------------------------------------------------------+---------------------------+--------------+
Note: For table entries with two numbers listed, the numbers in parentheses indicate the number of resources of the given type used by the specific entity alone. The numbers listed outside of parentheses indicate the total resources of the given type used by the specific entity and all of its sub-entities in the hierarchy.


+---------------------------------------------------------------------------------------------------------------------------------------------------------------------------------------------------------------------------------------------------------------+
; Analysis & Synthesis RAM Summary                                                                                                                                                                                                                              ;
+---------------------------------------------------------------------------------------------------------------------------------------------------+------------+------------------+--------------+--------------+--------------+--------------+--------+------+
; Name                                                                                                                                              ; Type       ; Mode             ; Port A Depth ; Port A Width ; Port B Depth ; Port B Width ; Size   ; MIF  ;
+---------------------------------------------------------------------------------------------------------------------------------------------------+------------+------------------+--------------+--------------+--------------+--------------+--------+------+
; bit_shift_low_pass_filter:BSLPF_RED|altshift_taps:pixel_buffer_rtl_0|shift_taps_hjv:auto_generated|altsyncram_b2a1:altsyncram5|ALTSYNCRAM         ; AUTO       ; Simple Dual Port ; 122          ; 48           ; 122          ; 48           ; 5856   ; None ;
; confidence_computer:CONF_COMP_RED|altshift_taps:derivative_row_idx_out_rtl_0|shift_taps_9vu:auto_generated|altsyncram_gr91:altsyncram4|ALTSYNCRAM ; AUTO       ; Simple Dual Port ; 3            ; 32           ; 3            ; 32           ; 96     ; None ;
; disparity_estimator:DISP_EST_RED|altshift_taps:sum1_orientation_rtl_0|shift_taps_o0v:auto_generated|altsyncram_dv91:altsyncram5|ALTSYNCRAM        ; AUTO       ; Simple Dual Port ; 58           ; 15           ; 58           ; 15           ; 870    ; None ;
; fused_aligned_output:FAO_RED|altshift_taps:crop_ok_4d_rtl_0|shift_taps_d0v:auto_generated|altsyncram_ru91:altsyncram5|ALTSYNCRAM                  ; AUTO       ; Simple Dual Port ; 42           ; 31           ; 42           ; 31           ; 1302   ; None ;
; shared_frame_storage:SHARED_RED|frame_ram:bank_0|altsyncram:mem_rtl_0|altsyncram_7dp1:auto_generated|ALTSYNCRAM                                   ; M10K block ; Simple Dual Port ; 16384        ; 15           ; 16384        ; 15           ; 245760 ; None ;
; shared_frame_storage:SHARED_RED|frame_ram:bank_10|altsyncram:mem_rtl_0|altsyncram_7dp1:auto_generated|ALTSYNCRAM                                  ; M10K block ; Simple Dual Port ; 16384        ; 15           ; 16384        ; 15           ; 245760 ; None ;
; shared_frame_storage:SHARED_RED|frame_ram:bank_11|altsyncram:mem_rtl_0|altsyncram_7dp1:auto_generated|ALTSYNCRAM                                  ; M10K block ; Simple Dual Port ; 16384        ; 15           ; 16384        ; 15           ; 245760 ; None ;
; shared_frame_storage:SHARED_RED|frame_ram:bank_1|altsyncram:mem_rtl_0|altsyncram_7dp1:auto_generated|ALTSYNCRAM                                   ; M10K block ; Simple Dual Port ; 16384        ; 15           ; 16384        ; 15           ; 245760 ; None ;
; shared_frame_storage:SHARED_RED|frame_ram:bank_2|altsyncram:mem_rtl_0|altsyncram_7dp1:auto_generated|ALTSYNCRAM                                   ; M10K block ; Simple Dual Port ; 16384        ; 15           ; 16384        ; 15           ; 245760 ; None ;
; shared_frame_storage:SHARED_RED|frame_ram:bank_3|altsyncram:mem_rtl_0|altsyncram_7dp1:auto_generated|ALTSYNCRAM                                   ; M10K block ; Simple Dual Port ; 16384        ; 15           ; 16384        ; 15           ; 245760 ; None ;
; shared_frame_storage:SHARED_RED|frame_ram:bank_4|altsyncram:mem_rtl_0|altsyncram_7dp1:auto_generated|ALTSYNCRAM                                   ; M10K block ; Simple Dual Port ; 16384        ; 15           ; 16384        ; 15           ; 245760 ; None ;
; shared_frame_storage:SHARED_RED|frame_ram:bank_5|altsyncram:mem_rtl_0|altsyncram_7dp1:auto_generated|ALTSYNCRAM                                   ; M10K block ; Simple Dual Port ; 16384        ; 15           ; 16384        ; 15           ; 245760 ; None ;
; shared_frame_storage:SHARED_RED|frame_ram:bank_6|altsyncram:mem_rtl_0|altsyncram_7dp1:auto_generated|ALTSYNCRAM                                   ; M10K block ; Simple Dual Port ; 16384        ; 15           ; 16384        ; 15           ; 245760 ; None ;
; shared_frame_storage:SHARED_RED|frame_ram:bank_7|altsyncram:mem_rtl_0|altsyncram_7dp1:auto_generated|ALTSYNCRAM                                   ; M10K block ; Simple Dual Port ; 16384        ; 15           ; 16384        ; 15           ; 245760 ; None ;
; shared_frame_storage:SHARED_RED|frame_ram:bank_8v|altsyncram:mem_rtl_0|altsyncram_7dp1:auto_generated|ALTSYNCRAM                                  ; M10K block ; Simple Dual Port ; 16384        ; 15           ; 16384        ; 15           ; 245760 ; None ;
; shared_frame_storage:SHARED_RED|frame_ram:bank_8|altsyncram:mem_rtl_0|altsyncram_7dp1:auto_generated|ALTSYNCRAM                                   ; M10K block ; Simple Dual Port ; 16384        ; 15           ; 16384        ; 15           ; 245760 ; None ;
; shared_frame_storage:SHARED_RED|frame_ram:bank_9|altsyncram:mem_rtl_0|altsyncram_7dp1:auto_generated|ALTSYNCRAM                                   ; M10K block ; Simple Dual Port ; 16384        ; 15           ; 16384        ; 15           ; 245760 ; None ;
+---------------------------------------------------------------------------------------------------------------------------------------------------+------------+------------------+--------------+--------------+--------------+--------------+--------+------+


+-------------------------------------------------+
; Analysis & Synthesis DSP Block Usage Summary    ;
+-----------------------------------+-------------+
; Statistic                         ; Number Used ;
+-----------------------------------+-------------+
; Two Independent 18x18             ; 2           ;
; Sum of two 18x18                  ; 6           ;
; Independent 27x27                 ; 2           ;
; Total number of DSP blocks        ; 10          ;
;                                   ;             ;
; Fixed Point Signed Multiplier     ; 14          ;
; Fixed Point Mixed Sign Multiplier ; 2           ;
+-----------------------------------+-------------+


+----------------------------------------------------------------------------------------------------------------------------------------------------------------------+
; Registers Protected by Synthesis                                                                                                                                     ;
+------------------------------------------------------+------------------------------------------------------------------+--------------------------------------------+
; Register Name                                        ; Protected by Synthesis Attribute or Preserve Register Assignment ; Not to be Touched by Netlist Optimizations ;
+------------------------------------------------------+------------------------------------------------------------------+--------------------------------------------+
; shared_frame_storage:SHARED_RED|bank8_rd_addr_q[0]   ; yes                                                              ; yes                                        ;
; shared_frame_storage:SHARED_RED|bank8_rd_addr_q[1]   ; yes                                                              ; yes                                        ;
; shared_frame_storage:SHARED_RED|bank8_rd_addr_q[2]   ; yes                                                              ; yes                                        ;
; shared_frame_storage:SHARED_RED|bank8_rd_addr_q[3]   ; yes                                                              ; yes                                        ;
; shared_frame_storage:SHARED_RED|bank8_rd_addr_q[4]   ; yes                                                              ; yes                                        ;
; shared_frame_storage:SHARED_RED|bank8_rd_addr_q[5]   ; yes                                                              ; yes                                        ;
; shared_frame_storage:SHARED_RED|bank8_rd_addr_q[6]   ; yes                                                              ; yes                                        ;
; shared_frame_storage:SHARED_RED|bank8_rd_addr_q[7]   ; yes                                                              ; yes                                        ;
; shared_frame_storage:SHARED_RED|bank8_rd_addr_q[8]   ; yes                                                              ; yes                                        ;
; shared_frame_storage:SHARED_RED|bank8_rd_addr_q[9]   ; yes                                                              ; yes                                        ;
; shared_frame_storage:SHARED_RED|bank8_rd_addr_q[10]  ; yes                                                              ; yes                                        ;
; shared_frame_storage:SHARED_RED|bank8_rd_addr_q[11]  ; yes                                                              ; yes                                        ;
; shared_frame_storage:SHARED_RED|bank8_rd_addr_q[12]  ; yes                                                              ; yes                                        ;
; shared_frame_storage:SHARED_RED|bank8_rd_addr_q[13]  ; yes                                                              ; yes                                        ;
; shared_frame_storage:SHARED_RED|bank7_rd_addr_q[0]   ; yes                                                              ; yes                                        ;
; shared_frame_storage:SHARED_RED|bank7_rd_addr_q[1]   ; yes                                                              ; yes                                        ;
; shared_frame_storage:SHARED_RED|bank7_rd_addr_q[2]   ; yes                                                              ; yes                                        ;
; shared_frame_storage:SHARED_RED|bank7_rd_addr_q[3]   ; yes                                                              ; yes                                        ;
; shared_frame_storage:SHARED_RED|bank7_rd_addr_q[4]   ; yes                                                              ; yes                                        ;
; shared_frame_storage:SHARED_RED|bank7_rd_addr_q[5]   ; yes                                                              ; yes                                        ;
; shared_frame_storage:SHARED_RED|bank7_rd_addr_q[6]   ; yes                                                              ; yes                                        ;
; shared_frame_storage:SHARED_RED|bank7_rd_addr_q[7]   ; yes                                                              ; yes                                        ;
; shared_frame_storage:SHARED_RED|bank7_rd_addr_q[8]   ; yes                                                              ; yes                                        ;
; shared_frame_storage:SHARED_RED|bank7_rd_addr_q[9]   ; yes                                                              ; yes                                        ;
; shared_frame_storage:SHARED_RED|bank7_rd_addr_q[10]  ; yes                                                              ; yes                                        ;
; shared_frame_storage:SHARED_RED|bank7_rd_addr_q[11]  ; yes                                                              ; yes                                        ;
; shared_frame_storage:SHARED_RED|bank7_rd_addr_q[12]  ; yes                                                              ; yes                                        ;
; shared_frame_storage:SHARED_RED|bank7_rd_addr_q[13]  ; yes                                                              ; yes                                        ;
; shared_frame_storage:SHARED_RED|bank6_rd_addr_q[0]   ; yes                                                              ; yes                                        ;
; shared_frame_storage:SHARED_RED|bank6_rd_addr_q[1]   ; yes                                                              ; yes                                        ;
; shared_frame_storage:SHARED_RED|bank6_rd_addr_q[2]   ; yes                                                              ; yes                                        ;
; shared_frame_storage:SHARED_RED|bank6_rd_addr_q[3]   ; yes                                                              ; yes                                        ;
; shared_frame_storage:SHARED_RED|bank6_rd_addr_q[4]   ; yes                                                              ; yes                                        ;
; shared_frame_storage:SHARED_RED|bank6_rd_addr_q[5]   ; yes                                                              ; yes                                        ;
; shared_frame_storage:SHARED_RED|bank6_rd_addr_q[6]   ; yes                                                              ; yes                                        ;
; shared_frame_storage:SHARED_RED|bank6_rd_addr_q[7]   ; yes                                                              ; yes                                        ;
; shared_frame_storage:SHARED_RED|bank6_rd_addr_q[8]   ; yes                                                              ; yes                                        ;
; shared_frame_storage:SHARED_RED|bank6_rd_addr_q[9]   ; yes                                                              ; yes                                        ;
; shared_frame_storage:SHARED_RED|bank6_rd_addr_q[10]  ; yes                                                              ; yes                                        ;
; shared_frame_storage:SHARED_RED|bank6_rd_addr_q[11]  ; yes                                                              ; yes                                        ;
; shared_frame_storage:SHARED_RED|bank6_rd_addr_q[12]  ; yes                                                              ; yes                                        ;
; shared_frame_storage:SHARED_RED|bank6_rd_addr_q[13]  ; yes                                                              ; yes                                        ;
; shared_frame_storage:SHARED_RED|bank5_rd_addr_q[0]   ; yes                                                              ; yes                                        ;
; shared_frame_storage:SHARED_RED|bank5_rd_addr_q[1]   ; yes                                                              ; yes                                        ;
; shared_frame_storage:SHARED_RED|bank5_rd_addr_q[2]   ; yes                                                              ; yes                                        ;
; shared_frame_storage:SHARED_RED|bank5_rd_addr_q[3]   ; yes                                                              ; yes                                        ;
; shared_frame_storage:SHARED_RED|bank5_rd_addr_q[4]   ; yes                                                              ; yes                                        ;
; shared_frame_storage:SHARED_RED|bank5_rd_addr_q[5]   ; yes                                                              ; yes                                        ;
; shared_frame_storage:SHARED_RED|bank5_rd_addr_q[6]   ; yes                                                              ; yes                                        ;
; shared_frame_storage:SHARED_RED|bank5_rd_addr_q[7]   ; yes                                                              ; yes                                        ;
; shared_frame_storage:SHARED_RED|bank5_rd_addr_q[8]   ; yes                                                              ; yes                                        ;
; shared_frame_storage:SHARED_RED|bank5_rd_addr_q[9]   ; yes                                                              ; yes                                        ;
; shared_frame_storage:SHARED_RED|bank5_rd_addr_q[10]  ; yes                                                              ; yes                                        ;
; shared_frame_storage:SHARED_RED|bank5_rd_addr_q[11]  ; yes                                                              ; yes                                        ;
; shared_frame_storage:SHARED_RED|bank5_rd_addr_q[12]  ; yes                                                              ; yes                                        ;
; shared_frame_storage:SHARED_RED|bank5_rd_addr_q[13]  ; yes                                                              ; yes                                        ;
; shared_frame_storage:SHARED_RED|bank11_rd_addr_q[0]  ; yes                                                              ; yes                                        ;
; shared_frame_storage:SHARED_RED|bank11_rd_addr_q[1]  ; yes                                                              ; yes                                        ;
; shared_frame_storage:SHARED_RED|bank11_rd_addr_q[2]  ; yes                                                              ; yes                                        ;
; shared_frame_storage:SHARED_RED|bank11_rd_addr_q[3]  ; yes                                                              ; yes                                        ;
; shared_frame_storage:SHARED_RED|bank11_rd_addr_q[4]  ; yes                                                              ; yes                                        ;
; shared_frame_storage:SHARED_RED|bank11_rd_addr_q[5]  ; yes                                                              ; yes                                        ;
; shared_frame_storage:SHARED_RED|bank11_rd_addr_q[6]  ; yes                                                              ; yes                                        ;
; shared_frame_storage:SHARED_RED|bank11_rd_addr_q[7]  ; yes                                                              ; yes                                        ;
; shared_frame_storage:SHARED_RED|bank11_rd_addr_q[8]  ; yes                                                              ; yes                                        ;
; shared_frame_storage:SHARED_RED|bank11_rd_addr_q[9]  ; yes                                                              ; yes                                        ;
; shared_frame_storage:SHARED_RED|bank11_rd_addr_q[10] ; yes                                                              ; yes                                        ;
; shared_frame_storage:SHARED_RED|bank11_rd_addr_q[11] ; yes                                                              ; yes                                        ;
; shared_frame_storage:SHARED_RED|bank11_rd_addr_q[12] ; yes                                                              ; yes                                        ;
; shared_frame_storage:SHARED_RED|bank11_rd_addr_q[13] ; yes                                                              ; yes                                        ;
; shared_frame_storage:SHARED_RED|bank10_rd_addr_q[0]  ; yes                                                              ; yes                                        ;
; shared_frame_storage:SHARED_RED|bank10_rd_addr_q[1]  ; yes                                                              ; yes                                        ;
; shared_frame_storage:SHARED_RED|bank10_rd_addr_q[2]  ; yes                                                              ; yes                                        ;
; shared_frame_storage:SHARED_RED|bank10_rd_addr_q[3]  ; yes                                                              ; yes                                        ;
; shared_frame_storage:SHARED_RED|bank10_rd_addr_q[4]  ; yes                                                              ; yes                                        ;
; shared_frame_storage:SHARED_RED|bank10_rd_addr_q[5]  ; yes                                                              ; yes                                        ;
; shared_frame_storage:SHARED_RED|bank10_rd_addr_q[6]  ; yes                                                              ; yes                                        ;
; shared_frame_storage:SHARED_RED|bank10_rd_addr_q[7]  ; yes                                                              ; yes                                        ;
; shared_frame_storage:SHARED_RED|bank10_rd_addr_q[8]  ; yes                                                              ; yes                                        ;
; shared_frame_storage:SHARED_RED|bank10_rd_addr_q[9]  ; yes                                                              ; yes                                        ;
; shared_frame_storage:SHARED_RED|bank10_rd_addr_q[10] ; yes                                                              ; yes                                        ;
; shared_frame_storage:SHARED_RED|bank10_rd_addr_q[11] ; yes                                                              ; yes                                        ;
; shared_frame_storage:SHARED_RED|bank10_rd_addr_q[12] ; yes                                                              ; yes                                        ;
; shared_frame_storage:SHARED_RED|bank10_rd_addr_q[13] ; yes                                                              ; yes                                        ;
; shared_frame_storage:SHARED_RED|bank9_rd_addr_q[0]   ; yes                                                              ; yes                                        ;
; shared_frame_storage:SHARED_RED|bank9_rd_addr_q[1]   ; yes                                                              ; yes                                        ;
; shared_frame_storage:SHARED_RED|bank9_rd_addr_q[2]   ; yes                                                              ; yes                                        ;
; shared_frame_storage:SHARED_RED|bank9_rd_addr_q[3]   ; yes                                                              ; yes                                        ;
; shared_frame_storage:SHARED_RED|bank9_rd_addr_q[4]   ; yes                                                              ; yes                                        ;
; shared_frame_storage:SHARED_RED|bank9_rd_addr_q[5]   ; yes                                                              ; yes                                        ;
; shared_frame_storage:SHARED_RED|bank9_rd_addr_q[6]   ; yes                                                              ; yes                                        ;
; shared_frame_storage:SHARED_RED|bank9_rd_addr_q[7]   ; yes                                                              ; yes                                        ;
; shared_frame_storage:SHARED_RED|bank9_rd_addr_q[8]   ; yes                                                              ; yes                                        ;
; shared_frame_storage:SHARED_RED|bank9_rd_addr_q[9]   ; yes                                                              ; yes                                        ;
; shared_frame_storage:SHARED_RED|bank9_rd_addr_q[10]  ; yes                                                              ; yes                                        ;
; shared_frame_storage:SHARED_RED|bank9_rd_addr_q[11]  ; yes                                                              ; yes                                        ;
; shared_frame_storage:SHARED_RED|bank9_rd_addr_q[12]  ; yes                                                              ; yes                                        ;
; shared_frame_storage:SHARED_RED|bank9_rd_addr_q[13]  ; yes                                                              ; yes                                        ;
; shared_frame_storage:SHARED_RED|bank8v_rd_addr_q[0]  ; yes                                                              ; yes                                        ;
; shared_frame_storage:SHARED_RED|bank8v_rd_addr_q[1]  ; yes                                                              ; yes                                        ;
; shared_frame_storage:SHARED_RED|bank8v_rd_addr_q[2]  ; yes                                                              ; yes                                        ;
; shared_frame_storage:SHARED_RED|bank8v_rd_addr_q[3]  ; yes                                                              ; yes                                        ;
; shared_frame_storage:SHARED_RED|bank8v_rd_addr_q[4]  ; yes                                                              ; yes                                        ;
; shared_frame_storage:SHARED_RED|bank8v_rd_addr_q[5]  ; yes                                                              ; yes                                        ;
; shared_frame_storage:SHARED_RED|bank8v_rd_addr_q[6]  ; yes                                                              ; yes                                        ;
; shared_frame_storage:SHARED_RED|bank8v_rd_addr_q[7]  ; yes                                                              ; yes                                        ;
; shared_frame_storage:SHARED_RED|bank8v_rd_addr_q[8]  ; yes                                                              ; yes                                        ;
; shared_frame_storage:SHARED_RED|bank8v_rd_addr_q[9]  ; yes                                                              ; yes                                        ;
; shared_frame_storage:SHARED_RED|bank8v_rd_addr_q[10] ; yes                                                              ; yes                                        ;
; shared_frame_storage:SHARED_RED|bank8v_rd_addr_q[11] ; yes                                                              ; yes                                        ;
; shared_frame_storage:SHARED_RED|bank8v_rd_addr_q[12] ; yes                                                              ; yes                                        ;
; shared_frame_storage:SHARED_RED|bank8v_rd_addr_q[13] ; yes                                                              ; yes                                        ;
; shared_frame_storage:SHARED_RED|bank4_rd_addr_q[0]   ; yes                                                              ; yes                                        ;
; shared_frame_storage:SHARED_RED|bank4_rd_addr_q[1]   ; yes                                                              ; yes                                        ;
; shared_frame_storage:SHARED_RED|bank4_rd_addr_q[2]   ; yes                                                              ; yes                                        ;
; shared_frame_storage:SHARED_RED|bank4_rd_addr_q[3]   ; yes                                                              ; yes                                        ;
; shared_frame_storage:SHARED_RED|bank4_rd_addr_q[4]   ; yes                                                              ; yes                                        ;
; shared_frame_storage:SHARED_RED|bank4_rd_addr_q[5]   ; yes                                                              ; yes                                        ;
; shared_frame_storage:SHARED_RED|bank4_rd_addr_q[6]   ; yes                                                              ; yes                                        ;
; shared_frame_storage:SHARED_RED|bank4_rd_addr_q[7]   ; yes                                                              ; yes                                        ;
; shared_frame_storage:SHARED_RED|bank4_rd_addr_q[8]   ; yes                                                              ; yes                                        ;
; shared_frame_storage:SHARED_RED|bank4_rd_addr_q[9]   ; yes                                                              ; yes                                        ;
; shared_frame_storage:SHARED_RED|bank4_rd_addr_q[10]  ; yes                                                              ; yes                                        ;
; shared_frame_storage:SHARED_RED|bank4_rd_addr_q[11]  ; yes                                                              ; yes                                        ;
; shared_frame_storage:SHARED_RED|bank4_rd_addr_q[12]  ; yes                                                              ; yes                                        ;
; shared_frame_storage:SHARED_RED|bank4_rd_addr_q[13]  ; yes                                                              ; yes                                        ;
; shared_frame_storage:SHARED_RED|bank3_rd_addr_q[0]   ; yes                                                              ; yes                                        ;
; shared_frame_storage:SHARED_RED|bank3_rd_addr_q[1]   ; yes                                                              ; yes                                        ;
; shared_frame_storage:SHARED_RED|bank3_rd_addr_q[2]   ; yes                                                              ; yes                                        ;
; shared_frame_storage:SHARED_RED|bank3_rd_addr_q[3]   ; yes                                                              ; yes                                        ;
; shared_frame_storage:SHARED_RED|bank3_rd_addr_q[4]   ; yes                                                              ; yes                                        ;
; shared_frame_storage:SHARED_RED|bank3_rd_addr_q[5]   ; yes                                                              ; yes                                        ;
; shared_frame_storage:SHARED_RED|bank3_rd_addr_q[6]   ; yes                                                              ; yes                                        ;
; shared_frame_storage:SHARED_RED|bank3_rd_addr_q[7]   ; yes                                                              ; yes                                        ;
; shared_frame_storage:SHARED_RED|bank3_rd_addr_q[8]   ; yes                                                              ; yes                                        ;
; shared_frame_storage:SHARED_RED|bank3_rd_addr_q[9]   ; yes                                                              ; yes                                        ;
; shared_frame_storage:SHARED_RED|bank3_rd_addr_q[10]  ; yes                                                              ; yes                                        ;
; shared_frame_storage:SHARED_RED|bank3_rd_addr_q[11]  ; yes                                                              ; yes                                        ;
; shared_frame_storage:SHARED_RED|bank3_rd_addr_q[12]  ; yes                                                              ; yes                                        ;
; shared_frame_storage:SHARED_RED|bank3_rd_addr_q[13]  ; yes                                                              ; yes                                        ;
; shared_frame_storage:SHARED_RED|bank2_rd_addr_q[0]   ; yes                                                              ; yes                                        ;
; shared_frame_storage:SHARED_RED|bank2_rd_addr_q[1]   ; yes                                                              ; yes                                        ;
; shared_frame_storage:SHARED_RED|bank2_rd_addr_q[2]   ; yes                                                              ; yes                                        ;
; shared_frame_storage:SHARED_RED|bank2_rd_addr_q[3]   ; yes                                                              ; yes                                        ;
; shared_frame_storage:SHARED_RED|bank2_rd_addr_q[4]   ; yes                                                              ; yes                                        ;
; shared_frame_storage:SHARED_RED|bank2_rd_addr_q[5]   ; yes                                                              ; yes                                        ;
; shared_frame_storage:SHARED_RED|bank2_rd_addr_q[6]   ; yes                                                              ; yes                                        ;
; shared_frame_storage:SHARED_RED|bank2_rd_addr_q[7]   ; yes                                                              ; yes                                        ;
; shared_frame_storage:SHARED_RED|bank2_rd_addr_q[8]   ; yes                                                              ; yes                                        ;
; shared_frame_storage:SHARED_RED|bank2_rd_addr_q[9]   ; yes                                                              ; yes                                        ;
; shared_frame_storage:SHARED_RED|bank2_rd_addr_q[10]  ; yes                                                              ; yes                                        ;
; shared_frame_storage:SHARED_RED|bank2_rd_addr_q[11]  ; yes                                                              ; yes                                        ;
; shared_frame_storage:SHARED_RED|bank2_rd_addr_q[12]  ; yes                                                              ; yes                                        ;
; shared_frame_storage:SHARED_RED|bank2_rd_addr_q[13]  ; yes                                                              ; yes                                        ;
; shared_frame_storage:SHARED_RED|bank1_rd_addr_q[0]   ; yes                                                              ; yes                                        ;
; shared_frame_storage:SHARED_RED|bank1_rd_addr_q[1]   ; yes                                                              ; yes                                        ;
; shared_frame_storage:SHARED_RED|bank1_rd_addr_q[2]   ; yes                                                              ; yes                                        ;
; shared_frame_storage:SHARED_RED|bank1_rd_addr_q[3]   ; yes                                                              ; yes                                        ;
; shared_frame_storage:SHARED_RED|bank1_rd_addr_q[4]   ; yes                                                              ; yes                                        ;
; shared_frame_storage:SHARED_RED|bank1_rd_addr_q[5]   ; yes                                                              ; yes                                        ;
; shared_frame_storage:SHARED_RED|bank1_rd_addr_q[6]   ; yes                                                              ; yes                                        ;
; shared_frame_storage:SHARED_RED|bank1_rd_addr_q[7]   ; yes                                                              ; yes                                        ;
; shared_frame_storage:SHARED_RED|bank1_rd_addr_q[8]   ; yes                                                              ; yes                                        ;
; shared_frame_storage:SHARED_RED|bank1_rd_addr_q[9]   ; yes                                                              ; yes                                        ;
; shared_frame_storage:SHARED_RED|bank1_rd_addr_q[10]  ; yes                                                              ; yes                                        ;
; shared_frame_storage:SHARED_RED|bank1_rd_addr_q[11]  ; yes                                                              ; yes                                        ;
; shared_frame_storage:SHARED_RED|bank1_rd_addr_q[12]  ; yes                                                              ; yes                                        ;
; shared_frame_storage:SHARED_RED|bank1_rd_addr_q[13]  ; yes                                                              ; yes                                        ;
; shared_frame_storage:SHARED_RED|bank0_rd_addr_q[0]   ; yes                                                              ; yes                                        ;
; shared_frame_storage:SHARED_RED|bank0_rd_addr_q[1]   ; yes                                                              ; yes                                        ;
; shared_frame_storage:SHARED_RED|bank0_rd_addr_q[2]   ; yes                                                              ; yes                                        ;
; shared_frame_storage:SHARED_RED|bank0_rd_addr_q[3]   ; yes                                                              ; yes                                        ;
; shared_frame_storage:SHARED_RED|bank0_rd_addr_q[4]   ; yes                                                              ; yes                                        ;
; shared_frame_storage:SHARED_RED|bank0_rd_addr_q[5]   ; yes                                                              ; yes                                        ;
; shared_frame_storage:SHARED_RED|bank0_rd_addr_q[6]   ; yes                                                              ; yes                                        ;
; shared_frame_storage:SHARED_RED|bank0_rd_addr_q[7]   ; yes                                                              ; yes                                        ;
; shared_frame_storage:SHARED_RED|bank0_rd_addr_q[8]   ; yes                                                              ; yes                                        ;
; shared_frame_storage:SHARED_RED|bank0_rd_addr_q[9]   ; yes                                                              ; yes                                        ;
; shared_frame_storage:SHARED_RED|bank0_rd_addr_q[10]  ; yes                                                              ; yes                                        ;
; shared_frame_storage:SHARED_RED|bank0_rd_addr_q[11]  ; yes                                                              ; yes                                        ;
; shared_frame_storage:SHARED_RED|bank0_rd_addr_q[12]  ; yes                                                              ; yes                                        ;
; shared_frame_storage:SHARED_RED|bank0_rd_addr_q[13]  ; yes                                                              ; yes                                        ;
; Total number of protected registers is 182           ;                                                                  ;                                            ;
+------------------------------------------------------+------------------------------------------------------------------+--------------------------------------------+


+---------------------------------------------------------------------------------------------------------------------------------------------------------------+
; Registers Removed During Synthesis                                                                                                                            ;
+-------------------------------------------------------------------------+-------------------------------------------------------------------------------------+
; Register name                                                           ; Reason for Removal                                                                  ;
+-------------------------------------------------------------------------+-------------------------------------------------------------------------------------+
; fused_aligned_output:FAO_RED|remainder_pipe[0][0]                       ; Stuck at GND due to stuck port data_in                                              ;
; fused_aligned_output:FAO_RED|remainder_pipe[0][15]                      ; Stuck at GND due to stuck port data_in                                              ;
; fused_aligned_output:FAO_RED|remainder_pipe[0][14]                      ; Stuck at GND due to stuck port data_in                                              ;
; fused_aligned_output:FAO_RED|remainder_pipe[0][13]                      ; Stuck at GND due to stuck port data_in                                              ;
; fused_aligned_output:FAO_RED|remainder_pipe[0][12]                      ; Stuck at GND due to stuck port data_in                                              ;
; fused_aligned_output:FAO_RED|remainder_pipe[0][11]                      ; Stuck at GND due to stuck port data_in                                              ;
; fused_aligned_output:FAO_RED|remainder_pipe[0][10]                      ; Stuck at GND due to stuck port data_in                                              ;
; fused_aligned_output:FAO_RED|remainder_pipe[0][9]                       ; Stuck at GND due to stuck port data_in                                              ;
; fused_aligned_output:FAO_RED|remainder_pipe[0][8]                       ; Stuck at GND due to stuck port data_in                                              ;
; fused_aligned_output:FAO_RED|remainder_pipe[0][7]                       ; Stuck at GND due to stuck port data_in                                              ;
; fused_aligned_output:FAO_RED|remainder_pipe[0][6]                       ; Stuck at GND due to stuck port data_in                                              ;
; fused_aligned_output:FAO_RED|remainder_pipe[0][5]                       ; Stuck at GND due to stuck port data_in                                              ;
; fused_aligned_output:FAO_RED|remainder_pipe[0][4]                       ; Stuck at GND due to stuck port data_in                                              ;
; fused_aligned_output:FAO_RED|remainder_pipe[0][3]                       ; Stuck at GND due to stuck port data_in                                              ;
; fused_aligned_output:FAO_RED|remainder_pipe[0][2]                       ; Stuck at GND due to stuck port data_in                                              ;
; fused_aligned_output:FAO_RED|remainder_pipe[0][1]                       ; Stuck at GND due to stuck port data_in                                              ;
; fused_aligned_output:FAO_RED|shared_wr_data[3][9]                       ; Stuck at GND due to stuck port data_in                                              ;
; fused_aligned_output:FAO_RED|shared_wr_data[3][10]                      ; Stuck at GND due to stuck port data_in                                              ;
; fused_aligned_output:FAO_RED|shared_wr_data[3][11]                      ; Stuck at GND due to stuck port data_in                                              ;
; fused_aligned_output:FAO_RED|shared_wr_data[3][12]                      ; Stuck at GND due to stuck port data_in                                              ;
; fused_aligned_output:FAO_RED|shared_wr_data[3][13]                      ; Stuck at GND due to stuck port data_in                                              ;
; fused_aligned_output:FAO_RED|shared_wr_data[3][14]                      ; Stuck at GND due to stuck port data_in                                              ;
; fused_aligned_output:FAO_RED|max_valid_idx_s0[2]                        ; Stuck at GND due to stuck port data_in                                              ;
; fused_aligned_output:FAO_RED|trim_pixels_s0[0,1,3..6]                   ; Stuck at GND due to stuck port data_in                                              ;
; disparity_estimator:DISP_EST_RED|remainder_pipe[0][0]                   ; Stuck at GND due to stuck port data_in                                              ;
; disparity_estimator:DISP_EST_RED|dividend_pipe[0][15]                   ; Stuck at GND due to stuck port data_in                                              ;
; disparity_estimator:DISP_EST_RED|dividend_pipe[0][14]                   ; Stuck at GND due to stuck port data_in                                              ;
; disparity_estimator:DISP_EST_RED|dividend_pipe[0][13]                   ; Stuck at GND due to stuck port data_in                                              ;
; disparity_estimator:DISP_EST_RED|dividend_pipe[0][12]                   ; Stuck at GND due to stuck port data_in                                              ;
; disparity_estimator:DISP_EST_RED|dividend_pipe[0][11]                   ; Stuck at GND due to stuck port data_in                                              ;
; disparity_estimator:DISP_EST_RED|dividend_pipe[0][10]                   ; Stuck at GND due to stuck port data_in                                              ;
; disparity_estimator:DISP_EST_RED|dividend_pipe[0][9]                    ; Stuck at GND due to stuck port data_in                                              ;
; disparity_estimator:DISP_EST_RED|dividend_pipe[0][8]                    ; Stuck at GND due to stuck port data_in                                              ;
; disparity_estimator:DISP_EST_RED|dividend_pipe[0][7]                    ; Stuck at GND due to stuck port data_in                                              ;
; disparity_estimator:DISP_EST_RED|dividend_pipe[0][6]                    ; Stuck at GND due to stuck port data_in                                              ;
; disparity_estimator:DISP_EST_RED|dividend_pipe[0][5]                    ; Stuck at GND due to stuck port data_in                                              ;
; disparity_estimator:DISP_EST_RED|dividend_pipe[0][4]                    ; Stuck at GND due to stuck port data_in                                              ;
; disparity_estimator:DISP_EST_RED|dividend_pipe[0][3]                    ; Stuck at GND due to stuck port data_in                                              ;
; disparity_estimator:DISP_EST_RED|dividend_pipe[0][2]                    ; Stuck at GND due to stuck port data_in                                              ;
; disparity_estimator:DISP_EST_RED|dividend_pipe[0][1]                    ; Stuck at GND due to stuck port data_in                                              ;
; disparity_estimator:DISP_EST_RED|dividend_pipe[0][0]                    ; Stuck at GND due to stuck port data_in                                              ;
; disparity_estimator:DISP_EST_RED|remainder_pipe[0][37]                  ; Stuck at GND due to stuck port data_in                                              ;
; disparity_estimator:DISP_EST_RED|remainder_pipe[0][36]                  ; Stuck at GND due to stuck port data_in                                              ;
; disparity_estimator:DISP_EST_RED|remainder_pipe[0][35]                  ; Stuck at GND due to stuck port data_in                                              ;
; disparity_estimator:DISP_EST_RED|remainder_pipe[0][34]                  ; Stuck at GND due to stuck port data_in                                              ;
; disparity_estimator:DISP_EST_RED|remainder_pipe[0][33]                  ; Stuck at GND due to stuck port data_in                                              ;
; disparity_estimator:DISP_EST_RED|remainder_pipe[0][32]                  ; Stuck at GND due to stuck port data_in                                              ;
; disparity_estimator:DISP_EST_RED|remainder_pipe[0][31]                  ; Stuck at GND due to stuck port data_in                                              ;
; disparity_estimator:DISP_EST_RED|remainder_pipe[0][30]                  ; Stuck at GND due to stuck port data_in                                              ;
; disparity_estimator:DISP_EST_RED|remainder_pipe[0][29]                  ; Stuck at GND due to stuck port data_in                                              ;
; disparity_estimator:DISP_EST_RED|remainder_pipe[0][28]                  ; Stuck at GND due to stuck port data_in                                              ;
; disparity_estimator:DISP_EST_RED|remainder_pipe[0][27]                  ; Stuck at GND due to stuck port data_in                                              ;
; disparity_estimator:DISP_EST_RED|remainder_pipe[0][26]                  ; Stuck at GND due to stuck port data_in                                              ;
; disparity_estimator:DISP_EST_RED|remainder_pipe[0][25]                  ; Stuck at GND due to stuck port data_in                                              ;
; disparity_estimator:DISP_EST_RED|remainder_pipe[0][24]                  ; Stuck at GND due to stuck port data_in                                              ;
; disparity_estimator:DISP_EST_RED|remainder_pipe[0][23]                  ; Stuck at GND due to stuck port data_in                                              ;
; disparity_estimator:DISP_EST_RED|remainder_pipe[0][22]                  ; Stuck at GND due to stuck port data_in                                              ;
; disparity_estimator:DISP_EST_RED|remainder_pipe[0][21]                  ; Stuck at GND due to stuck port data_in                                              ;
; disparity_estimator:DISP_EST_RED|remainder_pipe[0][20]                  ; Stuck at GND due to stuck port data_in                                              ;
; disparity_estimator:DISP_EST_RED|remainder_pipe[0][19]                  ; Stuck at GND due to stuck port data_in                                              ;
; disparity_estimator:DISP_EST_RED|remainder_pipe[0][18]                  ; Stuck at GND due to stuck port data_in                                              ;
; disparity_estimator:DISP_EST_RED|remainder_pipe[0][17]                  ; Stuck at GND due to stuck port data_in                                              ;
; disparity_estimator:DISP_EST_RED|remainder_pipe[0][16]                  ; Stuck at GND due to stuck port data_in                                              ;
; disparity_estimator:DISP_EST_RED|remainder_pipe[0][15]                  ; Stuck at GND due to stuck port data_in                                              ;
; disparity_estimator:DISP_EST_RED|remainder_pipe[0][14]                  ; Stuck at GND due to stuck port data_in                                              ;
; disparity_estimator:DISP_EST_RED|remainder_pipe[0][13]                  ; Stuck at GND due to stuck port data_in                                              ;
; disparity_estimator:DISP_EST_RED|remainder_pipe[0][12]                  ; Stuck at GND due to stuck port data_in                                              ;
; disparity_estimator:DISP_EST_RED|remainder_pipe[0][11]                  ; Stuck at GND due to stuck port data_in                                              ;
; disparity_estimator:DISP_EST_RED|remainder_pipe[0][10]                  ; Stuck at GND due to stuck port data_in                                              ;
; disparity_estimator:DISP_EST_RED|remainder_pipe[0][9]                   ; Stuck at GND due to stuck port data_in                                              ;
; disparity_estimator:DISP_EST_RED|remainder_pipe[0][8]                   ; Stuck at GND due to stuck port data_in                                              ;
; disparity_estimator:DISP_EST_RED|remainder_pipe[0][7]                   ; Stuck at GND due to stuck port data_in                                              ;
; disparity_estimator:DISP_EST_RED|remainder_pipe[0][6]                   ; Stuck at GND due to stuck port data_in                                              ;
; disparity_estimator:DISP_EST_RED|remainder_pipe[0][5]                   ; Stuck at GND due to stuck port data_in                                              ;
; disparity_estimator:DISP_EST_RED|remainder_pipe[0][4]                   ; Stuck at GND due to stuck port data_in                                              ;
; disparity_estimator:DISP_EST_RED|remainder_pipe[0][3]                   ; Stuck at GND due to stuck port data_in                                              ;
; disparity_estimator:DISP_EST_RED|remainder_pipe[0][2]                   ; Stuck at GND due to stuck port data_in                                              ;
; disparity_estimator:DISP_EST_RED|remainder_pipe[0][1]                   ; Stuck at GND due to stuck port data_in                                              ;
; bit_shift_low_pass_filter:BSLPF_RED|raw_s0[0..5]                        ; Stuck at GND due to stuck port data_in                                              ;
; bit_shift_low_pass_filter:BSLPF_RED|raw_s1[0..5]                        ; Stuck at GND due to stuck port data_in                                              ;
; bit_shift_low_pass_filter:BSLPF_RED|raw_s2[0..5]                        ; Stuck at GND due to stuck port data_in                                              ;
; bit_shift_low_pass_filter:BSLPF_RED|raw_s0[6]                           ; Stuck at GND due to stuck port data_in                                              ;
; bit_shift_low_pass_filter:BSLPF_RED|sum4_s0[0]                          ; Stuck at GND due to stuck port data_in                                              ;
; bit_shift_low_pass_filter:BSLPF_RED|sum3_s0[0]                          ; Stuck at GND due to stuck port data_in                                              ;
; fused_aligned_output:FAO_RED|trim_pixels_2d[0,1,3..6]                   ; Stuck at GND due to stuck port data_in                                              ;
; fused_aligned_output:FAO_RED|max_valid_idx_2d[2]                        ; Stuck at GND due to stuck port data_in                                              ;
; disparity_estimator:DISP_EST_RED|dividend_pipe[1][16]                   ; Stuck at GND due to stuck port data_in                                              ;
; disparity_estimator:DISP_EST_RED|dividend_pipe[1][15]                   ; Stuck at GND due to stuck port data_in                                              ;
; disparity_estimator:DISP_EST_RED|dividend_pipe[1][14]                   ; Stuck at GND due to stuck port data_in                                              ;
; disparity_estimator:DISP_EST_RED|dividend_pipe[1][13]                   ; Stuck at GND due to stuck port data_in                                              ;
; disparity_estimator:DISP_EST_RED|dividend_pipe[1][12]                   ; Stuck at GND due to stuck port data_in                                              ;
; disparity_estimator:DISP_EST_RED|dividend_pipe[1][11]                   ; Stuck at GND due to stuck port data_in                                              ;
; disparity_estimator:DISP_EST_RED|dividend_pipe[1][10]                   ; Stuck at GND due to stuck port data_in                                              ;
; disparity_estimator:DISP_EST_RED|dividend_pipe[1][9]                    ; Stuck at GND due to stuck port data_in                                              ;
; disparity_estimator:DISP_EST_RED|dividend_pipe[1][8]                    ; Stuck at GND due to stuck port data_in                                              ;
; disparity_estimator:DISP_EST_RED|dividend_pipe[1][7]                    ; Stuck at GND due to stuck port data_in                                              ;
; disparity_estimator:DISP_EST_RED|dividend_pipe[1][6]                    ; Stuck at GND due to stuck port data_in                                              ;
; disparity_estimator:DISP_EST_RED|dividend_pipe[1][5]                    ; Stuck at GND due to stuck port data_in                                              ;
; disparity_estimator:DISP_EST_RED|dividend_pipe[1][4]                    ; Stuck at GND due to stuck port data_in                                              ;
; disparity_estimator:DISP_EST_RED|dividend_pipe[1][3]                    ; Stuck at GND due to stuck port data_in                                              ;
; disparity_estimator:DISP_EST_RED|dividend_pipe[1][2]                    ; Stuck at GND due to stuck port data_in                                              ;
; disparity_estimator:DISP_EST_RED|dividend_pipe[1][1]                    ; Stuck at GND due to stuck port data_in                                              ;
; bit_shift_low_pass_filter:BSLPF_RED|raw_s1[6]                           ; Stuck at GND due to stuck port data_in                                              ;
; bit_shift_low_pass_filter:BSLPF_RED|raw_s2[6]                           ; Stuck at GND due to stuck port data_in                                              ;
; fused_aligned_output:FAO_RED|trim_pixels_3d[0,1,3..6]                   ; Stuck at GND due to stuck port data_in                                              ;
; fused_aligned_output:FAO_RED|max_valid_idx_3d[2]                        ; Stuck at GND due to stuck port data_in                                              ;
; disparity_estimator:DISP_EST_RED|dividend_pipe[2][17]                   ; Stuck at GND due to stuck port data_in                                              ;
; disparity_estimator:DISP_EST_RED|dividend_pipe[2][16]                   ; Stuck at GND due to stuck port data_in                                              ;
; disparity_estimator:DISP_EST_RED|dividend_pipe[2][15]                   ; Stuck at GND due to stuck port data_in                                              ;
; disparity_estimator:DISP_EST_RED|dividend_pipe[2][14]                   ; Stuck at GND due to stuck port data_in                                              ;
; disparity_estimator:DISP_EST_RED|dividend_pipe[2][13]                   ; Stuck at GND due to stuck port data_in                                              ;
; disparity_estimator:DISP_EST_RED|dividend_pipe[2][12]                   ; Stuck at GND due to stuck port data_in                                              ;
; disparity_estimator:DISP_EST_RED|dividend_pipe[2][11]                   ; Stuck at GND due to stuck port data_in                                              ;
; disparity_estimator:DISP_EST_RED|dividend_pipe[2][10]                   ; Stuck at GND due to stuck port data_in                                              ;
; disparity_estimator:DISP_EST_RED|dividend_pipe[2][9]                    ; Stuck at GND due to stuck port data_in                                              ;
; disparity_estimator:DISP_EST_RED|dividend_pipe[2][8]                    ; Stuck at GND due to stuck port data_in                                              ;
; disparity_estimator:DISP_EST_RED|dividend_pipe[2][7]                    ; Stuck at GND due to stuck port data_in                                              ;
; disparity_estimator:DISP_EST_RED|dividend_pipe[2][6]                    ; Stuck at GND due to stuck port data_in                                              ;
; disparity_estimator:DISP_EST_RED|dividend_pipe[2][5]                    ; Stuck at GND due to stuck port data_in                                              ;
; disparity_estimator:DISP_EST_RED|dividend_pipe[2][4]                    ; Stuck at GND due to stuck port data_in                                              ;
; disparity_estimator:DISP_EST_RED|dividend_pipe[2][3]                    ; Stuck at GND due to stuck port data_in                                              ;
; disparity_estimator:DISP_EST_RED|dividend_pipe[2][2]                    ; Stuck at GND due to stuck port data_in                                              ;
; fused_aligned_output:FAO_RED|trim_pixels_4d[0,1,3..6]                   ; Stuck at GND due to stuck port data_in                                              ;
; fused_aligned_output:FAO_RED|max_valid_idx_4d[2]                        ; Stuck at GND due to stuck port data_in                                              ;
; fused_aligned_output:FAO_RED|trim_pixels_pipe[0][6]                     ; Stuck at GND due to stuck port data_in                                              ;
; fused_aligned_output:FAO_RED|trim_pixels_pipe[0][5]                     ; Stuck at GND due to stuck port data_in                                              ;
; fused_aligned_output:FAO_RED|trim_pixels_pipe[0][4]                     ; Stuck at GND due to stuck port data_in                                              ;
; fused_aligned_output:FAO_RED|trim_pixels_pipe[0][3]                     ; Stuck at GND due to stuck port data_in                                              ;
; fused_aligned_output:FAO_RED|trim_pixels_pipe[0][1]                     ; Stuck at GND due to stuck port data_in                                              ;
; fused_aligned_output:FAO_RED|trim_pixels_pipe[0][0]                     ; Stuck at GND due to stuck port data_in                                              ;
; fused_aligned_output:FAO_RED|max_valid_idx_pipe[0][2]                   ; Stuck at GND due to stuck port data_in                                              ;
; fused_aligned_output:FAO_RED|trim_pixels_pipe[1][6]                     ; Stuck at GND due to stuck port data_in                                              ;
; fused_aligned_output:FAO_RED|trim_pixels_pipe[1][5]                     ; Stuck at GND due to stuck port data_in                                              ;
; fused_aligned_output:FAO_RED|trim_pixels_pipe[1][4]                     ; Stuck at GND due to stuck port data_in                                              ;
; fused_aligned_output:FAO_RED|trim_pixels_pipe[1][3]                     ; Stuck at GND due to stuck port data_in                                              ;
; fused_aligned_output:FAO_RED|trim_pixels_pipe[1][1]                     ; Stuck at GND due to stuck port data_in                                              ;
; fused_aligned_output:FAO_RED|trim_pixels_pipe[1][0]                     ; Stuck at GND due to stuck port data_in                                              ;
; fused_aligned_output:FAO_RED|max_valid_idx_pipe[1][2]                   ; Stuck at GND due to stuck port data_in                                              ;
; fused_aligned_output:FAO_RED|trim_pixels_pipe[2][6]                     ; Stuck at GND due to stuck port data_in                                              ;
; fused_aligned_output:FAO_RED|trim_pixels_pipe[2][5]                     ; Stuck at GND due to stuck port data_in                                              ;
; fused_aligned_output:FAO_RED|trim_pixels_pipe[2][4]                     ; Stuck at GND due to stuck port data_in                                              ;
; fused_aligned_output:FAO_RED|trim_pixels_pipe[2][3]                     ; Stuck at GND due to stuck port data_in                                              ;
; fused_aligned_output:FAO_RED|trim_pixels_pipe[2][1]                     ; Stuck at GND due to stuck port data_in                                              ;
; fused_aligned_output:FAO_RED|trim_pixels_pipe[2][0]                     ; Stuck at GND due to stuck port data_in                                              ;
; fused_aligned_output:FAO_RED|max_valid_idx_pipe[2][2]                   ; Stuck at GND due to stuck port data_in                                              ;
; fused_aligned_output:FAO_RED|trim_pixels_pipe[3][6]                     ; Stuck at GND due to stuck port data_in                                              ;
; fused_aligned_output:FAO_RED|trim_pixels_pipe[3][5]                     ; Stuck at GND due to stuck port data_in                                              ;
; fused_aligned_output:FAO_RED|trim_pixels_pipe[3][4]                     ; Stuck at GND due to stuck port data_in                                              ;
; fused_aligned_output:FAO_RED|trim_pixels_pipe[3][3]                     ; Stuck at GND due to stuck port data_in                                              ;
; fused_aligned_output:FAO_RED|trim_pixels_pipe[3][1]                     ; Stuck at GND due to stuck port data_in                                              ;
; fused_aligned_output:FAO_RED|trim_pixels_pipe[3][0]                     ; Stuck at GND due to stuck port data_in                                              ;
; fused_aligned_output:FAO_RED|max_valid_idx_pipe[3][2]                   ; Stuck at GND due to stuck port data_in                                              ;
; fused_aligned_output:FAO_RED|trim_pixels_pipe[4][6]                     ; Stuck at GND due to stuck port data_in                                              ;
; fused_aligned_output:FAO_RED|trim_pixels_pipe[4][5]                     ; Stuck at GND due to stuck port data_in                                              ;
; fused_aligned_output:FAO_RED|trim_pixels_pipe[4][4]                     ; Stuck at GND due to stuck port data_in                                              ;
; fused_aligned_output:FAO_RED|trim_pixels_pipe[4][3]                     ; Stuck at GND due to stuck port data_in                                              ;
; fused_aligned_output:FAO_RED|trim_pixels_pipe[4][1]                     ; Stuck at GND due to stuck port data_in                                              ;
; fused_aligned_output:FAO_RED|trim_pixels_pipe[4][0]                     ; Stuck at GND due to stuck port data_in                                              ;
; fused_aligned_output:FAO_RED|max_valid_idx_pipe[4][2]                   ; Stuck at GND due to stuck port data_in                                              ;
; fused_aligned_output:FAO_RED|trim_pixels_pipe[5][6]                     ; Stuck at GND due to stuck port data_in                                              ;
; fused_aligned_output:FAO_RED|trim_pixels_pipe[5][5]                     ; Stuck at GND due to stuck port data_in                                              ;
; fused_aligned_output:FAO_RED|trim_pixels_pipe[5][4]                     ; Stuck at GND due to stuck port data_in                                              ;
; fused_aligned_output:FAO_RED|trim_pixels_pipe[5][3]                     ; Stuck at GND due to stuck port data_in                                              ;
; fused_aligned_output:FAO_RED|trim_pixels_pipe[5][1]                     ; Stuck at GND due to stuck port data_in                                              ;
; fused_aligned_output:FAO_RED|trim_pixels_pipe[5][0]                     ; Stuck at GND due to stuck port data_in                                              ;
; fused_aligned_output:FAO_RED|max_valid_idx_pipe[5][2]                   ; Stuck at GND due to stuck port data_in                                              ;
; fused_aligned_output:FAO_RED|trim_pixels_pipe[6][6]                     ; Stuck at GND due to stuck port data_in                                              ;
; fused_aligned_output:FAO_RED|trim_pixels_pipe[6][5]                     ; Stuck at GND due to stuck port data_in                                              ;
; fused_aligned_output:FAO_RED|trim_pixels_pipe[6][4]                     ; Stuck at GND due to stuck port data_in                                              ;
; fused_aligned_output:FAO_RED|trim_pixels_pipe[6][3]                     ; Stuck at GND due to stuck port data_in                                              ;
; fused_aligned_output:FAO_RED|trim_pixels_pipe[6][1]                     ; Stuck at GND due to stuck port data_in                                              ;
; fused_aligned_output:FAO_RED|trim_pixels_pipe[6][0]                     ; Stuck at GND due to stuck port data_in                                              ;
; fused_aligned_output:FAO_RED|max_valid_idx_pipe[6][2]                   ; Stuck at GND due to stuck port data_in                                              ;
; fused_aligned_output:FAO_RED|trim_pixels_pipe[7][6]                     ; Stuck at GND due to stuck port data_in                                              ;
; fused_aligned_output:FAO_RED|trim_pixels_pipe[7][5]                     ; Stuck at GND due to stuck port data_in                                              ;
; fused_aligned_output:FAO_RED|trim_pixels_pipe[7][4]                     ; Stuck at GND due to stuck port data_in                                              ;
; fused_aligned_output:FAO_RED|trim_pixels_pipe[7][3]                     ; Stuck at GND due to stuck port data_in                                              ;
; fused_aligned_output:FAO_RED|trim_pixels_pipe[7][1]                     ; Stuck at GND due to stuck port data_in                                              ;
; fused_aligned_output:FAO_RED|trim_pixels_pipe[7][0]                     ; Stuck at GND due to stuck port data_in                                              ;
; fused_aligned_output:FAO_RED|max_valid_idx_pipe[7][2]                   ; Stuck at GND due to stuck port data_in                                              ;
; fused_aligned_output:FAO_RED|trim_pixels_pipe[8][6]                     ; Stuck at GND due to stuck port data_in                                              ;
; fused_aligned_output:FAO_RED|trim_pixels_pipe[8][5]                     ; Stuck at GND due to stuck port data_in                                              ;
; fused_aligned_output:FAO_RED|trim_pixels_pipe[8][4]                     ; Stuck at GND due to stuck port data_in                                              ;
; fused_aligned_output:FAO_RED|trim_pixels_pipe[8][3]                     ; Stuck at GND due to stuck port data_in                                              ;
; fused_aligned_output:FAO_RED|trim_pixels_pipe[8][1]                     ; Stuck at GND due to stuck port data_in                                              ;
; fused_aligned_output:FAO_RED|trim_pixels_pipe[8][0]                     ; Stuck at GND due to stuck port data_in                                              ;
; fused_aligned_output:FAO_RED|max_valid_idx_pipe[8][2]                   ; Stuck at GND due to stuck port data_in                                              ;
; fused_aligned_output:FAO_RED|trim_pixels_pipe[9][6]                     ; Stuck at GND due to stuck port data_in                                              ;
; fused_aligned_output:FAO_RED|trim_pixels_pipe[9][5]                     ; Stuck at GND due to stuck port data_in                                              ;
; fused_aligned_output:FAO_RED|trim_pixels_pipe[9][4]                     ; Stuck at GND due to stuck port data_in                                              ;
; fused_aligned_output:FAO_RED|trim_pixels_pipe[9][3]                     ; Stuck at GND due to stuck port data_in                                              ;
; fused_aligned_output:FAO_RED|trim_pixels_pipe[9][1]                     ; Stuck at GND due to stuck port data_in                                              ;
; fused_aligned_output:FAO_RED|trim_pixels_pipe[9][0]                     ; Stuck at GND due to stuck port data_in                                              ;
; fused_aligned_output:FAO_RED|max_valid_idx_pipe[9][2]                   ; Stuck at GND due to stuck port data_in                                              ;
; fused_aligned_output:FAO_RED|trim_pixels_pipe[10][6]                    ; Stuck at GND due to stuck port data_in                                              ;
; fused_aligned_output:FAO_RED|trim_pixels_pipe[10][5]                    ; Stuck at GND due to stuck port data_in                                              ;
; fused_aligned_output:FAO_RED|trim_pixels_pipe[10][4]                    ; Stuck at GND due to stuck port data_in                                              ;
; fused_aligned_output:FAO_RED|trim_pixels_pipe[10][3]                    ; Stuck at GND due to stuck port data_in                                              ;
; fused_aligned_output:FAO_RED|trim_pixels_pipe[10][1]                    ; Stuck at GND due to stuck port data_in                                              ;
; fused_aligned_output:FAO_RED|trim_pixels_pipe[10][0]                    ; Stuck at GND due to stuck port data_in                                              ;
; fused_aligned_output:FAO_RED|max_valid_idx_pipe[10][2]                  ; Stuck at GND due to stuck port data_in                                              ;
; fused_aligned_output:FAO_RED|trim_pixels_pipe[11][6]                    ; Stuck at GND due to stuck port data_in                                              ;
; fused_aligned_output:FAO_RED|trim_pixels_pipe[11][5]                    ; Stuck at GND due to stuck port data_in                                              ;
; fused_aligned_output:FAO_RED|trim_pixels_pipe[11][4]                    ; Stuck at GND due to stuck port data_in                                              ;
; fused_aligned_output:FAO_RED|trim_pixels_pipe[11][3]                    ; Stuck at GND due to stuck port data_in                                              ;
; fused_aligned_output:FAO_RED|trim_pixels_pipe[11][1]                    ; Stuck at GND due to stuck port data_in                                              ;
; fused_aligned_output:FAO_RED|trim_pixels_pipe[11][0]                    ; Stuck at GND due to stuck port data_in                                              ;
; fused_aligned_output:FAO_RED|max_valid_idx_pipe[11][2]                  ; Stuck at GND due to stuck port data_in                                              ;
; fused_aligned_output:FAO_RED|trim_pixels_pipe[12][6]                    ; Stuck at GND due to stuck port data_in                                              ;
; fused_aligned_output:FAO_RED|trim_pixels_pipe[12][5]                    ; Stuck at GND due to stuck port data_in                                              ;
; fused_aligned_output:FAO_RED|trim_pixels_pipe[12][4]                    ; Stuck at GND due to stuck port data_in                                              ;
; fused_aligned_output:FAO_RED|trim_pixels_pipe[12][3]                    ; Stuck at GND due to stuck port data_in                                              ;
; fused_aligned_output:FAO_RED|trim_pixels_pipe[12][1]                    ; Stuck at GND due to stuck port data_in                                              ;
; fused_aligned_output:FAO_RED|trim_pixels_pipe[12][0]                    ; Stuck at GND due to stuck port data_in                                              ;
; fused_aligned_output:FAO_RED|max_valid_idx_pipe[12][2]                  ; Stuck at GND due to stuck port data_in                                              ;
; fused_aligned_output:FAO_RED|trim_pixels_pipe[13][6]                    ; Stuck at GND due to stuck port data_in                                              ;
; fused_aligned_output:FAO_RED|trim_pixels_pipe[13][5]                    ; Stuck at GND due to stuck port data_in                                              ;
; fused_aligned_output:FAO_RED|trim_pixels_pipe[13][4]                    ; Stuck at GND due to stuck port data_in                                              ;
; fused_aligned_output:FAO_RED|trim_pixels_pipe[13][3]                    ; Stuck at GND due to stuck port data_in                                              ;
; fused_aligned_output:FAO_RED|trim_pixels_pipe[13][1]                    ; Stuck at GND due to stuck port data_in                                              ;
; fused_aligned_output:FAO_RED|trim_pixels_pipe[13][0]                    ; Stuck at GND due to stuck port data_in                                              ;
; fused_aligned_output:FAO_RED|max_valid_idx_pipe[13][2]                  ; Stuck at GND due to stuck port data_in                                              ;
; fused_aligned_output:FAO_RED|trim_pixels_pipe[14][6]                    ; Stuck at GND due to stuck port data_in                                              ;
; fused_aligned_output:FAO_RED|trim_pixels_pipe[14][5]                    ; Stuck at GND due to stuck port data_in                                              ;
; fused_aligned_output:FAO_RED|trim_pixels_pipe[14][4]                    ; Stuck at GND due to stuck port data_in                                              ;
; fused_aligned_output:FAO_RED|trim_pixels_pipe[14][3]                    ; Stuck at GND due to stuck port data_in                                              ;
; fused_aligned_output:FAO_RED|trim_pixels_pipe[14][1]                    ; Stuck at GND due to stuck port data_in                                              ;
; fused_aligned_output:FAO_RED|trim_pixels_pipe[14][0]                    ; Stuck at GND due to stuck port data_in                                              ;
; fused_aligned_output:FAO_RED|max_valid_idx_pipe[14][2]                  ; Stuck at GND due to stuck port data_in                                              ;
; fused_aligned_output:FAO_RED|trim_pixels_pipe[15][6]                    ; Stuck at GND due to stuck port data_in                                              ;
; fused_aligned_output:FAO_RED|trim_pixels_pipe[15][5]                    ; Stuck at GND due to stuck port data_in                                              ;
; fused_aligned_output:FAO_RED|trim_pixels_pipe[15][4]                    ; Stuck at GND due to stuck port data_in                                              ;
; fused_aligned_output:FAO_RED|trim_pixels_pipe[15][3]                    ; Stuck at GND due to stuck port data_in                                              ;
; fused_aligned_output:FAO_RED|trim_pixels_pipe[15][1]                    ; Stuck at GND due to stuck port data_in                                              ;
; fused_aligned_output:FAO_RED|trim_pixels_pipe[15][0]                    ; Stuck at GND due to stuck port data_in                                              ;
; fused_aligned_output:FAO_RED|max_valid_idx_pipe[15][2]                  ; Stuck at GND due to stuck port data_in                                              ;
; fused_aligned_output:FAO_RED|trim_pixels_pipe[16][6]                    ; Stuck at GND due to stuck port data_in                                              ;
; fused_aligned_output:FAO_RED|trim_pixels_pipe[16][5]                    ; Stuck at GND due to stuck port data_in                                              ;
; fused_aligned_output:FAO_RED|trim_pixels_pipe[16][4]                    ; Stuck at GND due to stuck port data_in                                              ;
; fused_aligned_output:FAO_RED|trim_pixels_pipe[16][3]                    ; Stuck at GND due to stuck port data_in                                              ;
; fused_aligned_output:FAO_RED|trim_pixels_pipe[16][1]                    ; Stuck at GND due to stuck port data_in                                              ;
; fused_aligned_output:FAO_RED|trim_pixels_pipe[16][0]                    ; Stuck at GND due to stuck port data_in                                              ;
; fused_aligned_output:FAO_RED|max_valid_idx_pipe[16][2]                  ; Stuck at GND due to stuck port data_in                                              ;
; fused_aligned_output:FAO_RED|trim_pixels_pipe[17][6]                    ; Stuck at GND due to stuck port data_in                                              ;
; fused_aligned_output:FAO_RED|trim_pixels_pipe[17][5]                    ; Stuck at GND due to stuck port data_in                                              ;
; fused_aligned_output:FAO_RED|trim_pixels_pipe[17][4]                    ; Stuck at GND due to stuck port data_in                                              ;
; fused_aligned_output:FAO_RED|trim_pixels_pipe[17][3]                    ; Stuck at GND due to stuck port data_in                                              ;
; fused_aligned_output:FAO_RED|trim_pixels_pipe[17][1]                    ; Stuck at GND due to stuck port data_in                                              ;
; fused_aligned_output:FAO_RED|trim_pixels_pipe[17][0]                    ; Stuck at GND due to stuck port data_in                                              ;
; fused_aligned_output:FAO_RED|max_valid_idx_pipe[17][2]                  ; Stuck at GND due to stuck port data_in                                              ;
; fused_aligned_output:FAO_RED|trim_pixels_pipe[18][6]                    ; Stuck at GND due to stuck port data_in                                              ;
; fused_aligned_output:FAO_RED|trim_pixels_pipe[18][5]                    ; Stuck at GND due to stuck port data_in                                              ;
; fused_aligned_output:FAO_RED|trim_pixels_pipe[18][4]                    ; Stuck at GND due to stuck port data_in                                              ;
; fused_aligned_output:FAO_RED|trim_pixels_pipe[18][3]                    ; Stuck at GND due to stuck port data_in                                              ;
; fused_aligned_output:FAO_RED|trim_pixels_pipe[18][1]                    ; Stuck at GND due to stuck port data_in                                              ;
; fused_aligned_output:FAO_RED|trim_pixels_pipe[18][0]                    ; Stuck at GND due to stuck port data_in                                              ;
; fused_aligned_output:FAO_RED|max_valid_idx_pipe[18][2]                  ; Stuck at GND due to stuck port data_in                                              ;
; fused_aligned_output:FAO_RED|trim_pixels_pipe[19][6]                    ; Stuck at GND due to stuck port data_in                                              ;
; fused_aligned_output:FAO_RED|trim_pixels_pipe[19][5]                    ; Stuck at GND due to stuck port data_in                                              ;
; fused_aligned_output:FAO_RED|trim_pixels_pipe[19][4]                    ; Stuck at GND due to stuck port data_in                                              ;
; fused_aligned_output:FAO_RED|trim_pixels_pipe[19][3]                    ; Stuck at GND due to stuck port data_in                                              ;
; fused_aligned_output:FAO_RED|trim_pixels_pipe[19][1]                    ; Stuck at GND due to stuck port data_in                                              ;
; fused_aligned_output:FAO_RED|trim_pixels_pipe[19][0]                    ; Stuck at GND due to stuck port data_in                                              ;
; fused_aligned_output:FAO_RED|max_valid_idx_pipe[19][2]                  ; Stuck at GND due to stuck port data_in                                              ;
; fused_aligned_output:FAO_RED|trim_pixels_pipe[20][6]                    ; Stuck at GND due to stuck port data_in                                              ;
; fused_aligned_output:FAO_RED|trim_pixels_pipe[20][5]                    ; Stuck at GND due to stuck port data_in                                              ;
; fused_aligned_output:FAO_RED|trim_pixels_pipe[20][4]                    ; Stuck at GND due to stuck port data_in                                              ;
; fused_aligned_output:FAO_RED|trim_pixels_pipe[20][3]                    ; Stuck at GND due to stuck port data_in                                              ;
; fused_aligned_output:FAO_RED|trim_pixels_pipe[20][1]                    ; Stuck at GND due to stuck port data_in                                              ;
; fused_aligned_output:FAO_RED|trim_pixels_pipe[20][0]                    ; Stuck at GND due to stuck port data_in                                              ;
; fused_aligned_output:FAO_RED|max_valid_idx_pipe[20][2]                  ; Stuck at GND due to stuck port data_in                                              ;
; fused_aligned_output:FAO_RED|trim_pixels_pipe[21][6]                    ; Stuck at GND due to stuck port data_in                                              ;
; fused_aligned_output:FAO_RED|trim_pixels_pipe[21][5]                    ; Stuck at GND due to stuck port data_in                                              ;
; fused_aligned_output:FAO_RED|trim_pixels_pipe[21][4]                    ; Stuck at GND due to stuck port data_in                                              ;
; fused_aligned_output:FAO_RED|trim_pixels_pipe[21][3]                    ; Stuck at GND due to stuck port data_in                                              ;
; fused_aligned_output:FAO_RED|trim_pixels_pipe[21][1]                    ; Stuck at GND due to stuck port data_in                                              ;
; fused_aligned_output:FAO_RED|trim_pixels_pipe[21][0]                    ; Stuck at GND due to stuck port data_in                                              ;
; fused_aligned_output:FAO_RED|max_valid_idx_pipe[21][2]                  ; Stuck at GND due to stuck port data_in                                              ;
; fused_aligned_output:FAO_RED|trim_pixels_pipe[22][6]                    ; Stuck at GND due to stuck port data_in                                              ;
; fused_aligned_output:FAO_RED|trim_pixels_pipe[22][5]                    ; Stuck at GND due to stuck port data_in                                              ;
; fused_aligned_output:FAO_RED|trim_pixels_pipe[22][4]                    ; Stuck at GND due to stuck port data_in                                              ;
; fused_aligned_output:FAO_RED|trim_pixels_pipe[22][3]                    ; Stuck at GND due to stuck port data_in                                              ;
; fused_aligned_output:FAO_RED|trim_pixels_pipe[22][1]                    ; Stuck at GND due to stuck port data_in                                              ;
; fused_aligned_output:FAO_RED|trim_pixels_pipe[22][0]                    ; Stuck at GND due to stuck port data_in                                              ;
; fused_aligned_output:FAO_RED|max_valid_idx_pipe[22][2]                  ; Stuck at GND due to stuck port data_in                                              ;
; fused_aligned_output:FAO_RED|trim_pixels_pipe[23][6]                    ; Stuck at GND due to stuck port data_in                                              ;
; fused_aligned_output:FAO_RED|trim_pixels_pipe[23][5]                    ; Stuck at GND due to stuck port data_in                                              ;
; fused_aligned_output:FAO_RED|trim_pixels_pipe[23][4]                    ; Stuck at GND due to stuck port data_in                                              ;
; fused_aligned_output:FAO_RED|trim_pixels_pipe[23][3]                    ; Stuck at GND due to stuck port data_in                                              ;
; fused_aligned_output:FAO_RED|trim_pixels_pipe[23][1]                    ; Stuck at GND due to stuck port data_in                                              ;
; fused_aligned_output:FAO_RED|trim_pixels_pipe[23][0]                    ; Stuck at GND due to stuck port data_in                                              ;
; fused_aligned_output:FAO_RED|max_valid_idx_pipe[23][2]                  ; Stuck at GND due to stuck port data_in                                              ;
; fused_aligned_output:FAO_RED|trim_pixels_pipe[24][6]                    ; Stuck at GND due to stuck port data_in                                              ;
; fused_aligned_output:FAO_RED|trim_pixels_pipe[24][5]                    ; Stuck at GND due to stuck port data_in                                              ;
; fused_aligned_output:FAO_RED|trim_pixels_pipe[24][4]                    ; Stuck at GND due to stuck port data_in                                              ;
; fused_aligned_output:FAO_RED|trim_pixels_pipe[24][3]                    ; Stuck at GND due to stuck port data_in                                              ;
; fused_aligned_output:FAO_RED|trim_pixels_pipe[24][1]                    ; Stuck at GND due to stuck port data_in                                              ;
; fused_aligned_output:FAO_RED|trim_pixels_pipe[24][0]                    ; Stuck at GND due to stuck port data_in                                              ;
; fused_aligned_output:FAO_RED|max_valid_idx_pipe[24][2]                  ; Stuck at GND due to stuck port data_in                                              ;
; fused_aligned_output:FAO_RED|trim_pixels_pipe[25][6]                    ; Stuck at GND due to stuck port data_in                                              ;
; fused_aligned_output:FAO_RED|trim_pixels_pipe[25][5]                    ; Stuck at GND due to stuck port data_in                                              ;
; fused_aligned_output:FAO_RED|trim_pixels_pipe[25][4]                    ; Stuck at GND due to stuck port data_in                                              ;
; fused_aligned_output:FAO_RED|trim_pixels_pipe[25][3]                    ; Stuck at GND due to stuck port data_in                                              ;
; fused_aligned_output:FAO_RED|trim_pixels_pipe[25][1]                    ; Stuck at GND due to stuck port data_in                                              ;
; fused_aligned_output:FAO_RED|trim_pixels_pipe[25][0]                    ; Stuck at GND due to stuck port data_in                                              ;
; fused_aligned_output:FAO_RED|max_valid_idx_pipe[25][2]                  ; Stuck at GND due to stuck port data_in                                              ;
; fused_aligned_output:FAO_RED|trim_pixels_pipe[26][6]                    ; Stuck at GND due to stuck port data_in                                              ;
; fused_aligned_output:FAO_RED|trim_pixels_pipe[26][5]                    ; Stuck at GND due to stuck port data_in                                              ;
; fused_aligned_output:FAO_RED|trim_pixels_pipe[26][4]                    ; Stuck at GND due to stuck port data_in                                              ;
; fused_aligned_output:FAO_RED|trim_pixels_pipe[26][3]                    ; Stuck at GND due to stuck port data_in                                              ;
; fused_aligned_output:FAO_RED|trim_pixels_pipe[26][1]                    ; Stuck at GND due to stuck port data_in                                              ;
; fused_aligned_output:FAO_RED|trim_pixels_pipe[26][0]                    ; Stuck at GND due to stuck port data_in                                              ;
; fused_aligned_output:FAO_RED|max_valid_idx_pipe[26][2]                  ; Stuck at GND due to stuck port data_in                                              ;
; fused_aligned_output:FAO_RED|trim_pixels_pipe[27][6]                    ; Stuck at GND due to stuck port data_in                                              ;
; fused_aligned_output:FAO_RED|trim_pixels_pipe[27][5]                    ; Stuck at GND due to stuck port data_in                                              ;
; fused_aligned_output:FAO_RED|trim_pixels_pipe[27][4]                    ; Stuck at GND due to stuck port data_in                                              ;
; fused_aligned_output:FAO_RED|trim_pixels_pipe[27][3]                    ; Stuck at GND due to stuck port data_in                                              ;
; fused_aligned_output:FAO_RED|trim_pixels_pipe[27][1]                    ; Stuck at GND due to stuck port data_in                                              ;
; fused_aligned_output:FAO_RED|trim_pixels_pipe[27][0]                    ; Stuck at GND due to stuck port data_in                                              ;
; fused_aligned_output:FAO_RED|max_valid_idx_pipe[27][2]                  ; Stuck at GND due to stuck port data_in                                              ;
; fused_aligned_output:FAO_RED|trim_pixels_pipe[28][6]                    ; Stuck at GND due to stuck port data_in                                              ;
; fused_aligned_output:FAO_RED|trim_pixels_pipe[28][5]                    ; Stuck at GND due to stuck port data_in                                              ;
; fused_aligned_output:FAO_RED|trim_pixels_pipe[28][4]                    ; Stuck at GND due to stuck port data_in                                              ;
; fused_aligned_output:FAO_RED|trim_pixels_pipe[28][3]                    ; Stuck at GND due to stuck port data_in                                              ;
; fused_aligned_output:FAO_RED|trim_pixels_pipe[28][1]                    ; Stuck at GND due to stuck port data_in                                              ;
; fused_aligned_output:FAO_RED|trim_pixels_pipe[28][0]                    ; Stuck at GND due to stuck port data_in                                              ;
; fused_aligned_output:FAO_RED|max_valid_idx_pipe[28][2]                  ; Stuck at GND due to stuck port data_in                                              ;
; fused_aligned_output:FAO_RED|trim_pixels_pipe[29][6]                    ; Stuck at GND due to stuck port data_in                                              ;
; fused_aligned_output:FAO_RED|trim_pixels_pipe[29][5]                    ; Stuck at GND due to stuck port data_in                                              ;
; fused_aligned_output:FAO_RED|trim_pixels_pipe[29][4]                    ; Stuck at GND due to stuck port data_in                                              ;
; fused_aligned_output:FAO_RED|trim_pixels_pipe[29][3]                    ; Stuck at GND due to stuck port data_in                                              ;
; fused_aligned_output:FAO_RED|trim_pixels_pipe[29][1]                    ; Stuck at GND due to stuck port data_in                                              ;
; fused_aligned_output:FAO_RED|trim_pixels_pipe[29][0]                    ; Stuck at GND due to stuck port data_in                                              ;
; fused_aligned_output:FAO_RED|max_valid_idx_pipe[29][2]                  ; Stuck at GND due to stuck port data_in                                              ;
; fused_aligned_output:FAO_RED|trim_pixels_pipe[30][6]                    ; Stuck at GND due to stuck port data_in                                              ;
; fused_aligned_output:FAO_RED|trim_pixels_pipe[30][5]                    ; Stuck at GND due to stuck port data_in                                              ;
; fused_aligned_output:FAO_RED|trim_pixels_pipe[30][4]                    ; Stuck at GND due to stuck port data_in                                              ;
; fused_aligned_output:FAO_RED|trim_pixels_pipe[30][3]                    ; Stuck at GND due to stuck port data_in                                              ;
; fused_aligned_output:FAO_RED|trim_pixels_pipe[30][1]                    ; Stuck at GND due to stuck port data_in                                              ;
; fused_aligned_output:FAO_RED|trim_pixels_pipe[30][0]                    ; Stuck at GND due to stuck port data_in                                              ;
; fused_aligned_output:FAO_RED|max_valid_idx_pipe[30][2]                  ; Stuck at GND due to stuck port data_in                                              ;
; fused_aligned_output:FAO_RED|trim_pixels_pipe[31][6]                    ; Stuck at GND due to stuck port data_in                                              ;
; fused_aligned_output:FAO_RED|trim_pixels_pipe[31][5]                    ; Stuck at GND due to stuck port data_in                                              ;
; fused_aligned_output:FAO_RED|trim_pixels_pipe[31][4]                    ; Stuck at GND due to stuck port data_in                                              ;
; fused_aligned_output:FAO_RED|trim_pixels_pipe[31][3]                    ; Stuck at GND due to stuck port data_in                                              ;
; fused_aligned_output:FAO_RED|trim_pixels_pipe[31][1]                    ; Stuck at GND due to stuck port data_in                                              ;
; fused_aligned_output:FAO_RED|trim_pixels_pipe[31][0]                    ; Stuck at GND due to stuck port data_in                                              ;
; fused_aligned_output:FAO_RED|max_valid_idx_pipe[31][2]                  ; Stuck at GND due to stuck port data_in                                              ;
; fused_aligned_output:FAO_RED|trim_pixels_pipe[32][6]                    ; Stuck at GND due to stuck port data_in                                              ;
; fused_aligned_output:FAO_RED|trim_pixels_pipe[32][5]                    ; Stuck at GND due to stuck port data_in                                              ;
; fused_aligned_output:FAO_RED|trim_pixels_pipe[32][4]                    ; Stuck at GND due to stuck port data_in                                              ;
; fused_aligned_output:FAO_RED|trim_pixels_pipe[32][3]                    ; Stuck at GND due to stuck port data_in                                              ;
; fused_aligned_output:FAO_RED|trim_pixels_pipe[32][1]                    ; Stuck at GND due to stuck port data_in                                              ;
; fused_aligned_output:FAO_RED|trim_pixels_pipe[32][0]                    ; Stuck at GND due to stuck port data_in                                              ;
; fused_aligned_output:FAO_RED|max_valid_idx_pipe[32][2]                  ; Stuck at GND due to stuck port data_in                                              ;
; fused_aligned_output:FAO_RED|trim_pixels_pipe[33][6]                    ; Stuck at GND due to stuck port data_in                                              ;
; fused_aligned_output:FAO_RED|trim_pixels_pipe[33][5]                    ; Stuck at GND due to stuck port data_in                                              ;
; fused_aligned_output:FAO_RED|trim_pixels_pipe[33][4]                    ; Stuck at GND due to stuck port data_in                                              ;
; fused_aligned_output:FAO_RED|trim_pixels_pipe[33][3]                    ; Stuck at GND due to stuck port data_in                                              ;
; fused_aligned_output:FAO_RED|trim_pixels_pipe[33][1]                    ; Stuck at GND due to stuck port data_in                                              ;
; fused_aligned_output:FAO_RED|trim_pixels_pipe[33][0]                    ; Stuck at GND due to stuck port data_in                                              ;
; fused_aligned_output:FAO_RED|max_valid_idx_pipe[33][2]                  ; Stuck at GND due to stuck port data_in                                              ;
; fused_aligned_output:FAO_RED|trim_pixels_pipe[34][6]                    ; Stuck at GND due to stuck port data_in                                              ;
; fused_aligned_output:FAO_RED|trim_pixels_pipe[34][5]                    ; Stuck at GND due to stuck port data_in                                              ;
; fused_aligned_output:FAO_RED|trim_pixels_pipe[34][4]                    ; Stuck at GND due to stuck port data_in                                              ;
; fused_aligned_output:FAO_RED|trim_pixels_pipe[34][3]                    ; Stuck at GND due to stuck port data_in                                              ;
; fused_aligned_output:FAO_RED|trim_pixels_pipe[34][1]                    ; Stuck at GND due to stuck port data_in                                              ;
; fused_aligned_output:FAO_RED|trim_pixels_pipe[34][0]                    ; Stuck at GND due to stuck port data_in                                              ;
; fused_aligned_output:FAO_RED|max_valid_idx_pipe[34][2]                  ; Stuck at GND due to stuck port data_in                                              ;
; fused_aligned_output:FAO_RED|trim_pixels_pipe[35][6]                    ; Stuck at GND due to stuck port data_in                                              ;
; fused_aligned_output:FAO_RED|trim_pixels_pipe[35][5]                    ; Stuck at GND due to stuck port data_in                                              ;
; fused_aligned_output:FAO_RED|trim_pixels_pipe[35][4]                    ; Stuck at GND due to stuck port data_in                                              ;
; fused_aligned_output:FAO_RED|trim_pixels_pipe[35][3]                    ; Stuck at GND due to stuck port data_in                                              ;
; fused_aligned_output:FAO_RED|trim_pixels_pipe[35][1]                    ; Stuck at GND due to stuck port data_in                                              ;
; fused_aligned_output:FAO_RED|trim_pixels_pipe[35][0]                    ; Stuck at GND due to stuck port data_in                                              ;
; fused_aligned_output:FAO_RED|max_valid_idx_pipe[35][2]                  ; Stuck at GND due to stuck port data_in                                              ;
; fused_aligned_output:FAO_RED|trim_pixels_pipe[36][6]                    ; Stuck at GND due to stuck port data_in                                              ;
; fused_aligned_output:FAO_RED|trim_pixels_pipe[36][5]                    ; Stuck at GND due to stuck port data_in                                              ;
; fused_aligned_output:FAO_RED|trim_pixels_pipe[36][4]                    ; Stuck at GND due to stuck port data_in                                              ;
; fused_aligned_output:FAO_RED|trim_pixels_pipe[36][3]                    ; Stuck at GND due to stuck port data_in                                              ;
; fused_aligned_output:FAO_RED|trim_pixels_pipe[36][1]                    ; Stuck at GND due to stuck port data_in                                              ;
; fused_aligned_output:FAO_RED|trim_pixels_pipe[36][0]                    ; Stuck at GND due to stuck port data_in                                              ;
; fused_aligned_output:FAO_RED|max_valid_idx_pipe[36][2]                  ; Stuck at GND due to stuck port data_in                                              ;
; fused_aligned_output:FAO_RED|trim_pixels_pipe[37][6]                    ; Stuck at GND due to stuck port data_in                                              ;
; fused_aligned_output:FAO_RED|trim_pixels_pipe[37][5]                    ; Stuck at GND due to stuck port data_in                                              ;
; fused_aligned_output:FAO_RED|trim_pixels_pipe[37][4]                    ; Stuck at GND due to stuck port data_in                                              ;
; fused_aligned_output:FAO_RED|trim_pixels_pipe[37][3]                    ; Stuck at GND due to stuck port data_in                                              ;
; fused_aligned_output:FAO_RED|trim_pixels_pipe[37][1]                    ; Stuck at GND due to stuck port data_in                                              ;
; fused_aligned_output:FAO_RED|trim_pixels_pipe[37][0]                    ; Stuck at GND due to stuck port data_in                                              ;
; fused_aligned_output:FAO_RED|max_valid_idx_pipe[37][2]                  ; Stuck at GND due to stuck port data_in                                              ;
; fused_aligned_output:FAO_RED|trim_pixels_pipe[38][6]                    ; Stuck at GND due to stuck port data_in                                              ;
; fused_aligned_output:FAO_RED|trim_pixels_pipe[38][5]                    ; Stuck at GND due to stuck port data_in                                              ;
; fused_aligned_output:FAO_RED|trim_pixels_pipe[38][4]                    ; Stuck at GND due to stuck port data_in                                              ;
; fused_aligned_output:FAO_RED|trim_pixels_pipe[38][3]                    ; Stuck at GND due to stuck port data_in                                              ;
; fused_aligned_output:FAO_RED|trim_pixels_pipe[38][1]                    ; Stuck at GND due to stuck port data_in                                              ;
; fused_aligned_output:FAO_RED|trim_pixels_pipe[38][0]                    ; Stuck at GND due to stuck port data_in                                              ;
; fused_aligned_output:FAO_RED|max_valid_idx_pipe[38][2]                  ; Stuck at GND due to stuck port data_in                                              ;
; fused_aligned_output:FAO_RED|trim_pixels_pipe[39][6]                    ; Stuck at GND due to stuck port data_in                                              ;
; fused_aligned_output:FAO_RED|trim_pixels_pipe[39][5]                    ; Stuck at GND due to stuck port data_in                                              ;
; fused_aligned_output:FAO_RED|trim_pixels_pipe[39][4]                    ; Stuck at GND due to stuck port data_in                                              ;
; fused_aligned_output:FAO_RED|trim_pixels_pipe[39][3]                    ; Stuck at GND due to stuck port data_in                                              ;
; fused_aligned_output:FAO_RED|trim_pixels_pipe[39][1]                    ; Stuck at GND due to stuck port data_in                                              ;
; fused_aligned_output:FAO_RED|trim_pixels_pipe[39][0]                    ; Stuck at GND due to stuck port data_in                                              ;
; fused_aligned_output:FAO_RED|max_valid_idx_pipe[39][2]                  ; Stuck at GND due to stuck port data_in                                              ;
; fused_aligned_output:FAO_RED|trim_pixels_pipe[40][6]                    ; Stuck at GND due to stuck port data_in                                              ;
; fused_aligned_output:FAO_RED|trim_pixels_pipe[40][5]                    ; Stuck at GND due to stuck port data_in                                              ;
; fused_aligned_output:FAO_RED|trim_pixels_pipe[40][4]                    ; Stuck at GND due to stuck port data_in                                              ;
; fused_aligned_output:FAO_RED|trim_pixels_pipe[40][3]                    ; Stuck at GND due to stuck port data_in                                              ;
; fused_aligned_output:FAO_RED|trim_pixels_pipe[40][1]                    ; Stuck at GND due to stuck port data_in                                              ;
; fused_aligned_output:FAO_RED|trim_pixels_pipe[40][0]                    ; Stuck at GND due to stuck port data_in                                              ;
; fused_aligned_output:FAO_RED|max_valid_idx_pipe[40][2]                  ; Stuck at GND due to stuck port data_in                                              ;
; disparity_estimator:DISP_EST_RED|dividend_pipe[3][18]                   ; Stuck at GND due to stuck port data_in                                              ;
; disparity_estimator:DISP_EST_RED|dividend_pipe[3][17]                   ; Stuck at GND due to stuck port data_in                                              ;
; disparity_estimator:DISP_EST_RED|dividend_pipe[3][16]                   ; Stuck at GND due to stuck port data_in                                              ;
; disparity_estimator:DISP_EST_RED|dividend_pipe[3][15]                   ; Stuck at GND due to stuck port data_in                                              ;
; disparity_estimator:DISP_EST_RED|dividend_pipe[3][14]                   ; Stuck at GND due to stuck port data_in                                              ;
; disparity_estimator:DISP_EST_RED|dividend_pipe[3][13]                   ; Stuck at GND due to stuck port data_in                                              ;
; disparity_estimator:DISP_EST_RED|dividend_pipe[3][12]                   ; Stuck at GND due to stuck port data_in                                              ;
; disparity_estimator:DISP_EST_RED|dividend_pipe[3][11]                   ; Stuck at GND due to stuck port data_in                                              ;
; disparity_estimator:DISP_EST_RED|dividend_pipe[3][10]                   ; Stuck at GND due to stuck port data_in                                              ;
; disparity_estimator:DISP_EST_RED|dividend_pipe[3][9]                    ; Stuck at GND due to stuck port data_in                                              ;
; disparity_estimator:DISP_EST_RED|dividend_pipe[3][8]                    ; Stuck at GND due to stuck port data_in                                              ;
; disparity_estimator:DISP_EST_RED|dividend_pipe[3][7]                    ; Stuck at GND due to stuck port data_in                                              ;
; disparity_estimator:DISP_EST_RED|dividend_pipe[3][6]                    ; Stuck at GND due to stuck port data_in                                              ;
; disparity_estimator:DISP_EST_RED|dividend_pipe[3][5]                    ; Stuck at GND due to stuck port data_in                                              ;
; disparity_estimator:DISP_EST_RED|dividend_pipe[3][4]                    ; Stuck at GND due to stuck port data_in                                              ;
; disparity_estimator:DISP_EST_RED|dividend_pipe[3][3]                    ; Stuck at GND due to stuck port data_in                                              ;
; disparity_estimator:DISP_EST_RED|dividend_pipe[4][19]                   ; Stuck at GND due to stuck port data_in                                              ;
; disparity_estimator:DISP_EST_RED|dividend_pipe[4][18]                   ; Stuck at GND due to stuck port data_in                                              ;
; disparity_estimator:DISP_EST_RED|dividend_pipe[4][17]                   ; Stuck at GND due to stuck port data_in                                              ;
; disparity_estimator:DISP_EST_RED|dividend_pipe[4][16]                   ; Stuck at GND due to stuck port data_in                                              ;
; disparity_estimator:DISP_EST_RED|dividend_pipe[4][15]                   ; Stuck at GND due to stuck port data_in                                              ;
; disparity_estimator:DISP_EST_RED|dividend_pipe[4][14]                   ; Stuck at GND due to stuck port data_in                                              ;
; disparity_estimator:DISP_EST_RED|dividend_pipe[4][13]                   ; Stuck at GND due to stuck port data_in                                              ;
; disparity_estimator:DISP_EST_RED|dividend_pipe[4][12]                   ; Stuck at GND due to stuck port data_in                                              ;
; disparity_estimator:DISP_EST_RED|dividend_pipe[4][11]                   ; Stuck at GND due to stuck port data_in                                              ;
; disparity_estimator:DISP_EST_RED|dividend_pipe[4][10]                   ; Stuck at GND due to stuck port data_in                                              ;
; disparity_estimator:DISP_EST_RED|dividend_pipe[4][9]                    ; Stuck at GND due to stuck port data_in                                              ;
; disparity_estimator:DISP_EST_RED|dividend_pipe[4][8]                    ; Stuck at GND due to stuck port data_in                                              ;
; disparity_estimator:DISP_EST_RED|dividend_pipe[4][7]                    ; Stuck at GND due to stuck port data_in                                              ;
; disparity_estimator:DISP_EST_RED|dividend_pipe[4][6]                    ; Stuck at GND due to stuck port data_in                                              ;
; disparity_estimator:DISP_EST_RED|dividend_pipe[4][5]                    ; Stuck at GND due to stuck port data_in                                              ;
; disparity_estimator:DISP_EST_RED|dividend_pipe[4][4]                    ; Stuck at GND due to stuck port data_in                                              ;
; disparity_estimator:DISP_EST_RED|dividend_pipe[5][20]                   ; Stuck at GND due to stuck port data_in                                              ;
; disparity_estimator:DISP_EST_RED|dividend_pipe[5][19]                   ; Stuck at GND due to stuck port data_in                                              ;
; disparity_estimator:DISP_EST_RED|dividend_pipe[5][18]                   ; Stuck at GND due to stuck port data_in                                              ;
; disparity_estimator:DISP_EST_RED|dividend_pipe[5][17]                   ; Stuck at GND due to stuck port data_in                                              ;
; disparity_estimator:DISP_EST_RED|dividend_pipe[5][16]                   ; Stuck at GND due to stuck port data_in                                              ;
; disparity_estimator:DISP_EST_RED|dividend_pipe[5][15]                   ; Stuck at GND due to stuck port data_in                                              ;
; disparity_estimator:DISP_EST_RED|dividend_pipe[5][14]                   ; Stuck at GND due to stuck port data_in                                              ;
; disparity_estimator:DISP_EST_RED|dividend_pipe[5][13]                   ; Stuck at GND due to stuck port data_in                                              ;
; disparity_estimator:DISP_EST_RED|dividend_pipe[5][12]                   ; Stuck at GND due to stuck port data_in                                              ;
; disparity_estimator:DISP_EST_RED|dividend_pipe[5][11]                   ; Stuck at GND due to stuck port data_in                                              ;
; disparity_estimator:DISP_EST_RED|dividend_pipe[5][10]                   ; Stuck at GND due to stuck port data_in                                              ;
; disparity_estimator:DISP_EST_RED|dividend_pipe[5][9]                    ; Stuck at GND due to stuck port data_in                                              ;
; disparity_estimator:DISP_EST_RED|dividend_pipe[5][8]                    ; Stuck at GND due to stuck port data_in                                              ;
; disparity_estimator:DISP_EST_RED|dividend_pipe[5][7]                    ; Stuck at GND due to stuck port data_in                                              ;
; disparity_estimator:DISP_EST_RED|dividend_pipe[5][6]                    ; Stuck at GND due to stuck port data_in                                              ;
; disparity_estimator:DISP_EST_RED|dividend_pipe[5][5]                    ; Stuck at GND due to stuck port data_in                                              ;
; disparity_estimator:DISP_EST_RED|dividend_pipe[6][21]                   ; Stuck at GND due to stuck port data_in                                              ;
; disparity_estimator:DISP_EST_RED|dividend_pipe[6][20]                   ; Stuck at GND due to stuck port data_in                                              ;
; disparity_estimator:DISP_EST_RED|dividend_pipe[6][19]                   ; Stuck at GND due to stuck port data_in                                              ;
; disparity_estimator:DISP_EST_RED|dividend_pipe[6][18]                   ; Stuck at GND due to stuck port data_in                                              ;
; disparity_estimator:DISP_EST_RED|dividend_pipe[6][17]                   ; Stuck at GND due to stuck port data_in                                              ;
; disparity_estimator:DISP_EST_RED|dividend_pipe[6][16]                   ; Stuck at GND due to stuck port data_in                                              ;
; disparity_estimator:DISP_EST_RED|dividend_pipe[6][15]                   ; Stuck at GND due to stuck port data_in                                              ;
; disparity_estimator:DISP_EST_RED|dividend_pipe[6][14]                   ; Stuck at GND due to stuck port data_in                                              ;
; disparity_estimator:DISP_EST_RED|dividend_pipe[6][13]                   ; Stuck at GND due to stuck port data_in                                              ;
; disparity_estimator:DISP_EST_RED|dividend_pipe[6][12]                   ; Stuck at GND due to stuck port data_in                                              ;
; disparity_estimator:DISP_EST_RED|dividend_pipe[6][11]                   ; Stuck at GND due to stuck port data_in                                              ;
; disparity_estimator:DISP_EST_RED|dividend_pipe[6][10]                   ; Stuck at GND due to stuck port data_in                                              ;
; disparity_estimator:DISP_EST_RED|dividend_pipe[6][9]                    ; Stuck at GND due to stuck port data_in                                              ;
; disparity_estimator:DISP_EST_RED|dividend_pipe[6][8]                    ; Stuck at GND due to stuck port data_in                                              ;
; disparity_estimator:DISP_EST_RED|dividend_pipe[6][7]                    ; Stuck at GND due to stuck port data_in                                              ;
; disparity_estimator:DISP_EST_RED|dividend_pipe[6][6]                    ; Stuck at GND due to stuck port data_in                                              ;
; disparity_estimator:DISP_EST_RED|dividend_pipe[7][22]                   ; Stuck at GND due to stuck port data_in                                              ;
; disparity_estimator:DISP_EST_RED|dividend_pipe[7][21]                   ; Stuck at GND due to stuck port data_in                                              ;
; disparity_estimator:DISP_EST_RED|dividend_pipe[7][20]                   ; Stuck at GND due to stuck port data_in                                              ;
; disparity_estimator:DISP_EST_RED|dividend_pipe[7][19]                   ; Stuck at GND due to stuck port data_in                                              ;
; disparity_estimator:DISP_EST_RED|dividend_pipe[7][18]                   ; Stuck at GND due to stuck port data_in                                              ;
; disparity_estimator:DISP_EST_RED|dividend_pipe[7][17]                   ; Stuck at GND due to stuck port data_in                                              ;
; disparity_estimator:DISP_EST_RED|dividend_pipe[7][16]                   ; Stuck at GND due to stuck port data_in                                              ;
; disparity_estimator:DISP_EST_RED|dividend_pipe[7][15]                   ; Stuck at GND due to stuck port data_in                                              ;
; disparity_estimator:DISP_EST_RED|dividend_pipe[7][14]                   ; Stuck at GND due to stuck port data_in                                              ;
; disparity_estimator:DISP_EST_RED|dividend_pipe[7][13]                   ; Stuck at GND due to stuck port data_in                                              ;
; disparity_estimator:DISP_EST_RED|dividend_pipe[7][12]                   ; Stuck at GND due to stuck port data_in                                              ;
; disparity_estimator:DISP_EST_RED|dividend_pipe[7][11]                   ; Stuck at GND due to stuck port data_in                                              ;
; disparity_estimator:DISP_EST_RED|dividend_pipe[7][10]                   ; Stuck at GND due to stuck port data_in                                              ;
; disparity_estimator:DISP_EST_RED|dividend_pipe[7][9]                    ; Stuck at GND due to stuck port data_in                                              ;
; disparity_estimator:DISP_EST_RED|dividend_pipe[7][8]                    ; Stuck at GND due to stuck port data_in                                              ;
; disparity_estimator:DISP_EST_RED|dividend_pipe[7][7]                    ; Stuck at GND due to stuck port data_in                                              ;
; disparity_estimator:DISP_EST_RED|dividend_pipe[8][23]                   ; Stuck at GND due to stuck port data_in                                              ;
; disparity_estimator:DISP_EST_RED|dividend_pipe[8][22]                   ; Stuck at GND due to stuck port data_in                                              ;
; disparity_estimator:DISP_EST_RED|dividend_pipe[8][21]                   ; Stuck at GND due to stuck port data_in                                              ;
; disparity_estimator:DISP_EST_RED|dividend_pipe[8][20]                   ; Stuck at GND due to stuck port data_in                                              ;
; disparity_estimator:DISP_EST_RED|dividend_pipe[8][19]                   ; Stuck at GND due to stuck port data_in                                              ;
; disparity_estimator:DISP_EST_RED|dividend_pipe[8][18]                   ; Stuck at GND due to stuck port data_in                                              ;
; disparity_estimator:DISP_EST_RED|dividend_pipe[8][17]                   ; Stuck at GND due to stuck port data_in                                              ;
; disparity_estimator:DISP_EST_RED|dividend_pipe[8][16]                   ; Stuck at GND due to stuck port data_in                                              ;
; disparity_estimator:DISP_EST_RED|dividend_pipe[8][15]                   ; Stuck at GND due to stuck port data_in                                              ;
; disparity_estimator:DISP_EST_RED|dividend_pipe[8][14]                   ; Stuck at GND due to stuck port data_in                                              ;
; disparity_estimator:DISP_EST_RED|dividend_pipe[8][13]                   ; Stuck at GND due to stuck port data_in                                              ;
; disparity_estimator:DISP_EST_RED|dividend_pipe[8][12]                   ; Stuck at GND due to stuck port data_in                                              ;
; disparity_estimator:DISP_EST_RED|dividend_pipe[8][11]                   ; Stuck at GND due to stuck port data_in                                              ;
; disparity_estimator:DISP_EST_RED|dividend_pipe[8][10]                   ; Stuck at GND due to stuck port data_in                                              ;
; disparity_estimator:DISP_EST_RED|dividend_pipe[8][9]                    ; Stuck at GND due to stuck port data_in                                              ;
; disparity_estimator:DISP_EST_RED|dividend_pipe[8][8]                    ; Stuck at GND due to stuck port data_in                                              ;
; disparity_estimator:DISP_EST_RED|dividend_pipe[9][24]                   ; Stuck at GND due to stuck port data_in                                              ;
; disparity_estimator:DISP_EST_RED|dividend_pipe[9][23]                   ; Stuck at GND due to stuck port data_in                                              ;
; disparity_estimator:DISP_EST_RED|dividend_pipe[9][22]                   ; Stuck at GND due to stuck port data_in                                              ;
; disparity_estimator:DISP_EST_RED|dividend_pipe[9][21]                   ; Stuck at GND due to stuck port data_in                                              ;
; disparity_estimator:DISP_EST_RED|dividend_pipe[9][20]                   ; Stuck at GND due to stuck port data_in                                              ;
; disparity_estimator:DISP_EST_RED|dividend_pipe[9][19]                   ; Stuck at GND due to stuck port data_in                                              ;
; disparity_estimator:DISP_EST_RED|dividend_pipe[9][18]                   ; Stuck at GND due to stuck port data_in                                              ;
; disparity_estimator:DISP_EST_RED|dividend_pipe[9][17]                   ; Stuck at GND due to stuck port data_in                                              ;
; disparity_estimator:DISP_EST_RED|dividend_pipe[9][16]                   ; Stuck at GND due to stuck port data_in                                              ;
; disparity_estimator:DISP_EST_RED|dividend_pipe[9][15]                   ; Stuck at GND due to stuck port data_in                                              ;
; disparity_estimator:DISP_EST_RED|dividend_pipe[9][14]                   ; Stuck at GND due to stuck port data_in                                              ;
; disparity_estimator:DISP_EST_RED|dividend_pipe[9][13]                   ; Stuck at GND due to stuck port data_in                                              ;
; disparity_estimator:DISP_EST_RED|dividend_pipe[9][12]                   ; Stuck at GND due to stuck port data_in                                              ;
; disparity_estimator:DISP_EST_RED|dividend_pipe[9][11]                   ; Stuck at GND due to stuck port data_in                                              ;
; disparity_estimator:DISP_EST_RED|dividend_pipe[9][10]                   ; Stuck at GND due to stuck port data_in                                              ;
; disparity_estimator:DISP_EST_RED|dividend_pipe[9][9]                    ; Stuck at GND due to stuck port data_in                                              ;
; disparity_estimator:DISP_EST_RED|dividend_pipe[10][25]                  ; Stuck at GND due to stuck port data_in                                              ;
; disparity_estimator:DISP_EST_RED|dividend_pipe[10][24]                  ; Stuck at GND due to stuck port data_in                                              ;
; disparity_estimator:DISP_EST_RED|dividend_pipe[10][23]                  ; Stuck at GND due to stuck port data_in                                              ;
; disparity_estimator:DISP_EST_RED|dividend_pipe[10][22]                  ; Stuck at GND due to stuck port data_in                                              ;
; disparity_estimator:DISP_EST_RED|dividend_pipe[10][21]                  ; Stuck at GND due to stuck port data_in                                              ;
; disparity_estimator:DISP_EST_RED|dividend_pipe[10][20]                  ; Stuck at GND due to stuck port data_in                                              ;
; disparity_estimator:DISP_EST_RED|dividend_pipe[10][19]                  ; Stuck at GND due to stuck port data_in                                              ;
; disparity_estimator:DISP_EST_RED|dividend_pipe[10][18]                  ; Stuck at GND due to stuck port data_in                                              ;
; disparity_estimator:DISP_EST_RED|dividend_pipe[10][17]                  ; Stuck at GND due to stuck port data_in                                              ;
; disparity_estimator:DISP_EST_RED|dividend_pipe[10][16]                  ; Stuck at GND due to stuck port data_in                                              ;
; disparity_estimator:DISP_EST_RED|dividend_pipe[10][15]                  ; Stuck at GND due to stuck port data_in                                              ;
; disparity_estimator:DISP_EST_RED|dividend_pipe[10][14]                  ; Stuck at GND due to stuck port data_in                                              ;
; disparity_estimator:DISP_EST_RED|dividend_pipe[10][13]                  ; Stuck at GND due to stuck port data_in                                              ;
; disparity_estimator:DISP_EST_RED|dividend_pipe[10][12]                  ; Stuck at GND due to stuck port data_in                                              ;
; disparity_estimator:DISP_EST_RED|dividend_pipe[10][11]                  ; Stuck at GND due to stuck port data_in                                              ;
; disparity_estimator:DISP_EST_RED|dividend_pipe[10][10]                  ; Stuck at GND due to stuck port data_in                                              ;
; disparity_estimator:DISP_EST_RED|dividend_pipe[11][26]                  ; Stuck at GND due to stuck port data_in                                              ;
; disparity_estimator:DISP_EST_RED|dividend_pipe[11][25]                  ; Stuck at GND due to stuck port data_in                                              ;
; disparity_estimator:DISP_EST_RED|dividend_pipe[11][24]                  ; Stuck at GND due to stuck port data_in                                              ;
; disparity_estimator:DISP_EST_RED|dividend_pipe[11][23]                  ; Stuck at GND due to stuck port data_in                                              ;
; disparity_estimator:DISP_EST_RED|dividend_pipe[11][22]                  ; Stuck at GND due to stuck port data_in                                              ;
; disparity_estimator:DISP_EST_RED|dividend_pipe[11][21]                  ; Stuck at GND due to stuck port data_in                                              ;
; disparity_estimator:DISP_EST_RED|dividend_pipe[11][20]                  ; Stuck at GND due to stuck port data_in                                              ;
; disparity_estimator:DISP_EST_RED|dividend_pipe[11][19]                  ; Stuck at GND due to stuck port data_in                                              ;
; disparity_estimator:DISP_EST_RED|dividend_pipe[11][18]                  ; Stuck at GND due to stuck port data_in                                              ;
; disparity_estimator:DISP_EST_RED|dividend_pipe[11][17]                  ; Stuck at GND due to stuck port data_in                                              ;
; disparity_estimator:DISP_EST_RED|dividend_pipe[11][16]                  ; Stuck at GND due to stuck port data_in                                              ;
; disparity_estimator:DISP_EST_RED|dividend_pipe[11][15]                  ; Stuck at GND due to stuck port data_in                                              ;
; disparity_estimator:DISP_EST_RED|dividend_pipe[11][14]                  ; Stuck at GND due to stuck port data_in                                              ;
; disparity_estimator:DISP_EST_RED|dividend_pipe[11][13]                  ; Stuck at GND due to stuck port data_in                                              ;
; disparity_estimator:DISP_EST_RED|dividend_pipe[11][12]                  ; Stuck at GND due to stuck port data_in                                              ;
; disparity_estimator:DISP_EST_RED|dividend_pipe[11][11]                  ; Stuck at GND due to stuck port data_in                                              ;
; disparity_estimator:DISP_EST_RED|dividend_pipe[12][27]                  ; Stuck at GND due to stuck port data_in                                              ;
; disparity_estimator:DISP_EST_RED|dividend_pipe[12][26]                  ; Stuck at GND due to stuck port data_in                                              ;
; disparity_estimator:DISP_EST_RED|dividend_pipe[12][25]                  ; Stuck at GND due to stuck port data_in                                              ;
; disparity_estimator:DISP_EST_RED|dividend_pipe[12][24]                  ; Stuck at GND due to stuck port data_in                                              ;
; disparity_estimator:DISP_EST_RED|dividend_pipe[12][23]                  ; Stuck at GND due to stuck port data_in                                              ;
; disparity_estimator:DISP_EST_RED|dividend_pipe[12][22]                  ; Stuck at GND due to stuck port data_in                                              ;
; disparity_estimator:DISP_EST_RED|dividend_pipe[12][21]                  ; Stuck at GND due to stuck port data_in                                              ;
; disparity_estimator:DISP_EST_RED|dividend_pipe[12][20]                  ; Stuck at GND due to stuck port data_in                                              ;
; disparity_estimator:DISP_EST_RED|dividend_pipe[12][19]                  ; Stuck at GND due to stuck port data_in                                              ;
; disparity_estimator:DISP_EST_RED|dividend_pipe[12][18]                  ; Stuck at GND due to stuck port data_in                                              ;
; disparity_estimator:DISP_EST_RED|dividend_pipe[12][17]                  ; Stuck at GND due to stuck port data_in                                              ;
; disparity_estimator:DISP_EST_RED|dividend_pipe[12][16]                  ; Stuck at GND due to stuck port data_in                                              ;
; disparity_estimator:DISP_EST_RED|dividend_pipe[12][15]                  ; Stuck at GND due to stuck port data_in                                              ;
; disparity_estimator:DISP_EST_RED|dividend_pipe[12][14]                  ; Stuck at GND due to stuck port data_in                                              ;
; disparity_estimator:DISP_EST_RED|dividend_pipe[12][13]                  ; Stuck at GND due to stuck port data_in                                              ;
; disparity_estimator:DISP_EST_RED|dividend_pipe[12][12]                  ; Stuck at GND due to stuck port data_in                                              ;
; disparity_estimator:DISP_EST_RED|dividend_pipe[13][28]                  ; Stuck at GND due to stuck port data_in                                              ;
; disparity_estimator:DISP_EST_RED|dividend_pipe[13][27]                  ; Stuck at GND due to stuck port data_in                                              ;
; disparity_estimator:DISP_EST_RED|dividend_pipe[13][26]                  ; Stuck at GND due to stuck port data_in                                              ;
; disparity_estimator:DISP_EST_RED|dividend_pipe[13][25]                  ; Stuck at GND due to stuck port data_in                                              ;
; disparity_estimator:DISP_EST_RED|dividend_pipe[13][24]                  ; Stuck at GND due to stuck port data_in                                              ;
; disparity_estimator:DISP_EST_RED|dividend_pipe[13][23]                  ; Stuck at GND due to stuck port data_in                                              ;
; disparity_estimator:DISP_EST_RED|dividend_pipe[13][22]                  ; Stuck at GND due to stuck port data_in                                              ;
; disparity_estimator:DISP_EST_RED|dividend_pipe[13][21]                  ; Stuck at GND due to stuck port data_in                                              ;
; disparity_estimator:DISP_EST_RED|dividend_pipe[13][20]                  ; Stuck at GND due to stuck port data_in                                              ;
; disparity_estimator:DISP_EST_RED|dividend_pipe[13][19]                  ; Stuck at GND due to stuck port data_in                                              ;
; disparity_estimator:DISP_EST_RED|dividend_pipe[13][18]                  ; Stuck at GND due to stuck port data_in                                              ;
; disparity_estimator:DISP_EST_RED|dividend_pipe[13][17]                  ; Stuck at GND due to stuck port data_in                                              ;
; disparity_estimator:DISP_EST_RED|dividend_pipe[13][16]                  ; Stuck at GND due to stuck port data_in                                              ;
; disparity_estimator:DISP_EST_RED|dividend_pipe[13][15]                  ; Stuck at GND due to stuck port data_in                                              ;
; disparity_estimator:DISP_EST_RED|dividend_pipe[13][14]                  ; Stuck at GND due to stuck port data_in                                              ;
; disparity_estimator:DISP_EST_RED|dividend_pipe[13][13]                  ; Stuck at GND due to stuck port data_in                                              ;
; disparity_estimator:DISP_EST_RED|dividend_pipe[14][29]                  ; Stuck at GND due to stuck port data_in                                              ;
; disparity_estimator:DISP_EST_RED|dividend_pipe[14][28]                  ; Stuck at GND due to stuck port data_in                                              ;
; disparity_estimator:DISP_EST_RED|dividend_pipe[14][27]                  ; Stuck at GND due to stuck port data_in                                              ;
; disparity_estimator:DISP_EST_RED|dividend_pipe[14][26]                  ; Stuck at GND due to stuck port data_in                                              ;
; disparity_estimator:DISP_EST_RED|dividend_pipe[14][25]                  ; Stuck at GND due to stuck port data_in                                              ;
; disparity_estimator:DISP_EST_RED|dividend_pipe[14][24]                  ; Stuck at GND due to stuck port data_in                                              ;
; disparity_estimator:DISP_EST_RED|dividend_pipe[14][23]                  ; Stuck at GND due to stuck port data_in                                              ;
; disparity_estimator:DISP_EST_RED|dividend_pipe[14][22]                  ; Stuck at GND due to stuck port data_in                                              ;
; disparity_estimator:DISP_EST_RED|dividend_pipe[14][21]                  ; Stuck at GND due to stuck port data_in                                              ;
; disparity_estimator:DISP_EST_RED|dividend_pipe[14][20]                  ; Stuck at GND due to stuck port data_in                                              ;
; disparity_estimator:DISP_EST_RED|dividend_pipe[14][19]                  ; Stuck at GND due to stuck port data_in                                              ;
; disparity_estimator:DISP_EST_RED|dividend_pipe[14][18]                  ; Stuck at GND due to stuck port data_in                                              ;
; disparity_estimator:DISP_EST_RED|dividend_pipe[14][17]                  ; Stuck at GND due to stuck port data_in                                              ;
; disparity_estimator:DISP_EST_RED|dividend_pipe[14][16]                  ; Stuck at GND due to stuck port data_in                                              ;
; disparity_estimator:DISP_EST_RED|dividend_pipe[14][15]                  ; Stuck at GND due to stuck port data_in                                              ;
; disparity_estimator:DISP_EST_RED|dividend_pipe[14][14]                  ; Stuck at GND due to stuck port data_in                                              ;
; disparity_estimator:DISP_EST_RED|dividend_pipe[15][30]                  ; Stuck at GND due to stuck port data_in                                              ;
; disparity_estimator:DISP_EST_RED|dividend_pipe[15][29]                  ; Stuck at GND due to stuck port data_in                                              ;
; disparity_estimator:DISP_EST_RED|dividend_pipe[15][28]                  ; Stuck at GND due to stuck port data_in                                              ;
; disparity_estimator:DISP_EST_RED|dividend_pipe[15][27]                  ; Stuck at GND due to stuck port data_in                                              ;
; disparity_estimator:DISP_EST_RED|dividend_pipe[15][26]                  ; Stuck at GND due to stuck port data_in                                              ;
; disparity_estimator:DISP_EST_RED|dividend_pipe[15][25]                  ; Stuck at GND due to stuck port data_in                                              ;
; disparity_estimator:DISP_EST_RED|dividend_pipe[15][24]                  ; Stuck at GND due to stuck port data_in                                              ;
; disparity_estimator:DISP_EST_RED|dividend_pipe[15][23]                  ; Stuck at GND due to stuck port data_in                                              ;
; disparity_estimator:DISP_EST_RED|dividend_pipe[15][22]                  ; Stuck at GND due to stuck port data_in                                              ;
; disparity_estimator:DISP_EST_RED|dividend_pipe[15][21]                  ; Stuck at GND due to stuck port data_in                                              ;
; disparity_estimator:DISP_EST_RED|dividend_pipe[15][20]                  ; Stuck at GND due to stuck port data_in                                              ;
; disparity_estimator:DISP_EST_RED|dividend_pipe[15][19]                  ; Stuck at GND due to stuck port data_in                                              ;
; disparity_estimator:DISP_EST_RED|dividend_pipe[15][18]                  ; Stuck at GND due to stuck port data_in                                              ;
; disparity_estimator:DISP_EST_RED|dividend_pipe[15][17]                  ; Stuck at GND due to stuck port data_in                                              ;
; disparity_estimator:DISP_EST_RED|dividend_pipe[15][16]                  ; Stuck at GND due to stuck port data_in                                              ;
; disparity_estimator:DISP_EST_RED|dividend_pipe[15][15]                  ; Stuck at GND due to stuck port data_in                                              ;
; disparity_estimator:DISP_EST_RED|dividend_pipe[16][31]                  ; Stuck at GND due to stuck port data_in                                              ;
; disparity_estimator:DISP_EST_RED|dividend_pipe[16][30]                  ; Stuck at GND due to stuck port data_in                                              ;
; disparity_estimator:DISP_EST_RED|dividend_pipe[16][29]                  ; Stuck at GND due to stuck port data_in                                              ;
; disparity_estimator:DISP_EST_RED|dividend_pipe[16][28]                  ; Stuck at GND due to stuck port data_in                                              ;
; disparity_estimator:DISP_EST_RED|dividend_pipe[16][27]                  ; Stuck at GND due to stuck port data_in                                              ;
; disparity_estimator:DISP_EST_RED|dividend_pipe[16][26]                  ; Stuck at GND due to stuck port data_in                                              ;
; disparity_estimator:DISP_EST_RED|dividend_pipe[16][25]                  ; Stuck at GND due to stuck port data_in                                              ;
; disparity_estimator:DISP_EST_RED|dividend_pipe[16][24]                  ; Stuck at GND due to stuck port data_in                                              ;
; disparity_estimator:DISP_EST_RED|dividend_pipe[16][23]                  ; Stuck at GND due to stuck port data_in                                              ;
; disparity_estimator:DISP_EST_RED|dividend_pipe[16][22]                  ; Stuck at GND due to stuck port data_in                                              ;
; disparity_estimator:DISP_EST_RED|dividend_pipe[16][21]                  ; Stuck at GND due to stuck port data_in                                              ;
; disparity_estimator:DISP_EST_RED|dividend_pipe[16][20]                  ; Stuck at GND due to stuck port data_in                                              ;
; disparity_estimator:DISP_EST_RED|dividend_pipe[16][19]                  ; Stuck at GND due to stuck port data_in                                              ;
; disparity_estimator:DISP_EST_RED|dividend_pipe[16][18]                  ; Stuck at GND due to stuck port data_in                                              ;
; disparity_estimator:DISP_EST_RED|dividend_pipe[16][17]                  ; Stuck at GND due to stuck port data_in                                              ;
; disparity_estimator:DISP_EST_RED|dividend_pipe[16][16]                  ; Stuck at GND due to stuck port data_in                                              ;
; disparity_estimator:DISP_EST_RED|dividend_pipe[17][32]                  ; Stuck at GND due to stuck port data_in                                              ;
; disparity_estimator:DISP_EST_RED|dividend_pipe[17][31]                  ; Stuck at GND due to stuck port data_in                                              ;
; disparity_estimator:DISP_EST_RED|dividend_pipe[17][30]                  ; Stuck at GND due to stuck port data_in                                              ;
; disparity_estimator:DISP_EST_RED|dividend_pipe[17][29]                  ; Stuck at GND due to stuck port data_in                                              ;
; disparity_estimator:DISP_EST_RED|dividend_pipe[17][28]                  ; Stuck at GND due to stuck port data_in                                              ;
; disparity_estimator:DISP_EST_RED|dividend_pipe[17][27]                  ; Stuck at GND due to stuck port data_in                                              ;
; disparity_estimator:DISP_EST_RED|dividend_pipe[17][26]                  ; Stuck at GND due to stuck port data_in                                              ;
; disparity_estimator:DISP_EST_RED|dividend_pipe[17][25]                  ; Stuck at GND due to stuck port data_in                                              ;
; disparity_estimator:DISP_EST_RED|dividend_pipe[17][24]                  ; Stuck at GND due to stuck port data_in                                              ;
; disparity_estimator:DISP_EST_RED|dividend_pipe[17][23]                  ; Stuck at GND due to stuck port data_in                                              ;
; disparity_estimator:DISP_EST_RED|dividend_pipe[17][22]                  ; Stuck at GND due to stuck port data_in                                              ;
; disparity_estimator:DISP_EST_RED|dividend_pipe[17][21]                  ; Stuck at GND due to stuck port data_in                                              ;
; disparity_estimator:DISP_EST_RED|dividend_pipe[17][20]                  ; Stuck at GND due to stuck port data_in                                              ;
; disparity_estimator:DISP_EST_RED|dividend_pipe[17][19]                  ; Stuck at GND due to stuck port data_in                                              ;
; disparity_estimator:DISP_EST_RED|dividend_pipe[17][18]                  ; Stuck at GND due to stuck port data_in                                              ;
; disparity_estimator:DISP_EST_RED|dividend_pipe[17][17]                  ; Stuck at GND due to stuck port data_in                                              ;
; disparity_estimator:DISP_EST_RED|dividend_pipe[18][33]                  ; Stuck at GND due to stuck port data_in                                              ;
; disparity_estimator:DISP_EST_RED|dividend_pipe[18][32]                  ; Stuck at GND due to stuck port data_in                                              ;
; disparity_estimator:DISP_EST_RED|dividend_pipe[18][31]                  ; Stuck at GND due to stuck port data_in                                              ;
; disparity_estimator:DISP_EST_RED|dividend_pipe[18][30]                  ; Stuck at GND due to stuck port data_in                                              ;
; disparity_estimator:DISP_EST_RED|dividend_pipe[18][29]                  ; Stuck at GND due to stuck port data_in                                              ;
; disparity_estimator:DISP_EST_RED|dividend_pipe[18][28]                  ; Stuck at GND due to stuck port data_in                                              ;
; disparity_estimator:DISP_EST_RED|dividend_pipe[18][27]                  ; Stuck at GND due to stuck port data_in                                              ;
; disparity_estimator:DISP_EST_RED|dividend_pipe[18][26]                  ; Stuck at GND due to stuck port data_in                                              ;
; disparity_estimator:DISP_EST_RED|dividend_pipe[18][25]                  ; Stuck at GND due to stuck port data_in                                              ;
; disparity_estimator:DISP_EST_RED|dividend_pipe[18][24]                  ; Stuck at GND due to stuck port data_in                                              ;
; disparity_estimator:DISP_EST_RED|dividend_pipe[18][23]                  ; Stuck at GND due to stuck port data_in                                              ;
; disparity_estimator:DISP_EST_RED|dividend_pipe[18][22]                  ; Stuck at GND due to stuck port data_in                                              ;
; disparity_estimator:DISP_EST_RED|dividend_pipe[18][21]                  ; Stuck at GND due to stuck port data_in                                              ;
; disparity_estimator:DISP_EST_RED|dividend_pipe[18][20]                  ; Stuck at GND due to stuck port data_in                                              ;
; disparity_estimator:DISP_EST_RED|dividend_pipe[18][19]                  ; Stuck at GND due to stuck port data_in                                              ;
; disparity_estimator:DISP_EST_RED|dividend_pipe[18][18]                  ; Stuck at GND due to stuck port data_in                                              ;
; disparity_estimator:DISP_EST_RED|dividend_pipe[19][34]                  ; Stuck at GND due to stuck port data_in                                              ;
; disparity_estimator:DISP_EST_RED|dividend_pipe[19][33]                  ; Stuck at GND due to stuck port data_in                                              ;
; disparity_estimator:DISP_EST_RED|dividend_pipe[19][32]                  ; Stuck at GND due to stuck port data_in                                              ;
; disparity_estimator:DISP_EST_RED|dividend_pipe[19][31]                  ; Stuck at GND due to stuck port data_in                                              ;
; disparity_estimator:DISP_EST_RED|dividend_pipe[19][30]                  ; Stuck at GND due to stuck port data_in                                              ;
; disparity_estimator:DISP_EST_RED|dividend_pipe[19][29]                  ; Stuck at GND due to stuck port data_in                                              ;
; disparity_estimator:DISP_EST_RED|dividend_pipe[19][28]                  ; Stuck at GND due to stuck port data_in                                              ;
; disparity_estimator:DISP_EST_RED|dividend_pipe[19][27]                  ; Stuck at GND due to stuck port data_in                                              ;
; disparity_estimator:DISP_EST_RED|dividend_pipe[19][26]                  ; Stuck at GND due to stuck port data_in                                              ;
; disparity_estimator:DISP_EST_RED|dividend_pipe[19][25]                  ; Stuck at GND due to stuck port data_in                                              ;
; disparity_estimator:DISP_EST_RED|dividend_pipe[19][24]                  ; Stuck at GND due to stuck port data_in                                              ;
; disparity_estimator:DISP_EST_RED|dividend_pipe[19][23]                  ; Stuck at GND due to stuck port data_in                                              ;
; disparity_estimator:DISP_EST_RED|dividend_pipe[19][22]                  ; Stuck at GND due to stuck port data_in                                              ;
; disparity_estimator:DISP_EST_RED|dividend_pipe[19][21]                  ; Stuck at GND due to stuck port data_in                                              ;
; disparity_estimator:DISP_EST_RED|dividend_pipe[19][20]                  ; Stuck at GND due to stuck port data_in                                              ;
; disparity_estimator:DISP_EST_RED|dividend_pipe[19][19]                  ; Stuck at GND due to stuck port data_in                                              ;
; disparity_estimator:DISP_EST_RED|dividend_pipe[20][35]                  ; Stuck at GND due to stuck port data_in                                              ;
; disparity_estimator:DISP_EST_RED|dividend_pipe[20][34]                  ; Stuck at GND due to stuck port data_in                                              ;
; disparity_estimator:DISP_EST_RED|dividend_pipe[20][33]                  ; Stuck at GND due to stuck port data_in                                              ;
; disparity_estimator:DISP_EST_RED|dividend_pipe[20][32]                  ; Stuck at GND due to stuck port data_in                                              ;
; disparity_estimator:DISP_EST_RED|dividend_pipe[20][31]                  ; Stuck at GND due to stuck port data_in                                              ;
; disparity_estimator:DISP_EST_RED|dividend_pipe[20][30]                  ; Stuck at GND due to stuck port data_in                                              ;
; disparity_estimator:DISP_EST_RED|dividend_pipe[20][29]                  ; Stuck at GND due to stuck port data_in                                              ;
; disparity_estimator:DISP_EST_RED|dividend_pipe[20][28]                  ; Stuck at GND due to stuck port data_in                                              ;
; disparity_estimator:DISP_EST_RED|dividend_pipe[20][27]                  ; Stuck at GND due to stuck port data_in                                              ;
; disparity_estimator:DISP_EST_RED|dividend_pipe[20][26]                  ; Stuck at GND due to stuck port data_in                                              ;
; disparity_estimator:DISP_EST_RED|dividend_pipe[20][25]                  ; Stuck at GND due to stuck port data_in                                              ;
; disparity_estimator:DISP_EST_RED|dividend_pipe[20][24]                  ; Stuck at GND due to stuck port data_in                                              ;
; disparity_estimator:DISP_EST_RED|dividend_pipe[20][23]                  ; Stuck at GND due to stuck port data_in                                              ;
; disparity_estimator:DISP_EST_RED|dividend_pipe[20][22]                  ; Stuck at GND due to stuck port data_in                                              ;
; disparity_estimator:DISP_EST_RED|dividend_pipe[20][21]                  ; Stuck at GND due to stuck port data_in                                              ;
; disparity_estimator:DISP_EST_RED|dividend_pipe[20][20]                  ; Stuck at GND due to stuck port data_in                                              ;
; disparity_estimator:DISP_EST_RED|dividend_pipe[21][36]                  ; Stuck at GND due to stuck port data_in                                              ;
; disparity_estimator:DISP_EST_RED|dividend_pipe[21][35]                  ; Stuck at GND due to stuck port data_in                                              ;
; disparity_estimator:DISP_EST_RED|dividend_pipe[21][34]                  ; Stuck at GND due to stuck port data_in                                              ;
; disparity_estimator:DISP_EST_RED|dividend_pipe[21][33]                  ; Stuck at GND due to stuck port data_in                                              ;
; disparity_estimator:DISP_EST_RED|dividend_pipe[21][32]                  ; Stuck at GND due to stuck port data_in                                              ;
; disparity_estimator:DISP_EST_RED|dividend_pipe[21][31]                  ; Stuck at GND due to stuck port data_in                                              ;
; disparity_estimator:DISP_EST_RED|dividend_pipe[21][30]                  ; Stuck at GND due to stuck port data_in                                              ;
; disparity_estimator:DISP_EST_RED|dividend_pipe[21][29]                  ; Stuck at GND due to stuck port data_in                                              ;
; disparity_estimator:DISP_EST_RED|dividend_pipe[21][28]                  ; Stuck at GND due to stuck port data_in                                              ;
; disparity_estimator:DISP_EST_RED|dividend_pipe[21][27]                  ; Stuck at GND due to stuck port data_in                                              ;
; disparity_estimator:DISP_EST_RED|dividend_pipe[21][26]                  ; Stuck at GND due to stuck port data_in                                              ;
; disparity_estimator:DISP_EST_RED|dividend_pipe[21][25]                  ; Stuck at GND due to stuck port data_in                                              ;
; disparity_estimator:DISP_EST_RED|dividend_pipe[21][24]                  ; Stuck at GND due to stuck port data_in                                              ;
; disparity_estimator:DISP_EST_RED|dividend_pipe[21][23]                  ; Stuck at GND due to stuck port data_in                                              ;
; disparity_estimator:DISP_EST_RED|dividend_pipe[21][22]                  ; Stuck at GND due to stuck port data_in                                              ;
; disparity_estimator:DISP_EST_RED|dividend_pipe[21][21]                  ; Stuck at GND due to stuck port data_in                                              ;
; disparity_estimator:DISP_EST_RED|dividend_pipe[22][37]                  ; Stuck at GND due to stuck port data_in                                              ;
; disparity_estimator:DISP_EST_RED|dividend_pipe[22][36]                  ; Stuck at GND due to stuck port data_in                                              ;
; disparity_estimator:DISP_EST_RED|dividend_pipe[22][35]                  ; Stuck at GND due to stuck port data_in                                              ;
; disparity_estimator:DISP_EST_RED|dividend_pipe[22][34]                  ; Stuck at GND due to stuck port data_in                                              ;
; disparity_estimator:DISP_EST_RED|dividend_pipe[22][33]                  ; Stuck at GND due to stuck port data_in                                              ;
; disparity_estimator:DISP_EST_RED|dividend_pipe[22][32]                  ; Stuck at GND due to stuck port data_in                                              ;
; disparity_estimator:DISP_EST_RED|dividend_pipe[22][31]                  ; Stuck at GND due to stuck port data_in                                              ;
; disparity_estimator:DISP_EST_RED|dividend_pipe[22][30]                  ; Stuck at GND due to stuck port data_in                                              ;
; disparity_estimator:DISP_EST_RED|dividend_pipe[22][29]                  ; Stuck at GND due to stuck port data_in                                              ;
; disparity_estimator:DISP_EST_RED|dividend_pipe[22][28]                  ; Stuck at GND due to stuck port data_in                                              ;
; disparity_estimator:DISP_EST_RED|dividend_pipe[22][27]                  ; Stuck at GND due to stuck port data_in                                              ;
; disparity_estimator:DISP_EST_RED|dividend_pipe[22][26]                  ; Stuck at GND due to stuck port data_in                                              ;
; disparity_estimator:DISP_EST_RED|dividend_pipe[22][25]                  ; Stuck at GND due to stuck port data_in                                              ;
; disparity_estimator:DISP_EST_RED|dividend_pipe[22][24]                  ; Stuck at GND due to stuck port data_in                                              ;
; disparity_estimator:DISP_EST_RED|dividend_pipe[22][23]                  ; Stuck at GND due to stuck port data_in                                              ;
; disparity_estimator:DISP_EST_RED|dividend_pipe[22][22]                  ; Stuck at GND due to stuck port data_in                                              ;
; disparity_estimator:DISP_EST_RED|dividend_pipe[23][38]                  ; Stuck at GND due to stuck port data_in                                              ;
; disparity_estimator:DISP_EST_RED|dividend_pipe[23][37]                  ; Stuck at GND due to stuck port data_in                                              ;
; disparity_estimator:DISP_EST_RED|dividend_pipe[23][36]                  ; Stuck at GND due to stuck port data_in                                              ;
; disparity_estimator:DISP_EST_RED|dividend_pipe[23][35]                  ; Stuck at GND due to stuck port data_in                                              ;
; disparity_estimator:DISP_EST_RED|dividend_pipe[23][34]                  ; Stuck at GND due to stuck port data_in                                              ;
; disparity_estimator:DISP_EST_RED|dividend_pipe[23][33]                  ; Stuck at GND due to stuck port data_in                                              ;
; disparity_estimator:DISP_EST_RED|dividend_pipe[23][32]                  ; Stuck at GND due to stuck port data_in                                              ;
; disparity_estimator:DISP_EST_RED|dividend_pipe[23][31]                  ; Stuck at GND due to stuck port data_in                                              ;
; disparity_estimator:DISP_EST_RED|dividend_pipe[23][30]                  ; Stuck at GND due to stuck port data_in                                              ;
; disparity_estimator:DISP_EST_RED|dividend_pipe[23][29]                  ; Stuck at GND due to stuck port data_in                                              ;
; disparity_estimator:DISP_EST_RED|dividend_pipe[23][28]                  ; Stuck at GND due to stuck port data_in                                              ;
; disparity_estimator:DISP_EST_RED|dividend_pipe[23][27]                  ; Stuck at GND due to stuck port data_in                                              ;
; disparity_estimator:DISP_EST_RED|dividend_pipe[23][26]                  ; Stuck at GND due to stuck port data_in                                              ;
; disparity_estimator:DISP_EST_RED|dividend_pipe[23][25]                  ; Stuck at GND due to stuck port data_in                                              ;
; disparity_estimator:DISP_EST_RED|dividend_pipe[23][24]                  ; Stuck at GND due to stuck port data_in                                              ;
; disparity_estimator:DISP_EST_RED|dividend_pipe[23][23]                  ; Stuck at GND due to stuck port data_in                                              ;
; disparity_estimator:DISP_EST_RED|dividend_pipe[24][39]                  ; Stuck at GND due to stuck port data_in                                              ;
; disparity_estimator:DISP_EST_RED|dividend_pipe[24][38]                  ; Stuck at GND due to stuck port data_in                                              ;
; disparity_estimator:DISP_EST_RED|dividend_pipe[24][37]                  ; Stuck at GND due to stuck port data_in                                              ;
; disparity_estimator:DISP_EST_RED|dividend_pipe[24][36]                  ; Stuck at GND due to stuck port data_in                                              ;
; disparity_estimator:DISP_EST_RED|dividend_pipe[24][35]                  ; Stuck at GND due to stuck port data_in                                              ;
; disparity_estimator:DISP_EST_RED|dividend_pipe[24][34]                  ; Stuck at GND due to stuck port data_in                                              ;
; disparity_estimator:DISP_EST_RED|dividend_pipe[24][33]                  ; Stuck at GND due to stuck port data_in                                              ;
; disparity_estimator:DISP_EST_RED|dividend_pipe[24][32]                  ; Stuck at GND due to stuck port data_in                                              ;
; disparity_estimator:DISP_EST_RED|dividend_pipe[24][31]                  ; Stuck at GND due to stuck port data_in                                              ;
; disparity_estimator:DISP_EST_RED|dividend_pipe[24][30]                  ; Stuck at GND due to stuck port data_in                                              ;
; disparity_estimator:DISP_EST_RED|dividend_pipe[24][29]                  ; Stuck at GND due to stuck port data_in                                              ;
; disparity_estimator:DISP_EST_RED|dividend_pipe[24][28]                  ; Stuck at GND due to stuck port data_in                                              ;
; disparity_estimator:DISP_EST_RED|dividend_pipe[24][27]                  ; Stuck at GND due to stuck port data_in                                              ;
; disparity_estimator:DISP_EST_RED|dividend_pipe[24][26]                  ; Stuck at GND due to stuck port data_in                                              ;
; disparity_estimator:DISP_EST_RED|dividend_pipe[24][25]                  ; Stuck at GND due to stuck port data_in                                              ;
; disparity_estimator:DISP_EST_RED|dividend_pipe[24][24]                  ; Stuck at GND due to stuck port data_in                                              ;
; disparity_estimator:DISP_EST_RED|dividend_pipe[25][40]                  ; Stuck at GND due to stuck port data_in                                              ;
; disparity_estimator:DISP_EST_RED|dividend_pipe[25][39]                  ; Stuck at GND due to stuck port data_in                                              ;
; disparity_estimator:DISP_EST_RED|dividend_pipe[25][38]                  ; Stuck at GND due to stuck port data_in                                              ;
; disparity_estimator:DISP_EST_RED|dividend_pipe[25][37]                  ; Stuck at GND due to stuck port data_in                                              ;
; disparity_estimator:DISP_EST_RED|dividend_pipe[25][36]                  ; Stuck at GND due to stuck port data_in                                              ;
; disparity_estimator:DISP_EST_RED|dividend_pipe[25][35]                  ; Stuck at GND due to stuck port data_in                                              ;
; disparity_estimator:DISP_EST_RED|dividend_pipe[25][34]                  ; Stuck at GND due to stuck port data_in                                              ;
; disparity_estimator:DISP_EST_RED|dividend_pipe[25][33]                  ; Stuck at GND due to stuck port data_in                                              ;
; disparity_estimator:DISP_EST_RED|dividend_pipe[25][32]                  ; Stuck at GND due to stuck port data_in                                              ;
; disparity_estimator:DISP_EST_RED|dividend_pipe[25][31]                  ; Stuck at GND due to stuck port data_in                                              ;
; disparity_estimator:DISP_EST_RED|dividend_pipe[25][30]                  ; Stuck at GND due to stuck port data_in                                              ;
; disparity_estimator:DISP_EST_RED|dividend_pipe[25][29]                  ; Stuck at GND due to stuck port data_in                                              ;
; disparity_estimator:DISP_EST_RED|dividend_pipe[25][28]                  ; Stuck at GND due to stuck port data_in                                              ;
; disparity_estimator:DISP_EST_RED|dividend_pipe[25][27]                  ; Stuck at GND due to stuck port data_in                                              ;
; disparity_estimator:DISP_EST_RED|dividend_pipe[25][26]                  ; Stuck at GND due to stuck port data_in                                              ;
; disparity_estimator:DISP_EST_RED|dividend_pipe[25][25]                  ; Stuck at GND due to stuck port data_in                                              ;
; disparity_estimator:DISP_EST_RED|dividend_pipe[26][41]                  ; Stuck at GND due to stuck port data_in                                              ;
; disparity_estimator:DISP_EST_RED|dividend_pipe[26][40]                  ; Stuck at GND due to stuck port data_in                                              ;
; disparity_estimator:DISP_EST_RED|dividend_pipe[26][39]                  ; Stuck at GND due to stuck port data_in                                              ;
; disparity_estimator:DISP_EST_RED|dividend_pipe[26][38]                  ; Stuck at GND due to stuck port data_in                                              ;
; disparity_estimator:DISP_EST_RED|dividend_pipe[26][37]                  ; Stuck at GND due to stuck port data_in                                              ;
; disparity_estimator:DISP_EST_RED|dividend_pipe[26][36]                  ; Stuck at GND due to stuck port data_in                                              ;
; disparity_estimator:DISP_EST_RED|dividend_pipe[26][35]                  ; Stuck at GND due to stuck port data_in                                              ;
; disparity_estimator:DISP_EST_RED|dividend_pipe[26][34]                  ; Stuck at GND due to stuck port data_in                                              ;
; disparity_estimator:DISP_EST_RED|dividend_pipe[26][33]                  ; Stuck at GND due to stuck port data_in                                              ;
; disparity_estimator:DISP_EST_RED|dividend_pipe[26][32]                  ; Stuck at GND due to stuck port data_in                                              ;
; disparity_estimator:DISP_EST_RED|dividend_pipe[26][31]                  ; Stuck at GND due to stuck port data_in                                              ;
; disparity_estimator:DISP_EST_RED|dividend_pipe[26][30]                  ; Stuck at GND due to stuck port data_in                                              ;
; disparity_estimator:DISP_EST_RED|dividend_pipe[26][29]                  ; Stuck at GND due to stuck port data_in                                              ;
; disparity_estimator:DISP_EST_RED|dividend_pipe[26][28]                  ; Stuck at GND due to stuck port data_in                                              ;
; disparity_estimator:DISP_EST_RED|dividend_pipe[26][27]                  ; Stuck at GND due to stuck port data_in                                              ;
; disparity_estimator:DISP_EST_RED|dividend_pipe[26][26]                  ; Stuck at GND due to stuck port data_in                                              ;
; disparity_estimator:DISP_EST_RED|dividend_pipe[27][42]                  ; Stuck at GND due to stuck port data_in                                              ;
; disparity_estimator:DISP_EST_RED|dividend_pipe[27][41]                  ; Stuck at GND due to stuck port data_in                                              ;
; disparity_estimator:DISP_EST_RED|dividend_pipe[27][40]                  ; Stuck at GND due to stuck port data_in                                              ;
; disparity_estimator:DISP_EST_RED|dividend_pipe[27][39]                  ; Stuck at GND due to stuck port data_in                                              ;
; disparity_estimator:DISP_EST_RED|dividend_pipe[27][38]                  ; Stuck at GND due to stuck port data_in                                              ;
; disparity_estimator:DISP_EST_RED|dividend_pipe[27][37]                  ; Stuck at GND due to stuck port data_in                                              ;
; disparity_estimator:DISP_EST_RED|dividend_pipe[27][36]                  ; Stuck at GND due to stuck port data_in                                              ;
; disparity_estimator:DISP_EST_RED|dividend_pipe[27][35]                  ; Stuck at GND due to stuck port data_in                                              ;
; disparity_estimator:DISP_EST_RED|dividend_pipe[27][34]                  ; Stuck at GND due to stuck port data_in                                              ;
; disparity_estimator:DISP_EST_RED|dividend_pipe[27][33]                  ; Stuck at GND due to stuck port data_in                                              ;
; disparity_estimator:DISP_EST_RED|dividend_pipe[27][32]                  ; Stuck at GND due to stuck port data_in                                              ;
; disparity_estimator:DISP_EST_RED|dividend_pipe[27][31]                  ; Stuck at GND due to stuck port data_in                                              ;
; disparity_estimator:DISP_EST_RED|dividend_pipe[27][30]                  ; Stuck at GND due to stuck port data_in                                              ;
; disparity_estimator:DISP_EST_RED|dividend_pipe[27][29]                  ; Stuck at GND due to stuck port data_in                                              ;
; disparity_estimator:DISP_EST_RED|dividend_pipe[27][28]                  ; Stuck at GND due to stuck port data_in                                              ;
; disparity_estimator:DISP_EST_RED|dividend_pipe[27][27]                  ; Stuck at GND due to stuck port data_in                                              ;
; disparity_estimator:DISP_EST_RED|dividend_pipe[28][43]                  ; Stuck at GND due to stuck port data_in                                              ;
; disparity_estimator:DISP_EST_RED|dividend_pipe[28][42]                  ; Stuck at GND due to stuck port data_in                                              ;
; disparity_estimator:DISP_EST_RED|dividend_pipe[28][41]                  ; Stuck at GND due to stuck port data_in                                              ;
; disparity_estimator:DISP_EST_RED|dividend_pipe[28][40]                  ; Stuck at GND due to stuck port data_in                                              ;
; disparity_estimator:DISP_EST_RED|dividend_pipe[28][39]                  ; Stuck at GND due to stuck port data_in                                              ;
; disparity_estimator:DISP_EST_RED|dividend_pipe[28][38]                  ; Stuck at GND due to stuck port data_in                                              ;
; disparity_estimator:DISP_EST_RED|dividend_pipe[28][37]                  ; Stuck at GND due to stuck port data_in                                              ;
; disparity_estimator:DISP_EST_RED|dividend_pipe[28][36]                  ; Stuck at GND due to stuck port data_in                                              ;
; disparity_estimator:DISP_EST_RED|dividend_pipe[28][35]                  ; Stuck at GND due to stuck port data_in                                              ;
; disparity_estimator:DISP_EST_RED|dividend_pipe[28][34]                  ; Stuck at GND due to stuck port data_in                                              ;
; disparity_estimator:DISP_EST_RED|dividend_pipe[28][33]                  ; Stuck at GND due to stuck port data_in                                              ;
; disparity_estimator:DISP_EST_RED|dividend_pipe[28][32]                  ; Stuck at GND due to stuck port data_in                                              ;
; disparity_estimator:DISP_EST_RED|dividend_pipe[28][31]                  ; Stuck at GND due to stuck port data_in                                              ;
; disparity_estimator:DISP_EST_RED|dividend_pipe[28][30]                  ; Stuck at GND due to stuck port data_in                                              ;
; disparity_estimator:DISP_EST_RED|dividend_pipe[28][29]                  ; Stuck at GND due to stuck port data_in                                              ;
; disparity_estimator:DISP_EST_RED|dividend_pipe[28][28]                  ; Stuck at GND due to stuck port data_in                                              ;
; disparity_estimator:DISP_EST_RED|dividend_pipe[29][44]                  ; Stuck at GND due to stuck port data_in                                              ;
; disparity_estimator:DISP_EST_RED|dividend_pipe[29][43]                  ; Stuck at GND due to stuck port data_in                                              ;
; disparity_estimator:DISP_EST_RED|dividend_pipe[29][42]                  ; Stuck at GND due to stuck port data_in                                              ;
; disparity_estimator:DISP_EST_RED|dividend_pipe[29][41]                  ; Stuck at GND due to stuck port data_in                                              ;
; disparity_estimator:DISP_EST_RED|dividend_pipe[29][40]                  ; Stuck at GND due to stuck port data_in                                              ;
; disparity_estimator:DISP_EST_RED|dividend_pipe[29][39]                  ; Stuck at GND due to stuck port data_in                                              ;
; disparity_estimator:DISP_EST_RED|dividend_pipe[29][38]                  ; Stuck at GND due to stuck port data_in                                              ;
; disparity_estimator:DISP_EST_RED|dividend_pipe[29][37]                  ; Stuck at GND due to stuck port data_in                                              ;
; disparity_estimator:DISP_EST_RED|dividend_pipe[29][36]                  ; Stuck at GND due to stuck port data_in                                              ;
; disparity_estimator:DISP_EST_RED|dividend_pipe[29][35]                  ; Stuck at GND due to stuck port data_in                                              ;
; disparity_estimator:DISP_EST_RED|dividend_pipe[29][34]                  ; Stuck at GND due to stuck port data_in                                              ;
; disparity_estimator:DISP_EST_RED|dividend_pipe[29][33]                  ; Stuck at GND due to stuck port data_in                                              ;
; disparity_estimator:DISP_EST_RED|dividend_pipe[29][32]                  ; Stuck at GND due to stuck port data_in                                              ;
; disparity_estimator:DISP_EST_RED|dividend_pipe[29][31]                  ; Stuck at GND due to stuck port data_in                                              ;
; disparity_estimator:DISP_EST_RED|dividend_pipe[29][30]                  ; Stuck at GND due to stuck port data_in                                              ;
; disparity_estimator:DISP_EST_RED|dividend_pipe[29][29]                  ; Stuck at GND due to stuck port data_in                                              ;
; disparity_estimator:DISP_EST_RED|dividend_pipe[30][45]                  ; Stuck at GND due to stuck port data_in                                              ;
; disparity_estimator:DISP_EST_RED|dividend_pipe[30][44]                  ; Stuck at GND due to stuck port data_in                                              ;
; disparity_estimator:DISP_EST_RED|dividend_pipe[30][43]                  ; Stuck at GND due to stuck port data_in                                              ;
; disparity_estimator:DISP_EST_RED|dividend_pipe[30][42]                  ; Stuck at GND due to stuck port data_in                                              ;
; disparity_estimator:DISP_EST_RED|dividend_pipe[30][41]                  ; Stuck at GND due to stuck port data_in                                              ;
; disparity_estimator:DISP_EST_RED|dividend_pipe[30][40]                  ; Stuck at GND due to stuck port data_in                                              ;
; disparity_estimator:DISP_EST_RED|dividend_pipe[30][39]                  ; Stuck at GND due to stuck port data_in                                              ;
; disparity_estimator:DISP_EST_RED|dividend_pipe[30][38]                  ; Stuck at GND due to stuck port data_in                                              ;
; disparity_estimator:DISP_EST_RED|dividend_pipe[30][37]                  ; Stuck at GND due to stuck port data_in                                              ;
; disparity_estimator:DISP_EST_RED|dividend_pipe[30][36]                  ; Stuck at GND due to stuck port data_in                                              ;
; disparity_estimator:DISP_EST_RED|dividend_pipe[30][35]                  ; Stuck at GND due to stuck port data_in                                              ;
; disparity_estimator:DISP_EST_RED|dividend_pipe[30][34]                  ; Stuck at GND due to stuck port data_in                                              ;
; disparity_estimator:DISP_EST_RED|dividend_pipe[30][33]                  ; Stuck at GND due to stuck port data_in                                              ;
; disparity_estimator:DISP_EST_RED|dividend_pipe[30][32]                  ; Stuck at GND due to stuck port data_in                                              ;
; disparity_estimator:DISP_EST_RED|dividend_pipe[30][31]                  ; Stuck at GND due to stuck port data_in                                              ;
; disparity_estimator:DISP_EST_RED|dividend_pipe[30][30]                  ; Stuck at GND due to stuck port data_in                                              ;
; disparity_estimator:DISP_EST_RED|dividend_pipe[31][46]                  ; Stuck at GND due to stuck port data_in                                              ;
; disparity_estimator:DISP_EST_RED|dividend_pipe[31][45]                  ; Stuck at GND due to stuck port data_in                                              ;
; disparity_estimator:DISP_EST_RED|dividend_pipe[31][44]                  ; Stuck at GND due to stuck port data_in                                              ;
; disparity_estimator:DISP_EST_RED|dividend_pipe[31][43]                  ; Stuck at GND due to stuck port data_in                                              ;
; disparity_estimator:DISP_EST_RED|dividend_pipe[31][42]                  ; Stuck at GND due to stuck port data_in                                              ;
; disparity_estimator:DISP_EST_RED|dividend_pipe[31][41]                  ; Stuck at GND due to stuck port data_in                                              ;
; disparity_estimator:DISP_EST_RED|dividend_pipe[31][40]                  ; Stuck at GND due to stuck port data_in                                              ;
; disparity_estimator:DISP_EST_RED|dividend_pipe[31][39]                  ; Stuck at GND due to stuck port data_in                                              ;
; disparity_estimator:DISP_EST_RED|dividend_pipe[31][38]                  ; Stuck at GND due to stuck port data_in                                              ;
; disparity_estimator:DISP_EST_RED|dividend_pipe[31][37]                  ; Stuck at GND due to stuck port data_in                                              ;
; disparity_estimator:DISP_EST_RED|dividend_pipe[31][36]                  ; Stuck at GND due to stuck port data_in                                              ;
; disparity_estimator:DISP_EST_RED|dividend_pipe[31][35]                  ; Stuck at GND due to stuck port data_in                                              ;
; disparity_estimator:DISP_EST_RED|dividend_pipe[31][34]                  ; Stuck at GND due to stuck port data_in                                              ;
; disparity_estimator:DISP_EST_RED|dividend_pipe[31][33]                  ; Stuck at GND due to stuck port data_in                                              ;
; disparity_estimator:DISP_EST_RED|dividend_pipe[31][32]                  ; Stuck at GND due to stuck port data_in                                              ;
; disparity_estimator:DISP_EST_RED|dividend_pipe[31][31]                  ; Stuck at GND due to stuck port data_in                                              ;
; disparity_estimator:DISP_EST_RED|dividend_pipe[32][47]                  ; Stuck at GND due to stuck port data_in                                              ;
; disparity_estimator:DISP_EST_RED|dividend_pipe[32][46]                  ; Stuck at GND due to stuck port data_in                                              ;
; disparity_estimator:DISP_EST_RED|dividend_pipe[32][45]                  ; Stuck at GND due to stuck port data_in                                              ;
; disparity_estimator:DISP_EST_RED|dividend_pipe[32][44]                  ; Stuck at GND due to stuck port data_in                                              ;
; disparity_estimator:DISP_EST_RED|dividend_pipe[32][43]                  ; Stuck at GND due to stuck port data_in                                              ;
; disparity_estimator:DISP_EST_RED|dividend_pipe[32][42]                  ; Stuck at GND due to stuck port data_in                                              ;
; disparity_estimator:DISP_EST_RED|dividend_pipe[32][41]                  ; Stuck at GND due to stuck port data_in                                              ;
; disparity_estimator:DISP_EST_RED|dividend_pipe[32][40]                  ; Stuck at GND due to stuck port data_in                                              ;
; disparity_estimator:DISP_EST_RED|dividend_pipe[32][39]                  ; Stuck at GND due to stuck port data_in                                              ;
; disparity_estimator:DISP_EST_RED|dividend_pipe[32][38]                  ; Stuck at GND due to stuck port data_in                                              ;
; disparity_estimator:DISP_EST_RED|dividend_pipe[32][37]                  ; Stuck at GND due to stuck port data_in                                              ;
; disparity_estimator:DISP_EST_RED|dividend_pipe[32][36]                  ; Stuck at GND due to stuck port data_in                                              ;
; disparity_estimator:DISP_EST_RED|dividend_pipe[32][35]                  ; Stuck at GND due to stuck port data_in                                              ;
; disparity_estimator:DISP_EST_RED|dividend_pipe[32][34]                  ; Stuck at GND due to stuck port data_in                                              ;
; disparity_estimator:DISP_EST_RED|dividend_pipe[32][33]                  ; Stuck at GND due to stuck port data_in                                              ;
; disparity_estimator:DISP_EST_RED|dividend_pipe[32][32]                  ; Stuck at GND due to stuck port data_in                                              ;
; disparity_estimator:DISP_EST_RED|dividend_pipe[33][48]                  ; Stuck at GND due to stuck port data_in                                              ;
; disparity_estimator:DISP_EST_RED|dividend_pipe[33][47]                  ; Stuck at GND due to stuck port data_in                                              ;
; disparity_estimator:DISP_EST_RED|dividend_pipe[33][46]                  ; Stuck at GND due to stuck port data_in                                              ;
; disparity_estimator:DISP_EST_RED|dividend_pipe[33][45]                  ; Stuck at GND due to stuck port data_in                                              ;
; disparity_estimator:DISP_EST_RED|dividend_pipe[33][44]                  ; Stuck at GND due to stuck port data_in                                              ;
; disparity_estimator:DISP_EST_RED|dividend_pipe[33][43]                  ; Stuck at GND due to stuck port data_in                                              ;
; disparity_estimator:DISP_EST_RED|dividend_pipe[33][42]                  ; Stuck at GND due to stuck port data_in                                              ;
; disparity_estimator:DISP_EST_RED|dividend_pipe[33][41]                  ; Stuck at GND due to stuck port data_in                                              ;
; disparity_estimator:DISP_EST_RED|dividend_pipe[33][40]                  ; Stuck at GND due to stuck port data_in                                              ;
; disparity_estimator:DISP_EST_RED|dividend_pipe[33][39]                  ; Stuck at GND due to stuck port data_in                                              ;
; disparity_estimator:DISP_EST_RED|dividend_pipe[33][38]                  ; Stuck at GND due to stuck port data_in                                              ;
; disparity_estimator:DISP_EST_RED|dividend_pipe[33][37]                  ; Stuck at GND due to stuck port data_in                                              ;
; disparity_estimator:DISP_EST_RED|dividend_pipe[33][36]                  ; Stuck at GND due to stuck port data_in                                              ;
; disparity_estimator:DISP_EST_RED|dividend_pipe[33][35]                  ; Stuck at GND due to stuck port data_in                                              ;
; disparity_estimator:DISP_EST_RED|dividend_pipe[33][34]                  ; Stuck at GND due to stuck port data_in                                              ;
; disparity_estimator:DISP_EST_RED|dividend_pipe[33][33]                  ; Stuck at GND due to stuck port data_in                                              ;
; disparity_estimator:DISP_EST_RED|dividend_pipe[34][49]                  ; Stuck at GND due to stuck port data_in                                              ;
; disparity_estimator:DISP_EST_RED|dividend_pipe[34][48]                  ; Stuck at GND due to stuck port data_in                                              ;
; disparity_estimator:DISP_EST_RED|dividend_pipe[34][47]                  ; Stuck at GND due to stuck port data_in                                              ;
; disparity_estimator:DISP_EST_RED|dividend_pipe[34][46]                  ; Stuck at GND due to stuck port data_in                                              ;
; disparity_estimator:DISP_EST_RED|dividend_pipe[34][45]                  ; Stuck at GND due to stuck port data_in                                              ;
; disparity_estimator:DISP_EST_RED|dividend_pipe[34][44]                  ; Stuck at GND due to stuck port data_in                                              ;
; disparity_estimator:DISP_EST_RED|dividend_pipe[34][43]                  ; Stuck at GND due to stuck port data_in                                              ;
; disparity_estimator:DISP_EST_RED|dividend_pipe[34][42]                  ; Stuck at GND due to stuck port data_in                                              ;
; disparity_estimator:DISP_EST_RED|dividend_pipe[34][41]                  ; Stuck at GND due to stuck port data_in                                              ;
; disparity_estimator:DISP_EST_RED|dividend_pipe[34][40]                  ; Stuck at GND due to stuck port data_in                                              ;
; disparity_estimator:DISP_EST_RED|dividend_pipe[34][39]                  ; Stuck at GND due to stuck port data_in                                              ;
; disparity_estimator:DISP_EST_RED|dividend_pipe[34][38]                  ; Stuck at GND due to stuck port data_in                                              ;
; disparity_estimator:DISP_EST_RED|dividend_pipe[34][37]                  ; Stuck at GND due to stuck port data_in                                              ;
; disparity_estimator:DISP_EST_RED|dividend_pipe[34][36]                  ; Stuck at GND due to stuck port data_in                                              ;
; disparity_estimator:DISP_EST_RED|dividend_pipe[34][35]                  ; Stuck at GND due to stuck port data_in                                              ;
; disparity_estimator:DISP_EST_RED|dividend_pipe[34][34]                  ; Stuck at GND due to stuck port data_in                                              ;
; disparity_estimator:DISP_EST_RED|dividend_pipe[35][50]                  ; Stuck at GND due to stuck port data_in                                              ;
; disparity_estimator:DISP_EST_RED|dividend_pipe[35][49]                  ; Stuck at GND due to stuck port data_in                                              ;
; disparity_estimator:DISP_EST_RED|dividend_pipe[35][48]                  ; Stuck at GND due to stuck port data_in                                              ;
; disparity_estimator:DISP_EST_RED|dividend_pipe[35][47]                  ; Stuck at GND due to stuck port data_in                                              ;
; disparity_estimator:DISP_EST_RED|dividend_pipe[35][46]                  ; Stuck at GND due to stuck port data_in                                              ;
; disparity_estimator:DISP_EST_RED|dividend_pipe[35][45]                  ; Stuck at GND due to stuck port data_in                                              ;
; disparity_estimator:DISP_EST_RED|dividend_pipe[35][44]                  ; Stuck at GND due to stuck port data_in                                              ;
; disparity_estimator:DISP_EST_RED|dividend_pipe[35][43]                  ; Stuck at GND due to stuck port data_in                                              ;
; disparity_estimator:DISP_EST_RED|dividend_pipe[35][42]                  ; Stuck at GND due to stuck port data_in                                              ;
; disparity_estimator:DISP_EST_RED|dividend_pipe[35][41]                  ; Stuck at GND due to stuck port data_in                                              ;
; disparity_estimator:DISP_EST_RED|dividend_pipe[35][40]                  ; Stuck at GND due to stuck port data_in                                              ;
; disparity_estimator:DISP_EST_RED|dividend_pipe[35][39]                  ; Stuck at GND due to stuck port data_in                                              ;
; disparity_estimator:DISP_EST_RED|dividend_pipe[35][38]                  ; Stuck at GND due to stuck port data_in                                              ;
; disparity_estimator:DISP_EST_RED|dividend_pipe[35][37]                  ; Stuck at GND due to stuck port data_in                                              ;
; disparity_estimator:DISP_EST_RED|dividend_pipe[35][36]                  ; Stuck at GND due to stuck port data_in                                              ;
; disparity_estimator:DISP_EST_RED|dividend_pipe[35][35]                  ; Stuck at GND due to stuck port data_in                                              ;
; disparity_estimator:DISP_EST_RED|dividend_pipe[36][51]                  ; Stuck at GND due to stuck port data_in                                              ;
; disparity_estimator:DISP_EST_RED|dividend_pipe[36][50]                  ; Stuck at GND due to stuck port data_in                                              ;
; disparity_estimator:DISP_EST_RED|dividend_pipe[36][49]                  ; Stuck at GND due to stuck port data_in                                              ;
; disparity_estimator:DISP_EST_RED|dividend_pipe[36][48]                  ; Stuck at GND due to stuck port data_in                                              ;
; disparity_estimator:DISP_EST_RED|dividend_pipe[36][47]                  ; Stuck at GND due to stuck port data_in                                              ;
; disparity_estimator:DISP_EST_RED|dividend_pipe[36][46]                  ; Stuck at GND due to stuck port data_in                                              ;
; disparity_estimator:DISP_EST_RED|dividend_pipe[36][45]                  ; Stuck at GND due to stuck port data_in                                              ;
; disparity_estimator:DISP_EST_RED|dividend_pipe[36][44]                  ; Stuck at GND due to stuck port data_in                                              ;
; disparity_estimator:DISP_EST_RED|dividend_pipe[36][43]                  ; Stuck at GND due to stuck port data_in                                              ;
; disparity_estimator:DISP_EST_RED|dividend_pipe[36][42]                  ; Stuck at GND due to stuck port data_in                                              ;
; disparity_estimator:DISP_EST_RED|dividend_pipe[36][41]                  ; Stuck at GND due to stuck port data_in                                              ;
; disparity_estimator:DISP_EST_RED|dividend_pipe[36][40]                  ; Stuck at GND due to stuck port data_in                                              ;
; disparity_estimator:DISP_EST_RED|dividend_pipe[36][39]                  ; Stuck at GND due to stuck port data_in                                              ;
; disparity_estimator:DISP_EST_RED|dividend_pipe[36][38]                  ; Stuck at GND due to stuck port data_in                                              ;
; disparity_estimator:DISP_EST_RED|dividend_pipe[36][37]                  ; Stuck at GND due to stuck port data_in                                              ;
; disparity_estimator:DISP_EST_RED|dividend_pipe[36][36]                  ; Stuck at GND due to stuck port data_in                                              ;
; disparity_estimator:DISP_EST_RED|dividend_pipe[37][52]                  ; Stuck at GND due to stuck port data_in                                              ;
; disparity_estimator:DISP_EST_RED|dividend_pipe[37][51]                  ; Stuck at GND due to stuck port data_in                                              ;
; disparity_estimator:DISP_EST_RED|dividend_pipe[37][50]                  ; Stuck at GND due to stuck port data_in                                              ;
; disparity_estimator:DISP_EST_RED|dividend_pipe[37][49]                  ; Stuck at GND due to stuck port data_in                                              ;
; disparity_estimator:DISP_EST_RED|dividend_pipe[37][48]                  ; Stuck at GND due to stuck port data_in                                              ;
; disparity_estimator:DISP_EST_RED|dividend_pipe[37][47]                  ; Stuck at GND due to stuck port data_in                                              ;
; disparity_estimator:DISP_EST_RED|dividend_pipe[37][46]                  ; Stuck at GND due to stuck port data_in                                              ;
; disparity_estimator:DISP_EST_RED|dividend_pipe[37][45]                  ; Stuck at GND due to stuck port data_in                                              ;
; disparity_estimator:DISP_EST_RED|dividend_pipe[37][44]                  ; Stuck at GND due to stuck port data_in                                              ;
; disparity_estimator:DISP_EST_RED|dividend_pipe[37][43]                  ; Stuck at GND due to stuck port data_in                                              ;
; disparity_estimator:DISP_EST_RED|dividend_pipe[37][42]                  ; Stuck at GND due to stuck port data_in                                              ;
; disparity_estimator:DISP_EST_RED|dividend_pipe[37][41]                  ; Stuck at GND due to stuck port data_in                                              ;
; disparity_estimator:DISP_EST_RED|dividend_pipe[37][40]                  ; Stuck at GND due to stuck port data_in                                              ;
; disparity_estimator:DISP_EST_RED|dividend_pipe[37][39]                  ; Stuck at GND due to stuck port data_in                                              ;
; disparity_estimator:DISP_EST_RED|dividend_pipe[37][38]                  ; Stuck at GND due to stuck port data_in                                              ;
; disparity_estimator:DISP_EST_RED|dividend_pipe[37][37]                  ; Stuck at GND due to stuck port data_in                                              ;
; disparity_estimator:DISP_EST_RED|dividend_pipe[38][53]                  ; Stuck at GND due to stuck port data_in                                              ;
; disparity_estimator:DISP_EST_RED|dividend_pipe[38][52]                  ; Stuck at GND due to stuck port data_in                                              ;
; disparity_estimator:DISP_EST_RED|dividend_pipe[38][51]                  ; Stuck at GND due to stuck port data_in                                              ;
; disparity_estimator:DISP_EST_RED|dividend_pipe[38][50]                  ; Stuck at GND due to stuck port data_in                                              ;
; disparity_estimator:DISP_EST_RED|dividend_pipe[38][49]                  ; Stuck at GND due to stuck port data_in                                              ;
; disparity_estimator:DISP_EST_RED|dividend_pipe[38][48]                  ; Stuck at GND due to stuck port data_in                                              ;
; disparity_estimator:DISP_EST_RED|dividend_pipe[38][47]                  ; Stuck at GND due to stuck port data_in                                              ;
; disparity_estimator:DISP_EST_RED|dividend_pipe[38][46]                  ; Stuck at GND due to stuck port data_in                                              ;
; disparity_estimator:DISP_EST_RED|dividend_pipe[38][45]                  ; Stuck at GND due to stuck port data_in                                              ;
; disparity_estimator:DISP_EST_RED|dividend_pipe[38][44]                  ; Stuck at GND due to stuck port data_in                                              ;
; disparity_estimator:DISP_EST_RED|dividend_pipe[38][43]                  ; Stuck at GND due to stuck port data_in                                              ;
; disparity_estimator:DISP_EST_RED|dividend_pipe[38][42]                  ; Stuck at GND due to stuck port data_in                                              ;
; disparity_estimator:DISP_EST_RED|dividend_pipe[38][41]                  ; Stuck at GND due to stuck port data_in                                              ;
; disparity_estimator:DISP_EST_RED|dividend_pipe[38][40]                  ; Stuck at GND due to stuck port data_in                                              ;
; disparity_estimator:DISP_EST_RED|dividend_pipe[38][39]                  ; Stuck at GND due to stuck port data_in                                              ;
; disparity_estimator:DISP_EST_RED|dividend_pipe[38][38]                  ; Stuck at GND due to stuck port data_in                                              ;
; disparity_estimator:DISP_EST_RED|dividend_pipe[39][53]                  ; Stuck at GND due to stuck port data_in                                              ;
; disparity_estimator:DISP_EST_RED|dividend_pipe[39][52]                  ; Stuck at GND due to stuck port data_in                                              ;
; disparity_estimator:DISP_EST_RED|dividend_pipe[39][51]                  ; Stuck at GND due to stuck port data_in                                              ;
; disparity_estimator:DISP_EST_RED|dividend_pipe[39][50]                  ; Stuck at GND due to stuck port data_in                                              ;
; disparity_estimator:DISP_EST_RED|dividend_pipe[39][49]                  ; Stuck at GND due to stuck port data_in                                              ;
; disparity_estimator:DISP_EST_RED|dividend_pipe[39][48]                  ; Stuck at GND due to stuck port data_in                                              ;
; disparity_estimator:DISP_EST_RED|dividend_pipe[39][47]                  ; Stuck at GND due to stuck port data_in                                              ;
; disparity_estimator:DISP_EST_RED|dividend_pipe[39][46]                  ; Stuck at GND due to stuck port data_in                                              ;
; disparity_estimator:DISP_EST_RED|dividend_pipe[39][45]                  ; Stuck at GND due to stuck port data_in                                              ;
; disparity_estimator:DISP_EST_RED|dividend_pipe[39][44]                  ; Stuck at GND due to stuck port data_in                                              ;
; disparity_estimator:DISP_EST_RED|dividend_pipe[39][43]                  ; Stuck at GND due to stuck port data_in                                              ;
; disparity_estimator:DISP_EST_RED|dividend_pipe[39][42]                  ; Stuck at GND due to stuck port data_in                                              ;
; disparity_estimator:DISP_EST_RED|dividend_pipe[39][41]                  ; Stuck at GND due to stuck port data_in                                              ;
; disparity_estimator:DISP_EST_RED|dividend_pipe[39][40]                  ; Stuck at GND due to stuck port data_in                                              ;
; disparity_estimator:DISP_EST_RED|dividend_pipe[39][39]                  ; Stuck at GND due to stuck port data_in                                              ;
; disparity_estimator:DISP_EST_RED|dividend_pipe[40][53]                  ; Stuck at GND due to stuck port data_in                                              ;
; disparity_estimator:DISP_EST_RED|dividend_pipe[40][52]                  ; Stuck at GND due to stuck port data_in                                              ;
; disparity_estimator:DISP_EST_RED|dividend_pipe[40][51]                  ; Stuck at GND due to stuck port data_in                                              ;
; disparity_estimator:DISP_EST_RED|dividend_pipe[40][50]                  ; Stuck at GND due to stuck port data_in                                              ;
; disparity_estimator:DISP_EST_RED|dividend_pipe[40][49]                  ; Stuck at GND due to stuck port data_in                                              ;
; disparity_estimator:DISP_EST_RED|dividend_pipe[40][48]                  ; Stuck at GND due to stuck port data_in                                              ;
; disparity_estimator:DISP_EST_RED|dividend_pipe[40][47]                  ; Stuck at GND due to stuck port data_in                                              ;
; disparity_estimator:DISP_EST_RED|dividend_pipe[40][46]                  ; Stuck at GND due to stuck port data_in                                              ;
; disparity_estimator:DISP_EST_RED|dividend_pipe[40][45]                  ; Stuck at GND due to stuck port data_in                                              ;
; disparity_estimator:DISP_EST_RED|dividend_pipe[40][44]                  ; Stuck at GND due to stuck port data_in                                              ;
; disparity_estimator:DISP_EST_RED|dividend_pipe[40][43]                  ; Stuck at GND due to stuck port data_in                                              ;
; disparity_estimator:DISP_EST_RED|dividend_pipe[40][42]                  ; Stuck at GND due to stuck port data_in                                              ;
; disparity_estimator:DISP_EST_RED|dividend_pipe[40][41]                  ; Stuck at GND due to stuck port data_in                                              ;
; disparity_estimator:DISP_EST_RED|dividend_pipe[40][40]                  ; Stuck at GND due to stuck port data_in                                              ;
; disparity_estimator:DISP_EST_RED|dividend_pipe[41][53]                  ; Stuck at GND due to stuck port data_in                                              ;
; disparity_estimator:DISP_EST_RED|dividend_pipe[41][52]                  ; Stuck at GND due to stuck port data_in                                              ;
; disparity_estimator:DISP_EST_RED|dividend_pipe[41][51]                  ; Stuck at GND due to stuck port data_in                                              ;
; disparity_estimator:DISP_EST_RED|dividend_pipe[41][50]                  ; Stuck at GND due to stuck port data_in                                              ;
; disparity_estimator:DISP_EST_RED|dividend_pipe[41][49]                  ; Stuck at GND due to stuck port data_in                                              ;
; disparity_estimator:DISP_EST_RED|dividend_pipe[41][48]                  ; Stuck at GND due to stuck port data_in                                              ;
; disparity_estimator:DISP_EST_RED|dividend_pipe[41][47]                  ; Stuck at GND due to stuck port data_in                                              ;
; disparity_estimator:DISP_EST_RED|dividend_pipe[41][46]                  ; Stuck at GND due to stuck port data_in                                              ;
; disparity_estimator:DISP_EST_RED|dividend_pipe[41][45]                  ; Stuck at GND due to stuck port data_in                                              ;
; disparity_estimator:DISP_EST_RED|dividend_pipe[41][44]                  ; Stuck at GND due to stuck port data_in                                              ;
; disparity_estimator:DISP_EST_RED|dividend_pipe[41][43]                  ; Stuck at GND due to stuck port data_in                                              ;
; disparity_estimator:DISP_EST_RED|dividend_pipe[41][42]                  ; Stuck at GND due to stuck port data_in                                              ;
; disparity_estimator:DISP_EST_RED|dividend_pipe[41][41]                  ; Stuck at GND due to stuck port data_in                                              ;
; disparity_estimator:DISP_EST_RED|dividend_pipe[42][53]                  ; Stuck at GND due to stuck port data_in                                              ;
; disparity_estimator:DISP_EST_RED|dividend_pipe[42][52]                  ; Stuck at GND due to stuck port data_in                                              ;
; disparity_estimator:DISP_EST_RED|dividend_pipe[42][51]                  ; Stuck at GND due to stuck port data_in                                              ;
; disparity_estimator:DISP_EST_RED|dividend_pipe[42][50]                  ; Stuck at GND due to stuck port data_in                                              ;
; disparity_estimator:DISP_EST_RED|dividend_pipe[42][49]                  ; Stuck at GND due to stuck port data_in                                              ;
; disparity_estimator:DISP_EST_RED|dividend_pipe[42][48]                  ; Stuck at GND due to stuck port data_in                                              ;
; disparity_estimator:DISP_EST_RED|dividend_pipe[42][47]                  ; Stuck at GND due to stuck port data_in                                              ;
; disparity_estimator:DISP_EST_RED|dividend_pipe[42][46]                  ; Stuck at GND due to stuck port data_in                                              ;
; disparity_estimator:DISP_EST_RED|dividend_pipe[42][45]                  ; Stuck at GND due to stuck port data_in                                              ;
; disparity_estimator:DISP_EST_RED|dividend_pipe[42][44]                  ; Stuck at GND due to stuck port data_in                                              ;
; disparity_estimator:DISP_EST_RED|dividend_pipe[42][43]                  ; Stuck at GND due to stuck port data_in                                              ;
; disparity_estimator:DISP_EST_RED|dividend_pipe[42][42]                  ; Stuck at GND due to stuck port data_in                                              ;
; disparity_estimator:DISP_EST_RED|dividend_pipe[43][53]                  ; Stuck at GND due to stuck port data_in                                              ;
; disparity_estimator:DISP_EST_RED|dividend_pipe[43][52]                  ; Stuck at GND due to stuck port data_in                                              ;
; disparity_estimator:DISP_EST_RED|dividend_pipe[43][51]                  ; Stuck at GND due to stuck port data_in                                              ;
; disparity_estimator:DISP_EST_RED|dividend_pipe[43][50]                  ; Stuck at GND due to stuck port data_in                                              ;
; disparity_estimator:DISP_EST_RED|dividend_pipe[43][49]                  ; Stuck at GND due to stuck port data_in                                              ;
; disparity_estimator:DISP_EST_RED|dividend_pipe[43][48]                  ; Stuck at GND due to stuck port data_in                                              ;
; disparity_estimator:DISP_EST_RED|dividend_pipe[43][47]                  ; Stuck at GND due to stuck port data_in                                              ;
; disparity_estimator:DISP_EST_RED|dividend_pipe[43][46]                  ; Stuck at GND due to stuck port data_in                                              ;
; disparity_estimator:DISP_EST_RED|dividend_pipe[43][45]                  ; Stuck at GND due to stuck port data_in                                              ;
; disparity_estimator:DISP_EST_RED|dividend_pipe[43][44]                  ; Stuck at GND due to stuck port data_in                                              ;
; disparity_estimator:DISP_EST_RED|dividend_pipe[43][43]                  ; Stuck at GND due to stuck port data_in                                              ;
; disparity_estimator:DISP_EST_RED|dividend_pipe[44][53]                  ; Stuck at GND due to stuck port data_in                                              ;
; disparity_estimator:DISP_EST_RED|dividend_pipe[44][52]                  ; Stuck at GND due to stuck port data_in                                              ;
; disparity_estimator:DISP_EST_RED|dividend_pipe[44][51]                  ; Stuck at GND due to stuck port data_in                                              ;
; disparity_estimator:DISP_EST_RED|dividend_pipe[44][50]                  ; Stuck at GND due to stuck port data_in                                              ;
; disparity_estimator:DISP_EST_RED|dividend_pipe[44][49]                  ; Stuck at GND due to stuck port data_in                                              ;
; disparity_estimator:DISP_EST_RED|dividend_pipe[44][48]                  ; Stuck at GND due to stuck port data_in                                              ;
; disparity_estimator:DISP_EST_RED|dividend_pipe[44][47]                  ; Stuck at GND due to stuck port data_in                                              ;
; disparity_estimator:DISP_EST_RED|dividend_pipe[44][46]                  ; Stuck at GND due to stuck port data_in                                              ;
; disparity_estimator:DISP_EST_RED|dividend_pipe[44][45]                  ; Stuck at GND due to stuck port data_in                                              ;
; disparity_estimator:DISP_EST_RED|dividend_pipe[44][44]                  ; Stuck at GND due to stuck port data_in                                              ;
; disparity_estimator:DISP_EST_RED|dividend_pipe[45][53]                  ; Stuck at GND due to stuck port data_in                                              ;
; disparity_estimator:DISP_EST_RED|dividend_pipe[45][52]                  ; Stuck at GND due to stuck port data_in                                              ;
; disparity_estimator:DISP_EST_RED|dividend_pipe[45][51]                  ; Stuck at GND due to stuck port data_in                                              ;
; disparity_estimator:DISP_EST_RED|dividend_pipe[45][50]                  ; Stuck at GND due to stuck port data_in                                              ;
; disparity_estimator:DISP_EST_RED|dividend_pipe[45][49]                  ; Stuck at GND due to stuck port data_in                                              ;
; disparity_estimator:DISP_EST_RED|dividend_pipe[45][48]                  ; Stuck at GND due to stuck port data_in                                              ;
; disparity_estimator:DISP_EST_RED|dividend_pipe[45][47]                  ; Stuck at GND due to stuck port data_in                                              ;
; disparity_estimator:DISP_EST_RED|dividend_pipe[45][46]                  ; Stuck at GND due to stuck port data_in                                              ;
; disparity_estimator:DISP_EST_RED|dividend_pipe[45][45]                  ; Stuck at GND due to stuck port data_in                                              ;
; disparity_estimator:DISP_EST_RED|dividend_pipe[46][53]                  ; Stuck at GND due to stuck port data_in                                              ;
; disparity_estimator:DISP_EST_RED|dividend_pipe[46][52]                  ; Stuck at GND due to stuck port data_in                                              ;
; disparity_estimator:DISP_EST_RED|dividend_pipe[46][51]                  ; Stuck at GND due to stuck port data_in                                              ;
; disparity_estimator:DISP_EST_RED|dividend_pipe[46][50]                  ; Stuck at GND due to stuck port data_in                                              ;
; disparity_estimator:DISP_EST_RED|dividend_pipe[46][49]                  ; Stuck at GND due to stuck port data_in                                              ;
; disparity_estimator:DISP_EST_RED|dividend_pipe[46][48]                  ; Stuck at GND due to stuck port data_in                                              ;
; disparity_estimator:DISP_EST_RED|dividend_pipe[46][47]                  ; Stuck at GND due to stuck port data_in                                              ;
; disparity_estimator:DISP_EST_RED|dividend_pipe[46][46]                  ; Stuck at GND due to stuck port data_in                                              ;
; disparity_estimator:DISP_EST_RED|dividend_pipe[47][53]                  ; Stuck at GND due to stuck port data_in                                              ;
; disparity_estimator:DISP_EST_RED|dividend_pipe[47][52]                  ; Stuck at GND due to stuck port data_in                                              ;
; disparity_estimator:DISP_EST_RED|dividend_pipe[47][51]                  ; Stuck at GND due to stuck port data_in                                              ;
; disparity_estimator:DISP_EST_RED|dividend_pipe[47][50]                  ; Stuck at GND due to stuck port data_in                                              ;
; disparity_estimator:DISP_EST_RED|dividend_pipe[47][49]                  ; Stuck at GND due to stuck port data_in                                              ;
; disparity_estimator:DISP_EST_RED|dividend_pipe[47][48]                  ; Stuck at GND due to stuck port data_in                                              ;
; disparity_estimator:DISP_EST_RED|dividend_pipe[47][47]                  ; Stuck at GND due to stuck port data_in                                              ;
; disparity_estimator:DISP_EST_RED|dividend_pipe[48][53]                  ; Stuck at GND due to stuck port data_in                                              ;
; disparity_estimator:DISP_EST_RED|dividend_pipe[48][52]                  ; Stuck at GND due to stuck port data_in                                              ;
; disparity_estimator:DISP_EST_RED|dividend_pipe[48][51]                  ; Stuck at GND due to stuck port data_in                                              ;
; disparity_estimator:DISP_EST_RED|dividend_pipe[48][50]                  ; Stuck at GND due to stuck port data_in                                              ;
; disparity_estimator:DISP_EST_RED|dividend_pipe[48][49]                  ; Stuck at GND due to stuck port data_in                                              ;
; disparity_estimator:DISP_EST_RED|dividend_pipe[48][48]                  ; Stuck at GND due to stuck port data_in                                              ;
; disparity_estimator:DISP_EST_RED|dividend_pipe[49][53]                  ; Stuck at GND due to stuck port data_in                                              ;
; disparity_estimator:DISP_EST_RED|dividend_pipe[49][52]                  ; Stuck at GND due to stuck port data_in                                              ;
; disparity_estimator:DISP_EST_RED|dividend_pipe[49][51]                  ; Stuck at GND due to stuck port data_in                                              ;
; disparity_estimator:DISP_EST_RED|dividend_pipe[49][50]                  ; Stuck at GND due to stuck port data_in                                              ;
; disparity_estimator:DISP_EST_RED|dividend_pipe[49][49]                  ; Stuck at GND due to stuck port data_in                                              ;
; disparity_estimator:DISP_EST_RED|dividend_pipe[50][53]                  ; Stuck at GND due to stuck port data_in                                              ;
; disparity_estimator:DISP_EST_RED|dividend_pipe[50][52]                  ; Stuck at GND due to stuck port data_in                                              ;
; disparity_estimator:DISP_EST_RED|dividend_pipe[50][51]                  ; Stuck at GND due to stuck port data_in                                              ;
; disparity_estimator:DISP_EST_RED|dividend_pipe[50][50]                  ; Stuck at GND due to stuck port data_in                                              ;
; disparity_estimator:DISP_EST_RED|dividend_pipe[51][53]                  ; Stuck at GND due to stuck port data_in                                              ;
; disparity_estimator:DISP_EST_RED|dividend_pipe[51][52]                  ; Stuck at GND due to stuck port data_in                                              ;
; disparity_estimator:DISP_EST_RED|dividend_pipe[51][51]                  ; Stuck at GND due to stuck port data_in                                              ;
; disparity_estimator:DISP_EST_RED|dividend_pipe[52][53]                  ; Stuck at GND due to stuck port data_in                                              ;
; disparity_estimator:DISP_EST_RED|dividend_pipe[52][52]                  ; Stuck at GND due to stuck port data_in                                              ;
; disparity_estimator:DISP_EST_RED|dividend_pipe[53][53]                  ; Stuck at GND due to stuck port data_in                                              ;
; disparity_estimator:DISP_EST_RED|uv_0[0..31]                            ; Lost fanout                                                                         ;
; disparity_estimator:DISP_EST_RED|uv_1[0..31]                            ; Lost fanout                                                                         ;
; disparity_estimator:DISP_EST_RED|uv_2[0..31]                            ; Lost fanout                                                                         ;
; disparity_estimator:DISP_EST_RED|uv_3[0..31]                            ; Lost fanout                                                                         ;
; disparity_estimator:DISP_EST_RED|uv_4[0..31]                            ; Lost fanout                                                                         ;
; disparity_estimator:DISP_EST_RED|uv_5[0..31]                            ; Lost fanout                                                                         ;
; disparity_estimator:DISP_EST_RED|uu_0[0..31]                            ; Lost fanout                                                                         ;
; disparity_estimator:DISP_EST_RED|uu_1[0..31]                            ; Lost fanout                                                                         ;
; disparity_estimator:DISP_EST_RED|uu_2[0..31]                            ; Lost fanout                                                                         ;
; disparity_estimator:DISP_EST_RED|uu_3[0..31]                            ; Lost fanout                                                                         ;
; disparity_estimator:DISP_EST_RED|uu_4[0..31]                            ; Lost fanout                                                                         ;
; disparity_estimator:DISP_EST_RED|uu_5[0..31]                            ; Lost fanout                                                                         ;
; disparity_estimator:DISP_EST_RED|Add7~mac_pl[0][33]                     ; Lost fanout                                                                         ;
; disparity_estimator:DISP_EST_RED|Add7~mac_pl[0][34]                     ; Lost fanout                                                                         ;
; disparity_estimator:DISP_EST_RED|Add7~mac_pl[0][35]                     ; Lost fanout                                                                         ;
; disparity_estimator:DISP_EST_RED|Add7~mac_pl[0][36]                     ; Lost fanout                                                                         ;
; disparity_estimator:DISP_EST_RED|Add7~mac_pl[0][37]                     ; Lost fanout                                                                         ;
; disparity_estimator:DISP_EST_RED|Add8~mac_pl[0][33]                     ; Lost fanout                                                                         ;
; disparity_estimator:DISP_EST_RED|Add8~mac_pl[0][34]                     ; Lost fanout                                                                         ;
; disparity_estimator:DISP_EST_RED|Add8~mac_pl[0][35]                     ; Lost fanout                                                                         ;
; disparity_estimator:DISP_EST_RED|Add8~mac_pl[0][36]                     ; Lost fanout                                                                         ;
; disparity_estimator:DISP_EST_RED|Add8~mac_pl[0][37]                     ; Lost fanout                                                                         ;
; disparity_estimator:DISP_EST_RED|Add9~mac_pl[0][33]                     ; Lost fanout                                                                         ;
; disparity_estimator:DISP_EST_RED|Add9~mac_pl[0][34]                     ; Lost fanout                                                                         ;
; disparity_estimator:DISP_EST_RED|Add9~mac_pl[0][35]                     ; Lost fanout                                                                         ;
; disparity_estimator:DISP_EST_RED|Add9~mac_pl[0][36]                     ; Lost fanout                                                                         ;
; disparity_estimator:DISP_EST_RED|Add9~mac_pl[0][37]                     ; Lost fanout                                                                         ;
; disparity_estimator:DISP_EST_RED|Add10~mac_pl[0][33]                    ; Lost fanout                                                                         ;
; disparity_estimator:DISP_EST_RED|Add10~mac_pl[0][34]                    ; Lost fanout                                                                         ;
; disparity_estimator:DISP_EST_RED|Add10~mac_pl[0][35]                    ; Lost fanout                                                                         ;
; disparity_estimator:DISP_EST_RED|Add10~mac_pl[0][36]                    ; Lost fanout                                                                         ;
; disparity_estimator:DISP_EST_RED|Add10~mac_pl[0][37]                    ; Lost fanout                                                                         ;
; disparity_estimator:DISP_EST_RED|Add11~mac_pl[0][33]                    ; Lost fanout                                                                         ;
; disparity_estimator:DISP_EST_RED|Add11~mac_pl[0][34]                    ; Lost fanout                                                                         ;
; disparity_estimator:DISP_EST_RED|Add11~mac_pl[0][35]                    ; Lost fanout                                                                         ;
; disparity_estimator:DISP_EST_RED|Add11~mac_pl[0][36]                    ; Lost fanout                                                                         ;
; disparity_estimator:DISP_EST_RED|Add11~mac_pl[0][37]                    ; Lost fanout                                                                         ;
; disparity_estimator:DISP_EST_RED|Add12~mac_pl[0][33]                    ; Lost fanout                                                                         ;
; disparity_estimator:DISP_EST_RED|Add12~mac_pl[0][34]                    ; Lost fanout                                                                         ;
; disparity_estimator:DISP_EST_RED|Add12~mac_pl[0][35]                    ; Lost fanout                                                                         ;
; disparity_estimator:DISP_EST_RED|Add12~mac_pl[0][36]                    ; Lost fanout                                                                         ;
; disparity_estimator:DISP_EST_RED|Add12~mac_pl[0][37]                    ; Lost fanout                                                                         ;
; bit_shift_low_pass_filter:BSLPF_RED|sum34_s1[0]                         ; Stuck at GND due to stuck port data_in                                              ;
; bit_shift_low_pass_filter:BSLPF_RED|sum56_s0[13,14]                     ; Stuck at GND due to stuck port data_in                                              ;
; bit_shift_low_pass_filter:BSLPF_RED|sum4_s0[13,14]                      ; Stuck at GND due to stuck port data_in                                              ;
; bit_shift_low_pass_filter:BSLPF_RED|sum3_s0[13,14]                      ; Stuck at GND due to stuck port data_in                                              ;
; bit_shift_low_pass_filter:BSLPF_RED|sum012_s0[14]                       ; Stuck at GND due to stuck port data_in                                              ;
; bit_shift_low_pass_filter:BSLPF_RED|sum012_s1[14]                       ; Stuck at GND due to stuck port data_in                                              ;
; bit_shift_low_pass_filter:BSLPF_RED|sum56_s1[13,14]                     ; Stuck at GND due to stuck port data_in                                              ;
; bit_shift_low_pass_filter:BSLPF_RED|sum56_s2[13,14]                     ; Stuck at GND due to stuck port data_in                                              ;
; bit_shift_low_pass_filter:BSLPF_RED|sum34_s1[14]                        ; Stuck at GND due to stuck port data_in                                              ;
; fused_aligned_output:FAO_RED|trim_pixels_s0[2]                          ; Merged with fused_aligned_output:FAO_RED|max_valid_idx_s0[6]                        ;
; fused_aligned_output:FAO_RED|max_valid_idx_s0[6]                        ; Merged with fused_aligned_output:FAO_RED|max_valid_idx_s0[5]                        ;
; fused_aligned_output:FAO_RED|max_valid_idx_s0[5]                        ; Merged with fused_aligned_output:FAO_RED|max_valid_idx_s0[4]                        ;
; fused_aligned_output:FAO_RED|max_valid_idx_s0[4]                        ; Merged with fused_aligned_output:FAO_RED|max_valid_idx_s0[3]                        ;
; fused_aligned_output:FAO_RED|max_valid_idx_s0[3]                        ; Merged with fused_aligned_output:FAO_RED|max_valid_idx_s0[1]                        ;
; fused_aligned_output:FAO_RED|max_valid_idx_s0[1]                        ; Merged with fused_aligned_output:FAO_RED|max_valid_idx_s0[0]                        ;
; fused_aligned_output:FAO_RED|shared_rd_addr[0][0]                       ; Merged with fused_aligned_output:FAO_RED|shared_rd_addr[3][0]                       ;
; fused_aligned_output:FAO_RED|shared_rd_addr[1][0]                       ; Merged with fused_aligned_output:FAO_RED|shared_rd_addr[3][0]                       ;
; fused_aligned_output:FAO_RED|shared_rd_addr[2][0]                       ; Merged with fused_aligned_output:FAO_RED|shared_rd_addr[3][0]                       ;
; fused_aligned_output:FAO_RED|max_valid_idx_2d[1,3..6]                   ; Merged with fused_aligned_output:FAO_RED|max_valid_idx_2d[0]                        ;
; fused_aligned_output:FAO_RED|trim_pixels_2d[2]                          ; Merged with fused_aligned_output:FAO_RED|max_valid_idx_2d[0]                        ;
; fused_aligned_output:FAO_RED|shared_rd_addr[0][1]                       ; Merged with fused_aligned_output:FAO_RED|shared_rd_addr[3][1]                       ;
; fused_aligned_output:FAO_RED|shared_rd_addr[1][1]                       ; Merged with fused_aligned_output:FAO_RED|shared_rd_addr[3][1]                       ;
; fused_aligned_output:FAO_RED|shared_rd_addr[2][1]                       ; Merged with fused_aligned_output:FAO_RED|shared_rd_addr[3][1]                       ;
; fused_aligned_output:FAO_RED|shared_rd_addr[0][2]                       ; Merged with fused_aligned_output:FAO_RED|shared_rd_addr[3][2]                       ;
; fused_aligned_output:FAO_RED|shared_rd_addr[1][2]                       ; Merged with fused_aligned_output:FAO_RED|shared_rd_addr[3][2]                       ;
; fused_aligned_output:FAO_RED|shared_rd_addr[2][2]                       ; Merged with fused_aligned_output:FAO_RED|shared_rd_addr[3][2]                       ;
; fused_aligned_output:FAO_RED|shared_rd_addr[0][3]                       ; Merged with fused_aligned_output:FAO_RED|shared_rd_addr[3][3]                       ;
; fused_aligned_output:FAO_RED|shared_rd_addr[1][3]                       ; Merged with fused_aligned_output:FAO_RED|shared_rd_addr[3][3]                       ;
; fused_aligned_output:FAO_RED|shared_rd_addr[2][3]                       ; Merged with fused_aligned_output:FAO_RED|shared_rd_addr[3][3]                       ;
; fused_aligned_output:FAO_RED|shared_rd_addr[0][4]                       ; Merged with fused_aligned_output:FAO_RED|shared_rd_addr[3][4]                       ;
; fused_aligned_output:FAO_RED|shared_rd_addr[1][4]                       ; Merged with fused_aligned_output:FAO_RED|shared_rd_addr[3][4]                       ;
; fused_aligned_output:FAO_RED|shared_rd_addr[2][4]                       ; Merged with fused_aligned_output:FAO_RED|shared_rd_addr[3][4]                       ;
; fused_aligned_output:FAO_RED|shared_rd_addr[0][5]                       ; Merged with fused_aligned_output:FAO_RED|shared_rd_addr[3][5]                       ;
; fused_aligned_output:FAO_RED|shared_rd_addr[1][5]                       ; Merged with fused_aligned_output:FAO_RED|shared_rd_addr[3][5]                       ;
; fused_aligned_output:FAO_RED|shared_rd_addr[2][5]                       ; Merged with fused_aligned_output:FAO_RED|shared_rd_addr[3][5]                       ;
; fused_aligned_output:FAO_RED|shared_rd_addr[0][6]                       ; Merged with fused_aligned_output:FAO_RED|shared_rd_addr[3][6]                       ;
; fused_aligned_output:FAO_RED|shared_rd_addr[1][6]                       ; Merged with fused_aligned_output:FAO_RED|shared_rd_addr[3][6]                       ;
; fused_aligned_output:FAO_RED|shared_rd_addr[2][6]                       ; Merged with fused_aligned_output:FAO_RED|shared_rd_addr[3][6]                       ;
; fused_aligned_output:FAO_RED|shared_rd_addr[0][7]                       ; Merged with fused_aligned_output:FAO_RED|shared_rd_addr[3][7]                       ;
; fused_aligned_output:FAO_RED|shared_rd_addr[1][7]                       ; Merged with fused_aligned_output:FAO_RED|shared_rd_addr[3][7]                       ;
; fused_aligned_output:FAO_RED|shared_rd_addr[2][7]                       ; Merged with fused_aligned_output:FAO_RED|shared_rd_addr[3][7]                       ;
; fused_aligned_output:FAO_RED|shared_rd_addr[0][8]                       ; Merged with fused_aligned_output:FAO_RED|shared_rd_addr[3][8]                       ;
; fused_aligned_output:FAO_RED|shared_rd_addr[1][8]                       ; Merged with fused_aligned_output:FAO_RED|shared_rd_addr[3][8]                       ;
; fused_aligned_output:FAO_RED|shared_rd_addr[2][8]                       ; Merged with fused_aligned_output:FAO_RED|shared_rd_addr[3][8]                       ;
; fused_aligned_output:FAO_RED|shared_rd_addr[0][9]                       ; Merged with fused_aligned_output:FAO_RED|shared_rd_addr[3][9]                       ;
; fused_aligned_output:FAO_RED|shared_rd_addr[1][9]                       ; Merged with fused_aligned_output:FAO_RED|shared_rd_addr[3][9]                       ;
; fused_aligned_output:FAO_RED|shared_rd_addr[2][9]                       ; Merged with fused_aligned_output:FAO_RED|shared_rd_addr[3][9]                       ;
; fused_aligned_output:FAO_RED|shared_rd_addr[0][10]                      ; Merged with fused_aligned_output:FAO_RED|shared_rd_addr[3][10]                      ;
; fused_aligned_output:FAO_RED|shared_rd_addr[1][10]                      ; Merged with fused_aligned_output:FAO_RED|shared_rd_addr[3][10]                      ;
; fused_aligned_output:FAO_RED|shared_rd_addr[2][10]                      ; Merged with fused_aligned_output:FAO_RED|shared_rd_addr[3][10]                      ;
; fused_aligned_output:FAO_RED|shared_rd_addr[0][11]                      ; Merged with fused_aligned_output:FAO_RED|shared_rd_addr[3][11]                      ;
; fused_aligned_output:FAO_RED|shared_rd_addr[1][11]                      ; Merged with fused_aligned_output:FAO_RED|shared_rd_addr[3][11]                      ;
; fused_aligned_output:FAO_RED|shared_rd_addr[2][11]                      ; Merged with fused_aligned_output:FAO_RED|shared_rd_addr[3][11]                      ;
; fused_aligned_output:FAO_RED|shared_rd_addr[0][12]                      ; Merged with fused_aligned_output:FAO_RED|shared_rd_addr[3][12]                      ;
; fused_aligned_output:FAO_RED|shared_rd_addr[1][12]                      ; Merged with fused_aligned_output:FAO_RED|shared_rd_addr[3][12]                      ;
; fused_aligned_output:FAO_RED|shared_rd_addr[2][12]                      ; Merged with fused_aligned_output:FAO_RED|shared_rd_addr[3][12]                      ;
; fused_aligned_output:FAO_RED|shared_rd_addr[0][13]                      ; Merged with fused_aligned_output:FAO_RED|shared_rd_addr[3][13]                      ;
; fused_aligned_output:FAO_RED|shared_rd_addr[1][13]                      ; Merged with fused_aligned_output:FAO_RED|shared_rd_addr[3][13]                      ;
; fused_aligned_output:FAO_RED|shared_rd_addr[2][13]                      ; Merged with fused_aligned_output:FAO_RED|shared_rd_addr[3][13]                      ;
; fused_aligned_output:FAO_RED|shared_wr_addr[2][0]                       ; Merged with fused_aligned_output:FAO_RED|shared_wr_addr[3][0]                       ;
; fused_aligned_output:FAO_RED|shared_wr_addr[2][1]                       ; Merged with fused_aligned_output:FAO_RED|shared_wr_addr[3][1]                       ;
; fused_aligned_output:FAO_RED|shared_wr_addr[2][2]                       ; Merged with fused_aligned_output:FAO_RED|shared_wr_addr[3][2]                       ;
; fused_aligned_output:FAO_RED|shared_wr_addr[2][3]                       ; Merged with fused_aligned_output:FAO_RED|shared_wr_addr[3][3]                       ;
; fused_aligned_output:FAO_RED|shared_wr_addr[2][4]                       ; Merged with fused_aligned_output:FAO_RED|shared_wr_addr[3][4]                       ;
; fused_aligned_output:FAO_RED|shared_wr_addr[2][5]                       ; Merged with fused_aligned_output:FAO_RED|shared_wr_addr[3][5]                       ;
; fused_aligned_output:FAO_RED|shared_wr_addr[2][6]                       ; Merged with fused_aligned_output:FAO_RED|shared_wr_addr[3][6]                       ;
; fused_aligned_output:FAO_RED|shared_wr_addr[2][7]                       ; Merged with fused_aligned_output:FAO_RED|shared_wr_addr[3][7]                       ;
; fused_aligned_output:FAO_RED|shared_wr_addr[2][8]                       ; Merged with fused_aligned_output:FAO_RED|shared_wr_addr[3][8]                       ;
; fused_aligned_output:FAO_RED|shared_wr_addr[2][9]                       ; Merged with fused_aligned_output:FAO_RED|shared_wr_addr[3][9]                       ;
; fused_aligned_output:FAO_RED|shared_wr_addr[2][10]                      ; Merged with fused_aligned_output:FAO_RED|shared_wr_addr[3][10]                      ;
; fused_aligned_output:FAO_RED|shared_wr_addr[2][11]                      ; Merged with fused_aligned_output:FAO_RED|shared_wr_addr[3][11]                      ;
; fused_aligned_output:FAO_RED|shared_wr_addr[2][12]                      ; Merged with fused_aligned_output:FAO_RED|shared_wr_addr[3][12]                      ;
; fused_aligned_output:FAO_RED|shared_wr_addr[2][13]                      ; Merged with fused_aligned_output:FAO_RED|shared_wr_addr[3][13]                      ;
; fused_aligned_output:FAO_RED|shared_we[2]                               ; Merged with fused_aligned_output:FAO_RED|shared_we[3]                               ;
; confidence_computer:CONF_COMP_RED|derivative_column_idx_d[0]            ; Merged with disparity_estimator:DISP_EST_RED|angular_derivative_column_idx_in_d[0]  ;
; confidence_computer:CONF_COMP_RED|derivative_column_idx_2d[0]           ; Merged with disparity_estimator:DISP_EST_RED|spatial_derivatives_column_idx[0]      ;
; disparity_estimator:DISP_EST_RED|spatial_derivatives[0][14]             ; Merged with disparity_estimator:DISP_EST_RED|spatial_derivatives[0][15]             ;
; disparity_estimator:DISP_EST_RED|spatial_derivatives[1][14]             ; Merged with disparity_estimator:DISP_EST_RED|spatial_derivatives[1][15]             ;
; disparity_estimator:DISP_EST_RED|spatial_derivatives[2][14]             ; Merged with disparity_estimator:DISP_EST_RED|spatial_derivatives[2][15]             ;
; disparity_estimator:DISP_EST_RED|spatial_derivatives[3][14]             ; Merged with disparity_estimator:DISP_EST_RED|spatial_derivatives[3][15]             ;
; disparity_estimator:DISP_EST_RED|spatial_derivatives[4][14]             ; Merged with disparity_estimator:DISP_EST_RED|spatial_derivatives[4][15]             ;
; disparity_estimator:DISP_EST_RED|spatial_derivatives[5][14]             ; Merged with disparity_estimator:DISP_EST_RED|spatial_derivatives[5][15]             ;
; disparity_estimator:DISP_EST_RED|spatial_derivatives[6][14]             ; Merged with disparity_estimator:DISP_EST_RED|spatial_derivatives[6][15]             ;
; disparity_estimator:DISP_EST_RED|uv_s1_3[31]                            ; Merged with disparity_estimator:DISP_EST_RED|uv_s1_3[32]                            ;
; disparity_estimator:DISP_EST_RED|uu_s1_3[31]                            ; Merged with disparity_estimator:DISP_EST_RED|uu_s1_3[32]                            ;
; disparity_estimator:DISP_EST_RED|sum_uv[34..36]                         ; Merged with disparity_estimator:DISP_EST_RED|sum_uv[37]                             ;
; disparity_estimator:DISP_EST_RED|sum_uu[34..36]                         ; Merged with disparity_estimator:DISP_EST_RED|sum_uu[37]                             ;
; confidence_computer:CONF_COMP_RED|derivative_column_idx_d[1]            ; Merged with disparity_estimator:DISP_EST_RED|angular_derivative_column_idx_in_d[1]  ;
; confidence_computer:CONF_COMP_RED|derivative_column_idx_d[2]            ; Merged with disparity_estimator:DISP_EST_RED|angular_derivative_column_idx_in_d[2]  ;
; confidence_computer:CONF_COMP_RED|derivative_column_idx_d[3]            ; Merged with disparity_estimator:DISP_EST_RED|angular_derivative_column_idx_in_d[3]  ;
; confidence_computer:CONF_COMP_RED|derivative_column_idx_d[4]            ; Merged with disparity_estimator:DISP_EST_RED|angular_derivative_column_idx_in_d[4]  ;
; confidence_computer:CONF_COMP_RED|derivative_column_idx_d[5]            ; Merged with disparity_estimator:DISP_EST_RED|angular_derivative_column_idx_in_d[5]  ;
; confidence_computer:CONF_COMP_RED|derivative_column_idx_d[6]            ; Merged with disparity_estimator:DISP_EST_RED|angular_derivative_column_idx_in_d[6]  ;
; confidence_computer:CONF_COMP_RED|derivative_idx_d[0]                   ; Merged with disparity_estimator:DISP_EST_RED|angular_derivative_row_idx_in_d[0]     ;
; confidence_computer:CONF_COMP_RED|derivative_idx_d[1]                   ; Merged with disparity_estimator:DISP_EST_RED|angular_derivative_row_idx_in_d[1]     ;
; confidence_computer:CONF_COMP_RED|derivative_idx_d[2]                   ; Merged with disparity_estimator:DISP_EST_RED|angular_derivative_row_idx_in_d[2]     ;
; confidence_computer:CONF_COMP_RED|derivative_idx_d[3]                   ; Merged with disparity_estimator:DISP_EST_RED|angular_derivative_row_idx_in_d[3]     ;
; confidence_computer:CONF_COMP_RED|derivative_idx_d[4]                   ; Merged with disparity_estimator:DISP_EST_RED|angular_derivative_row_idx_in_d[4]     ;
; confidence_computer:CONF_COMP_RED|derivative_idx_d[5]                   ; Merged with disparity_estimator:DISP_EST_RED|angular_derivative_row_idx_in_d[5]     ;
; confidence_computer:CONF_COMP_RED|derivative_idx_d[6]                   ; Merged with disparity_estimator:DISP_EST_RED|angular_derivative_row_idx_in_d[6]     ;
; confidence_computer:CONF_COMP_RED|derivative_valid_d                    ; Merged with disparity_estimator:DISP_EST_RED|angular_derivatives_valid_in_d         ;
; confidence_computer:CONF_COMP_RED|derivative_orientation_d              ; Merged with disparity_estimator:DISP_EST_RED|angular_derivative_orientation_in_d    ;
; confidence_computer:CONF_COMP_RED|derivative_column_out[6][15]          ; Merged with confidence_computer:CONF_COMP_RED|derivative_column_out[6][14]          ;
; confidence_computer:CONF_COMP_RED|derivative_column_out[5][15]          ; Merged with confidence_computer:CONF_COMP_RED|derivative_column_out[5][14]          ;
; confidence_computer:CONF_COMP_RED|derivative_column_out[4][15]          ; Merged with confidence_computer:CONF_COMP_RED|derivative_column_out[4][14]          ;
; confidence_computer:CONF_COMP_RED|derivative_column_out[3][15]          ; Merged with confidence_computer:CONF_COMP_RED|derivative_column_out[3][14]          ;
; confidence_computer:CONF_COMP_RED|derivative_column_out[2][15]          ; Merged with confidence_computer:CONF_COMP_RED|derivative_column_out[2][14]          ;
; confidence_computer:CONF_COMP_RED|derivative_column_out[1][15]          ; Merged with confidence_computer:CONF_COMP_RED|derivative_column_out[1][14]          ;
; confidence_computer:CONF_COMP_RED|derivative_column_out[0][15]          ; Merged with confidence_computer:CONF_COMP_RED|derivative_column_out[0][14]          ;
; disparity_estimator:DISP_EST_RED|spatial_derivatives_row_idx[0]         ; Merged with confidence_computer:CONF_COMP_RED|derivative_idx_2d[0]                  ;
; disparity_estimator:DISP_EST_RED|spatial_derivatives_row_idx[1]         ; Merged with confidence_computer:CONF_COMP_RED|derivative_idx_2d[1]                  ;
; disparity_estimator:DISP_EST_RED|spatial_derivatives_row_idx[2]         ; Merged with confidence_computer:CONF_COMP_RED|derivative_idx_2d[2]                  ;
; disparity_estimator:DISP_EST_RED|spatial_derivatives_row_idx[3]         ; Merged with confidence_computer:CONF_COMP_RED|derivative_idx_2d[3]                  ;
; disparity_estimator:DISP_EST_RED|spatial_derivatives_row_idx[4]         ; Merged with confidence_computer:CONF_COMP_RED|derivative_idx_2d[4]                  ;
; disparity_estimator:DISP_EST_RED|spatial_derivatives_row_idx[5]         ; Merged with confidence_computer:CONF_COMP_RED|derivative_idx_2d[5]                  ;
; disparity_estimator:DISP_EST_RED|spatial_derivatives_row_idx[6]         ; Merged with confidence_computer:CONF_COMP_RED|derivative_idx_2d[6]                  ;
; disparity_estimator:DISP_EST_RED|spatial_derivatives_column_idx[1]      ; Merged with confidence_computer:CONF_COMP_RED|derivative_column_idx_2d[1]           ;
; disparity_estimator:DISP_EST_RED|spatial_derivatives_column_idx[2]      ; Merged with confidence_computer:CONF_COMP_RED|derivative_column_idx_2d[2]           ;
; disparity_estimator:DISP_EST_RED|spatial_derivatives_column_idx[3]      ; Merged with confidence_computer:CONF_COMP_RED|derivative_column_idx_2d[3]           ;
; disparity_estimator:DISP_EST_RED|spatial_derivatives_column_idx[4]      ; Merged with confidence_computer:CONF_COMP_RED|derivative_column_idx_2d[4]           ;
; disparity_estimator:DISP_EST_RED|spatial_derivatives_column_idx[5]      ; Merged with confidence_computer:CONF_COMP_RED|derivative_column_idx_2d[5]           ;
; disparity_estimator:DISP_EST_RED|spatial_derivatives_column_idx[6]      ; Merged with confidence_computer:CONF_COMP_RED|derivative_column_idx_2d[6]           ;
; disparity_estimator:DISP_EST_RED|angular_derivative_orientation_in_2d   ; Merged with confidence_computer:CONF_COMP_RED|derivative_orientation_2d             ;
; epi_compiler:EPIC_RED|wr_addr_transposed_q[7]                           ; Merged with epi_compiler:EPIC_RED|wr_addr_row_major_q[0]                            ;
; epi_compiler:EPIC_RED|storage_wr_addr_r[8][0]                           ; Merged with epi_compiler:EPIC_RED|storage_wr_addr_8v_r[7]                           ;
; epi_compiler:EPIC_RED|storage_we_r[8]                                   ; Merged with epi_compiler:EPIC_RED|storage_we_8v_r                                   ;
; epi_compiler:EPIC_RED|storage_wr_addr_r[10][0]                          ; Merged with epi_compiler:EPIC_RED|storage_wr_addr_r[11][0]                          ;
; epi_compiler:EPIC_RED|storage_wr_addr_r[9][0]                           ; Merged with epi_compiler:EPIC_RED|storage_wr_addr_r[11][0]                          ;
; epi_compiler:EPIC_RED|storage_wr_addr_r[7][0]                           ; Merged with epi_compiler:EPIC_RED|storage_wr_addr_r[11][0]                          ;
; epi_compiler:EPIC_RED|storage_wr_addr_r[6][0]                           ; Merged with epi_compiler:EPIC_RED|storage_wr_addr_r[11][0]                          ;
; epi_compiler:EPIC_RED|storage_wr_addr_r[5][0]                           ; Merged with epi_compiler:EPIC_RED|storage_wr_addr_r[11][0]                          ;
; epi_compiler:EPIC_RED|storage_wr_addr_r[3][0]                           ; Merged with epi_compiler:EPIC_RED|storage_wr_addr_r[11][0]                          ;
; epi_compiler:EPIC_RED|storage_wr_addr_r[2][0]                           ; Merged with epi_compiler:EPIC_RED|storage_wr_addr_r[11][0]                          ;
; epi_compiler:EPIC_RED|storage_wr_addr_r[1][0]                           ; Merged with epi_compiler:EPIC_RED|storage_wr_addr_r[11][0]                          ;
; epi_compiler:EPIC_RED|storage_wr_addr_r[0][0]                           ; Merged with epi_compiler:EPIC_RED|storage_wr_addr_r[11][0]                          ;
; epi_compiler:EPIC_RED|storage_wr_addr_r[10][1]                          ; Merged with epi_compiler:EPIC_RED|storage_wr_addr_r[11][1]                          ;
; epi_compiler:EPIC_RED|storage_wr_addr_r[9][1]                           ; Merged with epi_compiler:EPIC_RED|storage_wr_addr_r[11][1]                          ;
; epi_compiler:EPIC_RED|storage_wr_addr_r[7][1]                           ; Merged with epi_compiler:EPIC_RED|storage_wr_addr_r[11][1]                          ;
; epi_compiler:EPIC_RED|storage_wr_addr_r[6][1]                           ; Merged with epi_compiler:EPIC_RED|storage_wr_addr_r[11][1]                          ;
; epi_compiler:EPIC_RED|storage_wr_addr_r[5][1]                           ; Merged with epi_compiler:EPIC_RED|storage_wr_addr_r[11][1]                          ;
; epi_compiler:EPIC_RED|storage_wr_addr_r[3][1]                           ; Merged with epi_compiler:EPIC_RED|storage_wr_addr_r[11][1]                          ;
; epi_compiler:EPIC_RED|storage_wr_addr_r[2][1]                           ; Merged with epi_compiler:EPIC_RED|storage_wr_addr_r[11][1]                          ;
; epi_compiler:EPIC_RED|storage_wr_addr_r[1][1]                           ; Merged with epi_compiler:EPIC_RED|storage_wr_addr_r[11][1]                          ;
; epi_compiler:EPIC_RED|storage_wr_addr_r[0][1]                           ; Merged with epi_compiler:EPIC_RED|storage_wr_addr_r[11][1]                          ;
; epi_compiler:EPIC_RED|storage_wr_addr_r[10][2]                          ; Merged with epi_compiler:EPIC_RED|storage_wr_addr_r[11][2]                          ;
; epi_compiler:EPIC_RED|storage_wr_addr_r[9][2]                           ; Merged with epi_compiler:EPIC_RED|storage_wr_addr_r[11][2]                          ;
; epi_compiler:EPIC_RED|storage_wr_addr_r[7][2]                           ; Merged with epi_compiler:EPIC_RED|storage_wr_addr_r[11][2]                          ;
; epi_compiler:EPIC_RED|storage_wr_addr_r[6][2]                           ; Merged with epi_compiler:EPIC_RED|storage_wr_addr_r[11][2]                          ;
; epi_compiler:EPIC_RED|storage_wr_addr_r[5][2]                           ; Merged with epi_compiler:EPIC_RED|storage_wr_addr_r[11][2]                          ;
; epi_compiler:EPIC_RED|storage_wr_addr_r[3][2]                           ; Merged with epi_compiler:EPIC_RED|storage_wr_addr_r[11][2]                          ;
; epi_compiler:EPIC_RED|storage_wr_addr_r[2][2]                           ; Merged with epi_compiler:EPIC_RED|storage_wr_addr_r[11][2]                          ;
; epi_compiler:EPIC_RED|storage_wr_addr_r[1][2]                           ; Merged with epi_compiler:EPIC_RED|storage_wr_addr_r[11][2]                          ;
; epi_compiler:EPIC_RED|storage_wr_addr_r[0][2]                           ; Merged with epi_compiler:EPIC_RED|storage_wr_addr_r[11][2]                          ;
; epi_compiler:EPIC_RED|storage_wr_addr_r[10][3]                          ; Merged with epi_compiler:EPIC_RED|storage_wr_addr_r[11][3]                          ;
; epi_compiler:EPIC_RED|storage_wr_addr_r[9][3]                           ; Merged with epi_compiler:EPIC_RED|storage_wr_addr_r[11][3]                          ;
; epi_compiler:EPIC_RED|storage_wr_addr_r[7][3]                           ; Merged with epi_compiler:EPIC_RED|storage_wr_addr_r[11][3]                          ;
; epi_compiler:EPIC_RED|storage_wr_addr_r[6][3]                           ; Merged with epi_compiler:EPIC_RED|storage_wr_addr_r[11][3]                          ;
; epi_compiler:EPIC_RED|storage_wr_addr_r[5][3]                           ; Merged with epi_compiler:EPIC_RED|storage_wr_addr_r[11][3]                          ;
; epi_compiler:EPIC_RED|storage_wr_addr_r[3][3]                           ; Merged with epi_compiler:EPIC_RED|storage_wr_addr_r[11][3]                          ;
; epi_compiler:EPIC_RED|storage_wr_addr_r[2][3]                           ; Merged with epi_compiler:EPIC_RED|storage_wr_addr_r[11][3]                          ;
; epi_compiler:EPIC_RED|storage_wr_addr_r[1][3]                           ; Merged with epi_compiler:EPIC_RED|storage_wr_addr_r[11][3]                          ;
; epi_compiler:EPIC_RED|storage_wr_addr_r[0][3]                           ; Merged with epi_compiler:EPIC_RED|storage_wr_addr_r[11][3]                          ;
; epi_compiler:EPIC_RED|storage_wr_addr_r[10][4]                          ; Merged with epi_compiler:EPIC_RED|storage_wr_addr_r[11][4]                          ;
; epi_compiler:EPIC_RED|storage_wr_addr_r[9][4]                           ; Merged with epi_compiler:EPIC_RED|storage_wr_addr_r[11][4]                          ;
; epi_compiler:EPIC_RED|storage_wr_addr_r[7][4]                           ; Merged with epi_compiler:EPIC_RED|storage_wr_addr_r[11][4]                          ;
; epi_compiler:EPIC_RED|storage_wr_addr_r[6][4]                           ; Merged with epi_compiler:EPIC_RED|storage_wr_addr_r[11][4]                          ;
; epi_compiler:EPIC_RED|storage_wr_addr_r[5][4]                           ; Merged with epi_compiler:EPIC_RED|storage_wr_addr_r[11][4]                          ;
; epi_compiler:EPIC_RED|storage_wr_addr_r[3][4]                           ; Merged with epi_compiler:EPIC_RED|storage_wr_addr_r[11][4]                          ;
; epi_compiler:EPIC_RED|storage_wr_addr_r[2][4]                           ; Merged with epi_compiler:EPIC_RED|storage_wr_addr_r[11][4]                          ;
; epi_compiler:EPIC_RED|storage_wr_addr_r[1][4]                           ; Merged with epi_compiler:EPIC_RED|storage_wr_addr_r[11][4]                          ;
; epi_compiler:EPIC_RED|storage_wr_addr_r[0][4]                           ; Merged with epi_compiler:EPIC_RED|storage_wr_addr_r[11][4]                          ;
; epi_compiler:EPIC_RED|storage_wr_addr_r[10][5]                          ; Merged with epi_compiler:EPIC_RED|storage_wr_addr_r[11][5]                          ;
; epi_compiler:EPIC_RED|storage_wr_addr_r[9][5]                           ; Merged with epi_compiler:EPIC_RED|storage_wr_addr_r[11][5]                          ;
; epi_compiler:EPIC_RED|storage_wr_addr_r[7][5]                           ; Merged with epi_compiler:EPIC_RED|storage_wr_addr_r[11][5]                          ;
; epi_compiler:EPIC_RED|storage_wr_addr_r[6][5]                           ; Merged with epi_compiler:EPIC_RED|storage_wr_addr_r[11][5]                          ;
; epi_compiler:EPIC_RED|storage_wr_addr_r[5][5]                           ; Merged with epi_compiler:EPIC_RED|storage_wr_addr_r[11][5]                          ;
; epi_compiler:EPIC_RED|storage_wr_addr_r[3][5]                           ; Merged with epi_compiler:EPIC_RED|storage_wr_addr_r[11][5]                          ;
; epi_compiler:EPIC_RED|storage_wr_addr_r[2][5]                           ; Merged with epi_compiler:EPIC_RED|storage_wr_addr_r[11][5]                          ;
; epi_compiler:EPIC_RED|storage_wr_addr_r[1][5]                           ; Merged with epi_compiler:EPIC_RED|storage_wr_addr_r[11][5]                          ;
; epi_compiler:EPIC_RED|storage_wr_addr_r[0][5]                           ; Merged with epi_compiler:EPIC_RED|storage_wr_addr_r[11][5]                          ;
; epi_compiler:EPIC_RED|storage_wr_addr_r[10][6]                          ; Merged with epi_compiler:EPIC_RED|storage_wr_addr_r[11][6]                          ;
; epi_compiler:EPIC_RED|storage_wr_addr_r[9][6]                           ; Merged with epi_compiler:EPIC_RED|storage_wr_addr_r[11][6]                          ;
; epi_compiler:EPIC_RED|storage_wr_addr_r[7][6]                           ; Merged with epi_compiler:EPIC_RED|storage_wr_addr_r[11][6]                          ;
; epi_compiler:EPIC_RED|storage_wr_addr_r[6][6]                           ; Merged with epi_compiler:EPIC_RED|storage_wr_addr_r[11][6]                          ;
; epi_compiler:EPIC_RED|storage_wr_addr_r[5][6]                           ; Merged with epi_compiler:EPIC_RED|storage_wr_addr_r[11][6]                          ;
; epi_compiler:EPIC_RED|storage_wr_addr_r[3][6]                           ; Merged with epi_compiler:EPIC_RED|storage_wr_addr_r[11][6]                          ;
; epi_compiler:EPIC_RED|storage_wr_addr_r[2][6]                           ; Merged with epi_compiler:EPIC_RED|storage_wr_addr_r[11][6]                          ;
; epi_compiler:EPIC_RED|storage_wr_addr_r[1][6]                           ; Merged with epi_compiler:EPIC_RED|storage_wr_addr_r[11][6]                          ;
; epi_compiler:EPIC_RED|storage_wr_addr_r[0][6]                           ; Merged with epi_compiler:EPIC_RED|storage_wr_addr_r[11][6]                          ;
; epi_compiler:EPIC_RED|storage_wr_addr_r[10][7]                          ; Merged with epi_compiler:EPIC_RED|storage_wr_addr_r[11][7]                          ;
; epi_compiler:EPIC_RED|storage_wr_addr_r[9][7]                           ; Merged with epi_compiler:EPIC_RED|storage_wr_addr_r[11][7]                          ;
; epi_compiler:EPIC_RED|storage_wr_addr_r[7][7]                           ; Merged with epi_compiler:EPIC_RED|storage_wr_addr_r[11][7]                          ;
; epi_compiler:EPIC_RED|storage_wr_addr_r[6][7]                           ; Merged with epi_compiler:EPIC_RED|storage_wr_addr_r[11][7]                          ;
; epi_compiler:EPIC_RED|storage_wr_addr_r[5][7]                           ; Merged with epi_compiler:EPIC_RED|storage_wr_addr_r[11][7]                          ;
; epi_compiler:EPIC_RED|storage_wr_addr_r[3][7]                           ; Merged with epi_compiler:EPIC_RED|storage_wr_addr_r[11][7]                          ;
; epi_compiler:EPIC_RED|storage_wr_addr_r[2][7]                           ; Merged with epi_compiler:EPIC_RED|storage_wr_addr_r[11][7]                          ;
; epi_compiler:EPIC_RED|storage_wr_addr_r[1][7]                           ; Merged with epi_compiler:EPIC_RED|storage_wr_addr_r[11][7]                          ;
; epi_compiler:EPIC_RED|storage_wr_addr_r[0][7]                           ; Merged with epi_compiler:EPIC_RED|storage_wr_addr_r[11][7]                          ;
; epi_compiler:EPIC_RED|storage_wr_addr_r[10][8]                          ; Merged with epi_compiler:EPIC_RED|storage_wr_addr_r[11][8]                          ;
; epi_compiler:EPIC_RED|storage_wr_addr_r[9][8]                           ; Merged with epi_compiler:EPIC_RED|storage_wr_addr_r[11][8]                          ;
; epi_compiler:EPIC_RED|storage_wr_addr_r[7][8]                           ; Merged with epi_compiler:EPIC_RED|storage_wr_addr_r[11][8]                          ;
; epi_compiler:EPIC_RED|storage_wr_addr_r[6][8]                           ; Merged with epi_compiler:EPIC_RED|storage_wr_addr_r[11][8]                          ;
; epi_compiler:EPIC_RED|storage_wr_addr_r[5][8]                           ; Merged with epi_compiler:EPIC_RED|storage_wr_addr_r[11][8]                          ;
; epi_compiler:EPIC_RED|storage_wr_addr_r[3][8]                           ; Merged with epi_compiler:EPIC_RED|storage_wr_addr_r[11][8]                          ;
; epi_compiler:EPIC_RED|storage_wr_addr_r[2][8]                           ; Merged with epi_compiler:EPIC_RED|storage_wr_addr_r[11][8]                          ;
; epi_compiler:EPIC_RED|storage_wr_addr_r[1][8]                           ; Merged with epi_compiler:EPIC_RED|storage_wr_addr_r[11][8]                          ;
; epi_compiler:EPIC_RED|storage_wr_addr_r[0][8]                           ; Merged with epi_compiler:EPIC_RED|storage_wr_addr_r[11][8]                          ;
; epi_compiler:EPIC_RED|storage_wr_addr_r[10][9]                          ; Merged with epi_compiler:EPIC_RED|storage_wr_addr_r[11][9]                          ;
; epi_compiler:EPIC_RED|storage_wr_addr_r[9][9]                           ; Merged with epi_compiler:EPIC_RED|storage_wr_addr_r[11][9]                          ;
; epi_compiler:EPIC_RED|storage_wr_addr_r[7][9]                           ; Merged with epi_compiler:EPIC_RED|storage_wr_addr_r[11][9]                          ;
; epi_compiler:EPIC_RED|storage_wr_addr_r[6][9]                           ; Merged with epi_compiler:EPIC_RED|storage_wr_addr_r[11][9]                          ;
; epi_compiler:EPIC_RED|storage_wr_addr_r[5][9]                           ; Merged with epi_compiler:EPIC_RED|storage_wr_addr_r[11][9]                          ;
; epi_compiler:EPIC_RED|storage_wr_addr_r[3][9]                           ; Merged with epi_compiler:EPIC_RED|storage_wr_addr_r[11][9]                          ;
; epi_compiler:EPIC_RED|storage_wr_addr_r[2][9]                           ; Merged with epi_compiler:EPIC_RED|storage_wr_addr_r[11][9]                          ;
; epi_compiler:EPIC_RED|storage_wr_addr_r[1][9]                           ; Merged with epi_compiler:EPIC_RED|storage_wr_addr_r[11][9]                          ;
; epi_compiler:EPIC_RED|storage_wr_addr_r[0][9]                           ; Merged with epi_compiler:EPIC_RED|storage_wr_addr_r[11][9]                          ;
; epi_compiler:EPIC_RED|storage_wr_addr_r[10][10]                         ; Merged with epi_compiler:EPIC_RED|storage_wr_addr_r[11][10]                         ;
; epi_compiler:EPIC_RED|storage_wr_addr_r[9][10]                          ; Merged with epi_compiler:EPIC_RED|storage_wr_addr_r[11][10]                         ;
; epi_compiler:EPIC_RED|storage_wr_addr_r[7][10]                          ; Merged with epi_compiler:EPIC_RED|storage_wr_addr_r[11][10]                         ;
; epi_compiler:EPIC_RED|storage_wr_addr_r[6][10]                          ; Merged with epi_compiler:EPIC_RED|storage_wr_addr_r[11][10]                         ;
; epi_compiler:EPIC_RED|storage_wr_addr_r[5][10]                          ; Merged with epi_compiler:EPIC_RED|storage_wr_addr_r[11][10]                         ;
; epi_compiler:EPIC_RED|storage_wr_addr_r[3][10]                          ; Merged with epi_compiler:EPIC_RED|storage_wr_addr_r[11][10]                         ;
; epi_compiler:EPIC_RED|storage_wr_addr_r[2][10]                          ; Merged with epi_compiler:EPIC_RED|storage_wr_addr_r[11][10]                         ;
; epi_compiler:EPIC_RED|storage_wr_addr_r[1][10]                          ; Merged with epi_compiler:EPIC_RED|storage_wr_addr_r[11][10]                         ;
; epi_compiler:EPIC_RED|storage_wr_addr_r[0][10]                          ; Merged with epi_compiler:EPIC_RED|storage_wr_addr_r[11][10]                         ;
; epi_compiler:EPIC_RED|storage_wr_addr_r[10][11]                         ; Merged with epi_compiler:EPIC_RED|storage_wr_addr_r[11][11]                         ;
; epi_compiler:EPIC_RED|storage_wr_addr_r[9][11]                          ; Merged with epi_compiler:EPIC_RED|storage_wr_addr_r[11][11]                         ;
; epi_compiler:EPIC_RED|storage_wr_addr_r[7][11]                          ; Merged with epi_compiler:EPIC_RED|storage_wr_addr_r[11][11]                         ;
; epi_compiler:EPIC_RED|storage_wr_addr_r[6][11]                          ; Merged with epi_compiler:EPIC_RED|storage_wr_addr_r[11][11]                         ;
; epi_compiler:EPIC_RED|storage_wr_addr_r[5][11]                          ; Merged with epi_compiler:EPIC_RED|storage_wr_addr_r[11][11]                         ;
; epi_compiler:EPIC_RED|storage_wr_addr_r[3][11]                          ; Merged with epi_compiler:EPIC_RED|storage_wr_addr_r[11][11]                         ;
; epi_compiler:EPIC_RED|storage_wr_addr_r[2][11]                          ; Merged with epi_compiler:EPIC_RED|storage_wr_addr_r[11][11]                         ;
; epi_compiler:EPIC_RED|storage_wr_addr_r[1][11]                          ; Merged with epi_compiler:EPIC_RED|storage_wr_addr_r[11][11]                         ;
; epi_compiler:EPIC_RED|storage_wr_addr_r[0][11]                          ; Merged with epi_compiler:EPIC_RED|storage_wr_addr_r[11][11]                         ;
; epi_compiler:EPIC_RED|storage_wr_addr_r[10][12]                         ; Merged with epi_compiler:EPIC_RED|storage_wr_addr_r[11][12]                         ;
; epi_compiler:EPIC_RED|storage_wr_addr_r[9][12]                          ; Merged with epi_compiler:EPIC_RED|storage_wr_addr_r[11][12]                         ;
; epi_compiler:EPIC_RED|storage_wr_addr_r[7][12]                          ; Merged with epi_compiler:EPIC_RED|storage_wr_addr_r[11][12]                         ;
; epi_compiler:EPIC_RED|storage_wr_addr_r[6][12]                          ; Merged with epi_compiler:EPIC_RED|storage_wr_addr_r[11][12]                         ;
; epi_compiler:EPIC_RED|storage_wr_addr_r[5][12]                          ; Merged with epi_compiler:EPIC_RED|storage_wr_addr_r[11][12]                         ;
; epi_compiler:EPIC_RED|storage_wr_addr_r[3][12]                          ; Merged with epi_compiler:EPIC_RED|storage_wr_addr_r[11][12]                         ;
; epi_compiler:EPIC_RED|storage_wr_addr_r[2][12]                          ; Merged with epi_compiler:EPIC_RED|storage_wr_addr_r[11][12]                         ;
; epi_compiler:EPIC_RED|storage_wr_addr_r[1][12]                          ; Merged with epi_compiler:EPIC_RED|storage_wr_addr_r[11][12]                         ;
; epi_compiler:EPIC_RED|storage_wr_addr_r[0][12]                          ; Merged with epi_compiler:EPIC_RED|storage_wr_addr_r[11][12]                         ;
; epi_compiler:EPIC_RED|storage_wr_addr_r[10][13]                         ; Merged with epi_compiler:EPIC_RED|storage_wr_addr_r[11][13]                         ;
; epi_compiler:EPIC_RED|storage_wr_addr_r[9][13]                          ; Merged with epi_compiler:EPIC_RED|storage_wr_addr_r[11][13]                         ;
; epi_compiler:EPIC_RED|storage_wr_addr_r[7][13]                          ; Merged with epi_compiler:EPIC_RED|storage_wr_addr_r[11][13]                         ;
; epi_compiler:EPIC_RED|storage_wr_addr_r[6][13]                          ; Merged with epi_compiler:EPIC_RED|storage_wr_addr_r[11][13]                         ;
; epi_compiler:EPIC_RED|storage_wr_addr_r[5][13]                          ; Merged with epi_compiler:EPIC_RED|storage_wr_addr_r[11][13]                         ;
; epi_compiler:EPIC_RED|storage_wr_addr_r[3][13]                          ; Merged with epi_compiler:EPIC_RED|storage_wr_addr_r[11][13]                         ;
; epi_compiler:EPIC_RED|storage_wr_addr_r[2][13]                          ; Merged with epi_compiler:EPIC_RED|storage_wr_addr_r[11][13]                         ;
; epi_compiler:EPIC_RED|storage_wr_addr_r[1][13]                          ; Merged with epi_compiler:EPIC_RED|storage_wr_addr_r[11][13]                         ;
; epi_compiler:EPIC_RED|storage_wr_addr_r[0][13]                          ; Merged with epi_compiler:EPIC_RED|storage_wr_addr_r[11][13]                         ;
; epi_compiler:EPIC_RED|wr_addr_transposed_q[8]                           ; Merged with epi_compiler:EPIC_RED|wr_addr_row_major_q[1]                            ;
; epi_compiler:EPIC_RED|wr_addr_transposed_q[9]                           ; Merged with epi_compiler:EPIC_RED|wr_addr_row_major_q[2]                            ;
; epi_compiler:EPIC_RED|wr_addr_transposed_q[10]                          ; Merged with epi_compiler:EPIC_RED|wr_addr_row_major_q[3]                            ;
; epi_compiler:EPIC_RED|wr_addr_transposed_q[11]                          ; Merged with epi_compiler:EPIC_RED|wr_addr_row_major_q[4]                            ;
; epi_compiler:EPIC_RED|wr_addr_transposed_q[12]                          ; Merged with epi_compiler:EPIC_RED|wr_addr_row_major_q[5]                            ;
; epi_compiler:EPIC_RED|wr_addr_transposed_q[13]                          ; Merged with epi_compiler:EPIC_RED|wr_addr_row_major_q[6]                            ;
; epi_compiler:EPIC_RED|wr_addr_transposed_q[0]                           ; Merged with epi_compiler:EPIC_RED|wr_addr_row_major_q[7]                            ;
; epi_compiler:EPIC_RED|wr_addr_transposed_q[1]                           ; Merged with epi_compiler:EPIC_RED|wr_addr_row_major_q[8]                            ;
; epi_compiler:EPIC_RED|wr_addr_transposed_q[2]                           ; Merged with epi_compiler:EPIC_RED|wr_addr_row_major_q[9]                            ;
; epi_compiler:EPIC_RED|wr_addr_transposed_q[3]                           ; Merged with epi_compiler:EPIC_RED|wr_addr_row_major_q[10]                           ;
; epi_compiler:EPIC_RED|wr_addr_transposed_q[4]                           ; Merged with epi_compiler:EPIC_RED|wr_addr_row_major_q[11]                           ;
; epi_compiler:EPIC_RED|wr_addr_transposed_q[5]                           ; Merged with epi_compiler:EPIC_RED|wr_addr_row_major_q[12]                           ;
; epi_compiler:EPIC_RED|wr_addr_transposed_q[6]                           ; Merged with epi_compiler:EPIC_RED|wr_addr_row_major_q[13]                           ;
; confidence_computer:CONF_COMP_RED|confidence_orientation_out            ; Merged with disparity_estimator:DISP_EST_RED|prod_orientation                       ;
; disparity_estimator:DISP_EST_RED|angular_derivative_column_in_d[6][15]  ; Merged with disparity_estimator:DISP_EST_RED|angular_derivative_column_in_d[6][14]  ;
; disparity_estimator:DISP_EST_RED|angular_derivative_column_in_d[5][15]  ; Merged with disparity_estimator:DISP_EST_RED|angular_derivative_column_in_d[5][14]  ;
; disparity_estimator:DISP_EST_RED|angular_derivative_column_in_d[4][15]  ; Merged with disparity_estimator:DISP_EST_RED|angular_derivative_column_in_d[4][14]  ;
; disparity_estimator:DISP_EST_RED|angular_derivative_column_in_d[3][15]  ; Merged with disparity_estimator:DISP_EST_RED|angular_derivative_column_in_d[3][14]  ;
; disparity_estimator:DISP_EST_RED|angular_derivative_column_in_d[2][15]  ; Merged with disparity_estimator:DISP_EST_RED|angular_derivative_column_in_d[2][14]  ;
; disparity_estimator:DISP_EST_RED|angular_derivative_column_in_d[1][15]  ; Merged with disparity_estimator:DISP_EST_RED|angular_derivative_column_in_d[1][14]  ;
; disparity_estimator:DISP_EST_RED|angular_derivative_column_in_d[0][15]  ; Merged with disparity_estimator:DISP_EST_RED|angular_derivative_column_in_d[0][14]  ;
; epi_compiler:EPIC_RED|storage_wr_addr_r[8][7]                           ; Merged with epi_compiler:EPIC_RED|storage_wr_addr_8v_r[0]                           ;
; epi_compiler:EPIC_RED|storage_wr_addr_r[8][8]                           ; Merged with epi_compiler:EPIC_RED|storage_wr_addr_8v_r[1]                           ;
; epi_compiler:EPIC_RED|storage_wr_addr_r[8][9]                           ; Merged with epi_compiler:EPIC_RED|storage_wr_addr_8v_r[2]                           ;
; epi_compiler:EPIC_RED|storage_wr_addr_r[8][10]                          ; Merged with epi_compiler:EPIC_RED|storage_wr_addr_8v_r[3]                           ;
; epi_compiler:EPIC_RED|storage_wr_addr_r[8][11]                          ; Merged with epi_compiler:EPIC_RED|storage_wr_addr_8v_r[4]                           ;
; epi_compiler:EPIC_RED|storage_wr_addr_r[8][12]                          ; Merged with epi_compiler:EPIC_RED|storage_wr_addr_8v_r[5]                           ;
; epi_compiler:EPIC_RED|storage_wr_addr_r[8][13]                          ; Merged with epi_compiler:EPIC_RED|storage_wr_addr_8v_r[6]                           ;
; epi_compiler:EPIC_RED|storage_wr_addr_r[8][1]                           ; Merged with epi_compiler:EPIC_RED|storage_wr_addr_8v_r[8]                           ;
; epi_compiler:EPIC_RED|storage_wr_addr_r[8][2]                           ; Merged with epi_compiler:EPIC_RED|storage_wr_addr_8v_r[9]                           ;
; epi_compiler:EPIC_RED|storage_wr_addr_r[8][3]                           ; Merged with epi_compiler:EPIC_RED|storage_wr_addr_8v_r[10]                          ;
; epi_compiler:EPIC_RED|storage_wr_addr_r[8][4]                           ; Merged with epi_compiler:EPIC_RED|storage_wr_addr_8v_r[11]                          ;
; epi_compiler:EPIC_RED|storage_wr_addr_r[8][5]                           ; Merged with epi_compiler:EPIC_RED|storage_wr_addr_8v_r[12]                          ;
; epi_compiler:EPIC_RED|storage_wr_addr_r[8][6]                           ; Merged with epi_compiler:EPIC_RED|storage_wr_addr_8v_r[13]                          ;
; disparity_estimator:DISP_EST_RED|angular_derivative_column_in_2d[6][15] ; Merged with disparity_estimator:DISP_EST_RED|angular_derivative_column_in_2d[6][14] ;
; disparity_estimator:DISP_EST_RED|angular_derivative_column_in_2d[5][15] ; Merged with disparity_estimator:DISP_EST_RED|angular_derivative_column_in_2d[5][14] ;
; disparity_estimator:DISP_EST_RED|angular_derivative_column_in_2d[4][15] ; Merged with disparity_estimator:DISP_EST_RED|angular_derivative_column_in_2d[4][14] ;
; disparity_estimator:DISP_EST_RED|angular_derivative_column_in_2d[3][15] ; Merged with disparity_estimator:DISP_EST_RED|angular_derivative_column_in_2d[3][14] ;
; disparity_estimator:DISP_EST_RED|angular_derivative_column_in_2d[2][15] ; Merged with disparity_estimator:DISP_EST_RED|angular_derivative_column_in_2d[2][14] ;
; disparity_estimator:DISP_EST_RED|angular_derivative_column_in_2d[1][15] ; Merged with disparity_estimator:DISP_EST_RED|angular_derivative_column_in_2d[1][14] ;
; disparity_estimator:DISP_EST_RED|angular_derivative_column_in_2d[0][15] ; Merged with disparity_estimator:DISP_EST_RED|angular_derivative_column_in_2d[0][14] ;
; fused_aligned_output:FAO_RED|max_valid_idx_pipe[12][1]                  ; Merged with fused_aligned_output:FAO_RED|max_valid_idx_pipe[12][0]                  ;
; fused_aligned_output:FAO_RED|max_valid_idx_pipe[12][3]                  ; Merged with fused_aligned_output:FAO_RED|max_valid_idx_pipe[12][0]                  ;
; fused_aligned_output:FAO_RED|max_valid_idx_pipe[12][4]                  ; Merged with fused_aligned_output:FAO_RED|max_valid_idx_pipe[12][0]                  ;
; fused_aligned_output:FAO_RED|max_valid_idx_pipe[12][5]                  ; Merged with fused_aligned_output:FAO_RED|max_valid_idx_pipe[12][0]                  ;
; fused_aligned_output:FAO_RED|max_valid_idx_pipe[12][6]                  ; Merged with fused_aligned_output:FAO_RED|max_valid_idx_pipe[12][0]                  ;
; fused_aligned_output:FAO_RED|trim_pixels_pipe[12][2]                    ; Merged with fused_aligned_output:FAO_RED|max_valid_idx_pipe[12][0]                  ;
; fused_aligned_output:FAO_RED|max_valid_idx_pipe[11][1]                  ; Merged with fused_aligned_output:FAO_RED|max_valid_idx_pipe[11][0]                  ;
; fused_aligned_output:FAO_RED|max_valid_idx_pipe[11][3]                  ; Merged with fused_aligned_output:FAO_RED|max_valid_idx_pipe[11][0]                  ;
; fused_aligned_output:FAO_RED|max_valid_idx_pipe[11][4]                  ; Merged with fused_aligned_output:FAO_RED|max_valid_idx_pipe[11][0]                  ;
; fused_aligned_output:FAO_RED|max_valid_idx_pipe[11][5]                  ; Merged with fused_aligned_output:FAO_RED|max_valid_idx_pipe[11][0]                  ;
; fused_aligned_output:FAO_RED|max_valid_idx_pipe[11][6]                  ; Merged with fused_aligned_output:FAO_RED|max_valid_idx_pipe[11][0]                  ;
; fused_aligned_output:FAO_RED|trim_pixels_pipe[11][2]                    ; Merged with fused_aligned_output:FAO_RED|max_valid_idx_pipe[11][0]                  ;
; fused_aligned_output:FAO_RED|max_valid_idx_pipe[10][1]                  ; Merged with fused_aligned_output:FAO_RED|max_valid_idx_pipe[10][0]                  ;
; fused_aligned_output:FAO_RED|max_valid_idx_pipe[10][3]                  ; Merged with fused_aligned_output:FAO_RED|max_valid_idx_pipe[10][0]                  ;
; fused_aligned_output:FAO_RED|max_valid_idx_pipe[10][4]                  ; Merged with fused_aligned_output:FAO_RED|max_valid_idx_pipe[10][0]                  ;
; fused_aligned_output:FAO_RED|max_valid_idx_pipe[10][5]                  ; Merged with fused_aligned_output:FAO_RED|max_valid_idx_pipe[10][0]                  ;
; fused_aligned_output:FAO_RED|max_valid_idx_pipe[10][6]                  ; Merged with fused_aligned_output:FAO_RED|max_valid_idx_pipe[10][0]                  ;
; fused_aligned_output:FAO_RED|trim_pixels_pipe[10][2]                    ; Merged with fused_aligned_output:FAO_RED|max_valid_idx_pipe[10][0]                  ;
; fused_aligned_output:FAO_RED|max_valid_idx_pipe[9][1]                   ; Merged with fused_aligned_output:FAO_RED|max_valid_idx_pipe[9][0]                   ;
; fused_aligned_output:FAO_RED|max_valid_idx_pipe[9][3]                   ; Merged with fused_aligned_output:FAO_RED|max_valid_idx_pipe[9][0]                   ;
; fused_aligned_output:FAO_RED|max_valid_idx_pipe[9][4]                   ; Merged with fused_aligned_output:FAO_RED|max_valid_idx_pipe[9][0]                   ;
; fused_aligned_output:FAO_RED|max_valid_idx_pipe[9][5]                   ; Merged with fused_aligned_output:FAO_RED|max_valid_idx_pipe[9][0]                   ;
; fused_aligned_output:FAO_RED|max_valid_idx_pipe[9][6]                   ; Merged with fused_aligned_output:FAO_RED|max_valid_idx_pipe[9][0]                   ;
; fused_aligned_output:FAO_RED|trim_pixels_pipe[9][2]                     ; Merged with fused_aligned_output:FAO_RED|max_valid_idx_pipe[9][0]                   ;
; fused_aligned_output:FAO_RED|max_valid_idx_pipe[8][1]                   ; Merged with fused_aligned_output:FAO_RED|max_valid_idx_pipe[8][0]                   ;
; fused_aligned_output:FAO_RED|max_valid_idx_pipe[8][3]                   ; Merged with fused_aligned_output:FAO_RED|max_valid_idx_pipe[8][0]                   ;
; fused_aligned_output:FAO_RED|max_valid_idx_pipe[8][4]                   ; Merged with fused_aligned_output:FAO_RED|max_valid_idx_pipe[8][0]                   ;
; fused_aligned_output:FAO_RED|max_valid_idx_pipe[8][5]                   ; Merged with fused_aligned_output:FAO_RED|max_valid_idx_pipe[8][0]                   ;
; fused_aligned_output:FAO_RED|max_valid_idx_pipe[8][6]                   ; Merged with fused_aligned_output:FAO_RED|max_valid_idx_pipe[8][0]                   ;
; fused_aligned_output:FAO_RED|trim_pixels_pipe[8][2]                     ; Merged with fused_aligned_output:FAO_RED|max_valid_idx_pipe[8][0]                   ;
; fused_aligned_output:FAO_RED|max_valid_idx_pipe[7][1]                   ; Merged with fused_aligned_output:FAO_RED|max_valid_idx_pipe[7][0]                   ;
; fused_aligned_output:FAO_RED|max_valid_idx_pipe[7][3]                   ; Merged with fused_aligned_output:FAO_RED|max_valid_idx_pipe[7][0]                   ;
; fused_aligned_output:FAO_RED|max_valid_idx_pipe[7][4]                   ; Merged with fused_aligned_output:FAO_RED|max_valid_idx_pipe[7][0]                   ;
; fused_aligned_output:FAO_RED|max_valid_idx_pipe[7][5]                   ; Merged with fused_aligned_output:FAO_RED|max_valid_idx_pipe[7][0]                   ;
; fused_aligned_output:FAO_RED|max_valid_idx_pipe[7][6]                   ; Merged with fused_aligned_output:FAO_RED|max_valid_idx_pipe[7][0]                   ;
; fused_aligned_output:FAO_RED|trim_pixels_pipe[7][2]                     ; Merged with fused_aligned_output:FAO_RED|max_valid_idx_pipe[7][0]                   ;
; fused_aligned_output:FAO_RED|max_valid_idx_pipe[6][1]                   ; Merged with fused_aligned_output:FAO_RED|max_valid_idx_pipe[6][0]                   ;
; fused_aligned_output:FAO_RED|max_valid_idx_pipe[6][3]                   ; Merged with fused_aligned_output:FAO_RED|max_valid_idx_pipe[6][0]                   ;
; fused_aligned_output:FAO_RED|max_valid_idx_pipe[6][4]                   ; Merged with fused_aligned_output:FAO_RED|max_valid_idx_pipe[6][0]                   ;
; fused_aligned_output:FAO_RED|max_valid_idx_pipe[6][5]                   ; Merged with fused_aligned_output:FAO_RED|max_valid_idx_pipe[6][0]                   ;
; fused_aligned_output:FAO_RED|max_valid_idx_pipe[6][6]                   ; Merged with fused_aligned_output:FAO_RED|max_valid_idx_pipe[6][0]                   ;
; fused_aligned_output:FAO_RED|trim_pixels_pipe[6][2]                     ; Merged with fused_aligned_output:FAO_RED|max_valid_idx_pipe[6][0]                   ;
; fused_aligned_output:FAO_RED|max_valid_idx_pipe[5][1]                   ; Merged with fused_aligned_output:FAO_RED|max_valid_idx_pipe[5][0]                   ;
; fused_aligned_output:FAO_RED|max_valid_idx_pipe[5][3]                   ; Merged with fused_aligned_output:FAO_RED|max_valid_idx_pipe[5][0]                   ;
; fused_aligned_output:FAO_RED|max_valid_idx_pipe[5][4]                   ; Merged with fused_aligned_output:FAO_RED|max_valid_idx_pipe[5][0]                   ;
; fused_aligned_output:FAO_RED|max_valid_idx_pipe[5][5]                   ; Merged with fused_aligned_output:FAO_RED|max_valid_idx_pipe[5][0]                   ;
; fused_aligned_output:FAO_RED|max_valid_idx_pipe[5][6]                   ; Merged with fused_aligned_output:FAO_RED|max_valid_idx_pipe[5][0]                   ;
; fused_aligned_output:FAO_RED|trim_pixels_pipe[5][2]                     ; Merged with fused_aligned_output:FAO_RED|max_valid_idx_pipe[5][0]                   ;
; fused_aligned_output:FAO_RED|max_valid_idx_pipe[4][1]                   ; Merged with fused_aligned_output:FAO_RED|max_valid_idx_pipe[4][0]                   ;
; fused_aligned_output:FAO_RED|max_valid_idx_pipe[4][3]                   ; Merged with fused_aligned_output:FAO_RED|max_valid_idx_pipe[4][0]                   ;
; fused_aligned_output:FAO_RED|max_valid_idx_pipe[4][4]                   ; Merged with fused_aligned_output:FAO_RED|max_valid_idx_pipe[4][0]                   ;
; fused_aligned_output:FAO_RED|max_valid_idx_pipe[4][5]                   ; Merged with fused_aligned_output:FAO_RED|max_valid_idx_pipe[4][0]                   ;
; fused_aligned_output:FAO_RED|max_valid_idx_pipe[4][6]                   ; Merged with fused_aligned_output:FAO_RED|max_valid_idx_pipe[4][0]                   ;
; fused_aligned_output:FAO_RED|trim_pixels_pipe[4][2]                     ; Merged with fused_aligned_output:FAO_RED|max_valid_idx_pipe[4][0]                   ;
; fused_aligned_output:FAO_RED|max_valid_idx_pipe[3][1]                   ; Merged with fused_aligned_output:FAO_RED|max_valid_idx_pipe[3][0]                   ;
; fused_aligned_output:FAO_RED|max_valid_idx_pipe[3][3]                   ; Merged with fused_aligned_output:FAO_RED|max_valid_idx_pipe[3][0]                   ;
; fused_aligned_output:FAO_RED|max_valid_idx_pipe[3][4]                   ; Merged with fused_aligned_output:FAO_RED|max_valid_idx_pipe[3][0]                   ;
; fused_aligned_output:FAO_RED|max_valid_idx_pipe[3][5]                   ; Merged with fused_aligned_output:FAO_RED|max_valid_idx_pipe[3][0]                   ;
; fused_aligned_output:FAO_RED|max_valid_idx_pipe[3][6]                   ; Merged with fused_aligned_output:FAO_RED|max_valid_idx_pipe[3][0]                   ;
; fused_aligned_output:FAO_RED|trim_pixels_pipe[3][2]                     ; Merged with fused_aligned_output:FAO_RED|max_valid_idx_pipe[3][0]                   ;
; fused_aligned_output:FAO_RED|max_valid_idx_pipe[2][1]                   ; Merged with fused_aligned_output:FAO_RED|max_valid_idx_pipe[2][0]                   ;
; fused_aligned_output:FAO_RED|max_valid_idx_pipe[2][3]                   ; Merged with fused_aligned_output:FAO_RED|max_valid_idx_pipe[2][0]                   ;
; fused_aligned_output:FAO_RED|max_valid_idx_pipe[2][4]                   ; Merged with fused_aligned_output:FAO_RED|max_valid_idx_pipe[2][0]                   ;
; fused_aligned_output:FAO_RED|max_valid_idx_pipe[2][5]                   ; Merged with fused_aligned_output:FAO_RED|max_valid_idx_pipe[2][0]                   ;
; fused_aligned_output:FAO_RED|max_valid_idx_pipe[2][6]                   ; Merged with fused_aligned_output:FAO_RED|max_valid_idx_pipe[2][0]                   ;
; fused_aligned_output:FAO_RED|trim_pixels_pipe[2][2]                     ; Merged with fused_aligned_output:FAO_RED|max_valid_idx_pipe[2][0]                   ;
; fused_aligned_output:FAO_RED|max_valid_idx_pipe[1][1]                   ; Merged with fused_aligned_output:FAO_RED|max_valid_idx_pipe[1][0]                   ;
; fused_aligned_output:FAO_RED|max_valid_idx_pipe[1][3]                   ; Merged with fused_aligned_output:FAO_RED|max_valid_idx_pipe[1][0]                   ;
; fused_aligned_output:FAO_RED|max_valid_idx_pipe[1][4]                   ; Merged with fused_aligned_output:FAO_RED|max_valid_idx_pipe[1][0]                   ;
; fused_aligned_output:FAO_RED|max_valid_idx_pipe[1][5]                   ; Merged with fused_aligned_output:FAO_RED|max_valid_idx_pipe[1][0]                   ;
; fused_aligned_output:FAO_RED|max_valid_idx_pipe[1][6]                   ; Merged with fused_aligned_output:FAO_RED|max_valid_idx_pipe[1][0]                   ;
; fused_aligned_output:FAO_RED|trim_pixels_pipe[1][2]                     ; Merged with fused_aligned_output:FAO_RED|max_valid_idx_pipe[1][0]                   ;
; fused_aligned_output:FAO_RED|max_valid_idx_pipe[0][1]                   ; Merged with fused_aligned_output:FAO_RED|max_valid_idx_pipe[0][0]                   ;
; fused_aligned_output:FAO_RED|max_valid_idx_pipe[0][3]                   ; Merged with fused_aligned_output:FAO_RED|max_valid_idx_pipe[0][0]                   ;
; fused_aligned_output:FAO_RED|max_valid_idx_pipe[0][4]                   ; Merged with fused_aligned_output:FAO_RED|max_valid_idx_pipe[0][0]                   ;
; fused_aligned_output:FAO_RED|max_valid_idx_pipe[0][5]                   ; Merged with fused_aligned_output:FAO_RED|max_valid_idx_pipe[0][0]                   ;
; fused_aligned_output:FAO_RED|max_valid_idx_pipe[0][6]                   ; Merged with fused_aligned_output:FAO_RED|max_valid_idx_pipe[0][0]                   ;
; fused_aligned_output:FAO_RED|trim_pixels_pipe[0][2]                     ; Merged with fused_aligned_output:FAO_RED|max_valid_idx_pipe[0][0]                   ;
; fused_aligned_output:FAO_RED|max_valid_idx_4d[1,3..6]                   ; Merged with fused_aligned_output:FAO_RED|max_valid_idx_4d[0]                        ;
; fused_aligned_output:FAO_RED|trim_pixels_4d[2]                          ; Merged with fused_aligned_output:FAO_RED|max_valid_idx_4d[0]                        ;
; fused_aligned_output:FAO_RED|max_valid_idx_3d[1,3..6]                   ; Merged with fused_aligned_output:FAO_RED|max_valid_idx_3d[0]                        ;
; fused_aligned_output:FAO_RED|trim_pixels_3d[2]                          ; Merged with fused_aligned_output:FAO_RED|max_valid_idx_3d[0]                        ;
; disparity_estimator:DISP_EST_RED|prod_row_idx[6]                        ; Merged with confidence_computer:CONF_COMP_RED|confidence_row_idx_out[6]             ;
; disparity_estimator:DISP_EST_RED|prod_row_idx[5]                        ; Merged with confidence_computer:CONF_COMP_RED|confidence_row_idx_out[5]             ;
; disparity_estimator:DISP_EST_RED|prod_row_idx[4]                        ; Merged with confidence_computer:CONF_COMP_RED|confidence_row_idx_out[4]             ;
; disparity_estimator:DISP_EST_RED|prod_row_idx[3]                        ; Merged with confidence_computer:CONF_COMP_RED|confidence_row_idx_out[3]             ;
; disparity_estimator:DISP_EST_RED|prod_row_idx[2]                        ; Merged with confidence_computer:CONF_COMP_RED|confidence_row_idx_out[2]             ;
; disparity_estimator:DISP_EST_RED|prod_row_idx[1]                        ; Merged with confidence_computer:CONF_COMP_RED|confidence_row_idx_out[1]             ;
; disparity_estimator:DISP_EST_RED|prod_row_idx[0]                        ; Merged with confidence_computer:CONF_COMP_RED|confidence_row_idx_out[0]             ;
; disparity_estimator:DISP_EST_RED|prod_column_idx[6]                     ; Merged with confidence_computer:CONF_COMP_RED|confidence_column_idx_out[6]          ;
; disparity_estimator:DISP_EST_RED|prod_column_idx[5]                     ; Merged with confidence_computer:CONF_COMP_RED|confidence_column_idx_out[5]          ;
; disparity_estimator:DISP_EST_RED|prod_column_idx[4]                     ; Merged with confidence_computer:CONF_COMP_RED|confidence_column_idx_out[4]          ;
; disparity_estimator:DISP_EST_RED|prod_column_idx[3]                     ; Merged with confidence_computer:CONF_COMP_RED|confidence_column_idx_out[3]          ;
; disparity_estimator:DISP_EST_RED|prod_column_idx[2]                     ; Merged with confidence_computer:CONF_COMP_RED|confidence_column_idx_out[2]          ;
; disparity_estimator:DISP_EST_RED|prod_column_idx[1]                     ; Merged with confidence_computer:CONF_COMP_RED|confidence_column_idx_out[1]          ;
; disparity_estimator:DISP_EST_RED|prod_column_idx[0]                     ; Merged with confidence_computer:CONF_COMP_RED|confidence_column_idx_out[0]          ;
; disparity_estimator:DISP_EST_RED|divisor_pipe[16][35]                   ; Merged with disparity_estimator:DISP_EST_RED|divisor_pipe[16][34]                   ;
; disparity_estimator:DISP_EST_RED|divisor_pipe[16][36]                   ; Merged with disparity_estimator:DISP_EST_RED|divisor_pipe[16][34]                   ;
; disparity_estimator:DISP_EST_RED|divisor_pipe[16][37]                   ; Merged with disparity_estimator:DISP_EST_RED|divisor_pipe[16][34]                   ;
; disparity_estimator:DISP_EST_RED|divisor_pipe[15][35]                   ; Merged with disparity_estimator:DISP_EST_RED|divisor_pipe[15][34]                   ;
; disparity_estimator:DISP_EST_RED|divisor_pipe[15][36]                   ; Merged with disparity_estimator:DISP_EST_RED|divisor_pipe[15][34]                   ;
; disparity_estimator:DISP_EST_RED|divisor_pipe[15][37]                   ; Merged with disparity_estimator:DISP_EST_RED|divisor_pipe[15][34]                   ;
; disparity_estimator:DISP_EST_RED|divisor_pipe[14][35]                   ; Merged with disparity_estimator:DISP_EST_RED|divisor_pipe[14][34]                   ;
; disparity_estimator:DISP_EST_RED|divisor_pipe[14][36]                   ; Merged with disparity_estimator:DISP_EST_RED|divisor_pipe[14][34]                   ;
; disparity_estimator:DISP_EST_RED|divisor_pipe[14][37]                   ; Merged with disparity_estimator:DISP_EST_RED|divisor_pipe[14][34]                   ;
; disparity_estimator:DISP_EST_RED|divisor_pipe[13][35]                   ; Merged with disparity_estimator:DISP_EST_RED|divisor_pipe[13][34]                   ;
; disparity_estimator:DISP_EST_RED|divisor_pipe[13][36]                   ; Merged with disparity_estimator:DISP_EST_RED|divisor_pipe[13][34]                   ;
; disparity_estimator:DISP_EST_RED|divisor_pipe[13][37]                   ; Merged with disparity_estimator:DISP_EST_RED|divisor_pipe[13][34]                   ;
; disparity_estimator:DISP_EST_RED|divisor_pipe[12][35]                   ; Merged with disparity_estimator:DISP_EST_RED|divisor_pipe[12][34]                   ;
; disparity_estimator:DISP_EST_RED|divisor_pipe[12][36]                   ; Merged with disparity_estimator:DISP_EST_RED|divisor_pipe[12][34]                   ;
; disparity_estimator:DISP_EST_RED|divisor_pipe[12][37]                   ; Merged with disparity_estimator:DISP_EST_RED|divisor_pipe[12][34]                   ;
; disparity_estimator:DISP_EST_RED|divisor_pipe[11][35]                   ; Merged with disparity_estimator:DISP_EST_RED|divisor_pipe[11][34]                   ;
; disparity_estimator:DISP_EST_RED|divisor_pipe[11][36]                   ; Merged with disparity_estimator:DISP_EST_RED|divisor_pipe[11][34]                   ;
; disparity_estimator:DISP_EST_RED|divisor_pipe[11][37]                   ; Merged with disparity_estimator:DISP_EST_RED|divisor_pipe[11][34]                   ;
; disparity_estimator:DISP_EST_RED|divisor_pipe[10][35]                   ; Merged with disparity_estimator:DISP_EST_RED|divisor_pipe[10][34]                   ;
; disparity_estimator:DISP_EST_RED|divisor_pipe[10][36]                   ; Merged with disparity_estimator:DISP_EST_RED|divisor_pipe[10][34]                   ;
; disparity_estimator:DISP_EST_RED|divisor_pipe[10][37]                   ; Merged with disparity_estimator:DISP_EST_RED|divisor_pipe[10][34]                   ;
; disparity_estimator:DISP_EST_RED|divisor_pipe[9][35]                    ; Merged with disparity_estimator:DISP_EST_RED|divisor_pipe[9][34]                    ;
; disparity_estimator:DISP_EST_RED|divisor_pipe[9][36]                    ; Merged with disparity_estimator:DISP_EST_RED|divisor_pipe[9][34]                    ;
; disparity_estimator:DISP_EST_RED|divisor_pipe[9][37]                    ; Merged with disparity_estimator:DISP_EST_RED|divisor_pipe[9][34]                    ;
; disparity_estimator:DISP_EST_RED|divisor_pipe[8][35]                    ; Merged with disparity_estimator:DISP_EST_RED|divisor_pipe[8][34]                    ;
; disparity_estimator:DISP_EST_RED|divisor_pipe[8][36]                    ; Merged with disparity_estimator:DISP_EST_RED|divisor_pipe[8][34]                    ;
; disparity_estimator:DISP_EST_RED|divisor_pipe[8][37]                    ; Merged with disparity_estimator:DISP_EST_RED|divisor_pipe[8][34]                    ;
; disparity_estimator:DISP_EST_RED|divisor_pipe[7][35]                    ; Merged with disparity_estimator:DISP_EST_RED|divisor_pipe[7][34]                    ;
; disparity_estimator:DISP_EST_RED|divisor_pipe[7][36]                    ; Merged with disparity_estimator:DISP_EST_RED|divisor_pipe[7][34]                    ;
; disparity_estimator:DISP_EST_RED|divisor_pipe[7][37]                    ; Merged with disparity_estimator:DISP_EST_RED|divisor_pipe[7][34]                    ;
; disparity_estimator:DISP_EST_RED|divisor_pipe[6][35]                    ; Merged with disparity_estimator:DISP_EST_RED|divisor_pipe[6][34]                    ;
; disparity_estimator:DISP_EST_RED|divisor_pipe[6][36]                    ; Merged with disparity_estimator:DISP_EST_RED|divisor_pipe[6][34]                    ;
; disparity_estimator:DISP_EST_RED|divisor_pipe[6][37]                    ; Merged with disparity_estimator:DISP_EST_RED|divisor_pipe[6][34]                    ;
; disparity_estimator:DISP_EST_RED|divisor_pipe[5][35]                    ; Merged with disparity_estimator:DISP_EST_RED|divisor_pipe[5][34]                    ;
; disparity_estimator:DISP_EST_RED|divisor_pipe[5][36]                    ; Merged with disparity_estimator:DISP_EST_RED|divisor_pipe[5][34]                    ;
; disparity_estimator:DISP_EST_RED|divisor_pipe[5][37]                    ; Merged with disparity_estimator:DISP_EST_RED|divisor_pipe[5][34]                    ;
; disparity_estimator:DISP_EST_RED|divisor_pipe[4][35]                    ; Merged with disparity_estimator:DISP_EST_RED|divisor_pipe[4][34]                    ;
; disparity_estimator:DISP_EST_RED|divisor_pipe[4][36]                    ; Merged with disparity_estimator:DISP_EST_RED|divisor_pipe[4][34]                    ;
; disparity_estimator:DISP_EST_RED|divisor_pipe[4][37]                    ; Merged with disparity_estimator:DISP_EST_RED|divisor_pipe[4][34]                    ;
; disparity_estimator:DISP_EST_RED|divisor_pipe[3][35]                    ; Merged with disparity_estimator:DISP_EST_RED|divisor_pipe[3][34]                    ;
; disparity_estimator:DISP_EST_RED|divisor_pipe[3][36]                    ; Merged with disparity_estimator:DISP_EST_RED|divisor_pipe[3][34]                    ;
; disparity_estimator:DISP_EST_RED|divisor_pipe[3][37]                    ; Merged with disparity_estimator:DISP_EST_RED|divisor_pipe[3][34]                    ;
; disparity_estimator:DISP_EST_RED|divisor_pipe[2][35]                    ; Merged with disparity_estimator:DISP_EST_RED|divisor_pipe[2][34]                    ;
; disparity_estimator:DISP_EST_RED|divisor_pipe[2][36]                    ; Merged with disparity_estimator:DISP_EST_RED|divisor_pipe[2][34]                    ;
; disparity_estimator:DISP_EST_RED|divisor_pipe[2][37]                    ; Merged with disparity_estimator:DISP_EST_RED|divisor_pipe[2][34]                    ;
; disparity_estimator:DISP_EST_RED|divisor_pipe[1][35]                    ; Merged with disparity_estimator:DISP_EST_RED|divisor_pipe[1][34]                    ;
; disparity_estimator:DISP_EST_RED|divisor_pipe[1][36]                    ; Merged with disparity_estimator:DISP_EST_RED|divisor_pipe[1][34]                    ;
; disparity_estimator:DISP_EST_RED|divisor_pipe[1][37]                    ; Merged with disparity_estimator:DISP_EST_RED|divisor_pipe[1][34]                    ;
; disparity_estimator:DISP_EST_RED|divisor_pipe[0][35]                    ; Merged with disparity_estimator:DISP_EST_RED|divisor_pipe[0][34]                    ;
; disparity_estimator:DISP_EST_RED|divisor_pipe[0][36]                    ; Merged with disparity_estimator:DISP_EST_RED|divisor_pipe[0][34]                    ;
; disparity_estimator:DISP_EST_RED|divisor_pipe[0][37]                    ; Merged with disparity_estimator:DISP_EST_RED|divisor_pipe[0][34]                    ;
; fused_aligned_output:FAO_RED|max_valid_idx_pipe[13][1]                  ; Merged with fused_aligned_output:FAO_RED|max_valid_idx_pipe[13][0]                  ;
; fused_aligned_output:FAO_RED|max_valid_idx_pipe[13][3]                  ; Merged with fused_aligned_output:FAO_RED|max_valid_idx_pipe[13][0]                  ;
; fused_aligned_output:FAO_RED|max_valid_idx_pipe[13][4]                  ; Merged with fused_aligned_output:FAO_RED|max_valid_idx_pipe[13][0]                  ;
; fused_aligned_output:FAO_RED|max_valid_idx_pipe[13][5]                  ; Merged with fused_aligned_output:FAO_RED|max_valid_idx_pipe[13][0]                  ;
; fused_aligned_output:FAO_RED|max_valid_idx_pipe[13][6]                  ; Merged with fused_aligned_output:FAO_RED|max_valid_idx_pipe[13][0]                  ;
; fused_aligned_output:FAO_RED|trim_pixels_pipe[13][2]                    ; Merged with fused_aligned_output:FAO_RED|max_valid_idx_pipe[13][0]                  ;
; disparity_estimator:DISP_EST_RED|divisor_pipe[17][35]                   ; Merged with disparity_estimator:DISP_EST_RED|divisor_pipe[17][34]                   ;
; disparity_estimator:DISP_EST_RED|divisor_pipe[17][36]                   ; Merged with disparity_estimator:DISP_EST_RED|divisor_pipe[17][34]                   ;
; disparity_estimator:DISP_EST_RED|divisor_pipe[17][37]                   ; Merged with disparity_estimator:DISP_EST_RED|divisor_pipe[17][34]                   ;
; fused_aligned_output:FAO_RED|max_valid_idx_pipe[14][1]                  ; Merged with fused_aligned_output:FAO_RED|max_valid_idx_pipe[14][0]                  ;
; fused_aligned_output:FAO_RED|max_valid_idx_pipe[14][3]                  ; Merged with fused_aligned_output:FAO_RED|max_valid_idx_pipe[14][0]                  ;
; fused_aligned_output:FAO_RED|max_valid_idx_pipe[14][4]                  ; Merged with fused_aligned_output:FAO_RED|max_valid_idx_pipe[14][0]                  ;
; fused_aligned_output:FAO_RED|max_valid_idx_pipe[14][5]                  ; Merged with fused_aligned_output:FAO_RED|max_valid_idx_pipe[14][0]                  ;
; fused_aligned_output:FAO_RED|max_valid_idx_pipe[14][6]                  ; Merged with fused_aligned_output:FAO_RED|max_valid_idx_pipe[14][0]                  ;
; fused_aligned_output:FAO_RED|trim_pixels_pipe[14][2]                    ; Merged with fused_aligned_output:FAO_RED|max_valid_idx_pipe[14][0]                  ;
; disparity_estimator:DISP_EST_RED|divisor_pipe[18][35]                   ; Merged with disparity_estimator:DISP_EST_RED|divisor_pipe[18][34]                   ;
; disparity_estimator:DISP_EST_RED|divisor_pipe[18][36]                   ; Merged with disparity_estimator:DISP_EST_RED|divisor_pipe[18][34]                   ;
; disparity_estimator:DISP_EST_RED|divisor_pipe[18][37]                   ; Merged with disparity_estimator:DISP_EST_RED|divisor_pipe[18][34]                   ;
; fused_aligned_output:FAO_RED|max_valid_idx_pipe[15][1]                  ; Merged with fused_aligned_output:FAO_RED|max_valid_idx_pipe[15][0]                  ;
; fused_aligned_output:FAO_RED|max_valid_idx_pipe[15][3]                  ; Merged with fused_aligned_output:FAO_RED|max_valid_idx_pipe[15][0]                  ;
; fused_aligned_output:FAO_RED|max_valid_idx_pipe[15][4]                  ; Merged with fused_aligned_output:FAO_RED|max_valid_idx_pipe[15][0]                  ;
; fused_aligned_output:FAO_RED|max_valid_idx_pipe[15][5]                  ; Merged with fused_aligned_output:FAO_RED|max_valid_idx_pipe[15][0]                  ;
; fused_aligned_output:FAO_RED|max_valid_idx_pipe[15][6]                  ; Merged with fused_aligned_output:FAO_RED|max_valid_idx_pipe[15][0]                  ;
; fused_aligned_output:FAO_RED|trim_pixels_pipe[15][2]                    ; Merged with fused_aligned_output:FAO_RED|max_valid_idx_pipe[15][0]                  ;
; disparity_estimator:DISP_EST_RED|divisor_pipe[19][35]                   ; Merged with disparity_estimator:DISP_EST_RED|divisor_pipe[19][34]                   ;
; disparity_estimator:DISP_EST_RED|divisor_pipe[19][36]                   ; Merged with disparity_estimator:DISP_EST_RED|divisor_pipe[19][34]                   ;
; disparity_estimator:DISP_EST_RED|divisor_pipe[19][37]                   ; Merged with disparity_estimator:DISP_EST_RED|divisor_pipe[19][34]                   ;
; fused_aligned_output:FAO_RED|max_valid_idx_pipe[16][1]                  ; Merged with fused_aligned_output:FAO_RED|max_valid_idx_pipe[16][0]                  ;
; fused_aligned_output:FAO_RED|max_valid_idx_pipe[16][3]                  ; Merged with fused_aligned_output:FAO_RED|max_valid_idx_pipe[16][0]                  ;
; fused_aligned_output:FAO_RED|max_valid_idx_pipe[16][4]                  ; Merged with fused_aligned_output:FAO_RED|max_valid_idx_pipe[16][0]                  ;
; fused_aligned_output:FAO_RED|max_valid_idx_pipe[16][5]                  ; Merged with fused_aligned_output:FAO_RED|max_valid_idx_pipe[16][0]                  ;
; fused_aligned_output:FAO_RED|max_valid_idx_pipe[16][6]                  ; Merged with fused_aligned_output:FAO_RED|max_valid_idx_pipe[16][0]                  ;
; fused_aligned_output:FAO_RED|trim_pixels_pipe[16][2]                    ; Merged with fused_aligned_output:FAO_RED|max_valid_idx_pipe[16][0]                  ;
; disparity_estimator:DISP_EST_RED|divisor_pipe[20][35]                   ; Merged with disparity_estimator:DISP_EST_RED|divisor_pipe[20][34]                   ;
; disparity_estimator:DISP_EST_RED|divisor_pipe[20][36]                   ; Merged with disparity_estimator:DISP_EST_RED|divisor_pipe[20][34]                   ;
; disparity_estimator:DISP_EST_RED|divisor_pipe[20][37]                   ; Merged with disparity_estimator:DISP_EST_RED|divisor_pipe[20][34]                   ;
; fused_aligned_output:FAO_RED|max_valid_idx_pipe[17][1]                  ; Merged with fused_aligned_output:FAO_RED|max_valid_idx_pipe[17][0]                  ;
; fused_aligned_output:FAO_RED|max_valid_idx_pipe[17][3]                  ; Merged with fused_aligned_output:FAO_RED|max_valid_idx_pipe[17][0]                  ;
; fused_aligned_output:FAO_RED|max_valid_idx_pipe[17][4]                  ; Merged with fused_aligned_output:FAO_RED|max_valid_idx_pipe[17][0]                  ;
; fused_aligned_output:FAO_RED|max_valid_idx_pipe[17][5]                  ; Merged with fused_aligned_output:FAO_RED|max_valid_idx_pipe[17][0]                  ;
; fused_aligned_output:FAO_RED|max_valid_idx_pipe[17][6]                  ; Merged with fused_aligned_output:FAO_RED|max_valid_idx_pipe[17][0]                  ;
; fused_aligned_output:FAO_RED|trim_pixels_pipe[17][2]                    ; Merged with fused_aligned_output:FAO_RED|max_valid_idx_pipe[17][0]                  ;
; disparity_estimator:DISP_EST_RED|divisor_pipe[21][35]                   ; Merged with disparity_estimator:DISP_EST_RED|divisor_pipe[21][34]                   ;
; disparity_estimator:DISP_EST_RED|divisor_pipe[21][36]                   ; Merged with disparity_estimator:DISP_EST_RED|divisor_pipe[21][34]                   ;
; disparity_estimator:DISP_EST_RED|divisor_pipe[21][37]                   ; Merged with disparity_estimator:DISP_EST_RED|divisor_pipe[21][34]                   ;
; fused_aligned_output:FAO_RED|max_valid_idx_pipe[18][1]                  ; Merged with fused_aligned_output:FAO_RED|max_valid_idx_pipe[18][0]                  ;
; fused_aligned_output:FAO_RED|max_valid_idx_pipe[18][3]                  ; Merged with fused_aligned_output:FAO_RED|max_valid_idx_pipe[18][0]                  ;
; fused_aligned_output:FAO_RED|max_valid_idx_pipe[18][4]                  ; Merged with fused_aligned_output:FAO_RED|max_valid_idx_pipe[18][0]                  ;
; fused_aligned_output:FAO_RED|max_valid_idx_pipe[18][5]                  ; Merged with fused_aligned_output:FAO_RED|max_valid_idx_pipe[18][0]                  ;
; fused_aligned_output:FAO_RED|max_valid_idx_pipe[18][6]                  ; Merged with fused_aligned_output:FAO_RED|max_valid_idx_pipe[18][0]                  ;
; fused_aligned_output:FAO_RED|trim_pixels_pipe[18][2]                    ; Merged with fused_aligned_output:FAO_RED|max_valid_idx_pipe[18][0]                  ;
; disparity_estimator:DISP_EST_RED|divisor_pipe[22][35]                   ; Merged with disparity_estimator:DISP_EST_RED|divisor_pipe[22][34]                   ;
; disparity_estimator:DISP_EST_RED|divisor_pipe[22][36]                   ; Merged with disparity_estimator:DISP_EST_RED|divisor_pipe[22][34]                   ;
; disparity_estimator:DISP_EST_RED|divisor_pipe[22][37]                   ; Merged with disparity_estimator:DISP_EST_RED|divisor_pipe[22][34]                   ;
; fused_aligned_output:FAO_RED|max_valid_idx_pipe[19][1]                  ; Merged with fused_aligned_output:FAO_RED|max_valid_idx_pipe[19][0]                  ;
; fused_aligned_output:FAO_RED|max_valid_idx_pipe[19][3]                  ; Merged with fused_aligned_output:FAO_RED|max_valid_idx_pipe[19][0]                  ;
; fused_aligned_output:FAO_RED|max_valid_idx_pipe[19][4]                  ; Merged with fused_aligned_output:FAO_RED|max_valid_idx_pipe[19][0]                  ;
; fused_aligned_output:FAO_RED|max_valid_idx_pipe[19][5]                  ; Merged with fused_aligned_output:FAO_RED|max_valid_idx_pipe[19][0]                  ;
; fused_aligned_output:FAO_RED|max_valid_idx_pipe[19][6]                  ; Merged with fused_aligned_output:FAO_RED|max_valid_idx_pipe[19][0]                  ;
; fused_aligned_output:FAO_RED|trim_pixels_pipe[19][2]                    ; Merged with fused_aligned_output:FAO_RED|max_valid_idx_pipe[19][0]                  ;
; disparity_estimator:DISP_EST_RED|divisor_pipe[23][35]                   ; Merged with disparity_estimator:DISP_EST_RED|divisor_pipe[23][34]                   ;
; disparity_estimator:DISP_EST_RED|divisor_pipe[23][36]                   ; Merged with disparity_estimator:DISP_EST_RED|divisor_pipe[23][34]                   ;
; disparity_estimator:DISP_EST_RED|divisor_pipe[23][37]                   ; Merged with disparity_estimator:DISP_EST_RED|divisor_pipe[23][34]                   ;
; fused_aligned_output:FAO_RED|max_valid_idx_pipe[20][1]                  ; Merged with fused_aligned_output:FAO_RED|max_valid_idx_pipe[20][0]                  ;
; fused_aligned_output:FAO_RED|max_valid_idx_pipe[20][3]                  ; Merged with fused_aligned_output:FAO_RED|max_valid_idx_pipe[20][0]                  ;
; fused_aligned_output:FAO_RED|max_valid_idx_pipe[20][4]                  ; Merged with fused_aligned_output:FAO_RED|max_valid_idx_pipe[20][0]                  ;
; fused_aligned_output:FAO_RED|max_valid_idx_pipe[20][5]                  ; Merged with fused_aligned_output:FAO_RED|max_valid_idx_pipe[20][0]                  ;
; fused_aligned_output:FAO_RED|max_valid_idx_pipe[20][6]                  ; Merged with fused_aligned_output:FAO_RED|max_valid_idx_pipe[20][0]                  ;
; fused_aligned_output:FAO_RED|trim_pixels_pipe[20][2]                    ; Merged with fused_aligned_output:FAO_RED|max_valid_idx_pipe[20][0]                  ;
; disparity_estimator:DISP_EST_RED|divisor_pipe[24][35]                   ; Merged with disparity_estimator:DISP_EST_RED|divisor_pipe[24][34]                   ;
; disparity_estimator:DISP_EST_RED|divisor_pipe[24][36]                   ; Merged with disparity_estimator:DISP_EST_RED|divisor_pipe[24][34]                   ;
; disparity_estimator:DISP_EST_RED|divisor_pipe[24][37]                   ; Merged with disparity_estimator:DISP_EST_RED|divisor_pipe[24][34]                   ;
; fused_aligned_output:FAO_RED|max_valid_idx_pipe[21][1]                  ; Merged with fused_aligned_output:FAO_RED|max_valid_idx_pipe[21][0]                  ;
; fused_aligned_output:FAO_RED|max_valid_idx_pipe[21][3]                  ; Merged with fused_aligned_output:FAO_RED|max_valid_idx_pipe[21][0]                  ;
; fused_aligned_output:FAO_RED|max_valid_idx_pipe[21][4]                  ; Merged with fused_aligned_output:FAO_RED|max_valid_idx_pipe[21][0]                  ;
; fused_aligned_output:FAO_RED|max_valid_idx_pipe[21][5]                  ; Merged with fused_aligned_output:FAO_RED|max_valid_idx_pipe[21][0]                  ;
; fused_aligned_output:FAO_RED|max_valid_idx_pipe[21][6]                  ; Merged with fused_aligned_output:FAO_RED|max_valid_idx_pipe[21][0]                  ;
; fused_aligned_output:FAO_RED|trim_pixels_pipe[21][2]                    ; Merged with fused_aligned_output:FAO_RED|max_valid_idx_pipe[21][0]                  ;
; disparity_estimator:DISP_EST_RED|divisor_pipe[25][35]                   ; Merged with disparity_estimator:DISP_EST_RED|divisor_pipe[25][34]                   ;
; disparity_estimator:DISP_EST_RED|divisor_pipe[25][36]                   ; Merged with disparity_estimator:DISP_EST_RED|divisor_pipe[25][34]                   ;
; disparity_estimator:DISP_EST_RED|divisor_pipe[25][37]                   ; Merged with disparity_estimator:DISP_EST_RED|divisor_pipe[25][34]                   ;
; fused_aligned_output:FAO_RED|max_valid_idx_pipe[22][1]                  ; Merged with fused_aligned_output:FAO_RED|max_valid_idx_pipe[22][0]                  ;
; fused_aligned_output:FAO_RED|max_valid_idx_pipe[22][3]                  ; Merged with fused_aligned_output:FAO_RED|max_valid_idx_pipe[22][0]                  ;
; fused_aligned_output:FAO_RED|max_valid_idx_pipe[22][4]                  ; Merged with fused_aligned_output:FAO_RED|max_valid_idx_pipe[22][0]                  ;
; fused_aligned_output:FAO_RED|max_valid_idx_pipe[22][5]                  ; Merged with fused_aligned_output:FAO_RED|max_valid_idx_pipe[22][0]                  ;
; fused_aligned_output:FAO_RED|max_valid_idx_pipe[22][6]                  ; Merged with fused_aligned_output:FAO_RED|max_valid_idx_pipe[22][0]                  ;
; fused_aligned_output:FAO_RED|trim_pixels_pipe[22][2]                    ; Merged with fused_aligned_output:FAO_RED|max_valid_idx_pipe[22][0]                  ;
; disparity_estimator:DISP_EST_RED|divisor_pipe[26][35]                   ; Merged with disparity_estimator:DISP_EST_RED|divisor_pipe[26][34]                   ;
; disparity_estimator:DISP_EST_RED|divisor_pipe[26][36]                   ; Merged with disparity_estimator:DISP_EST_RED|divisor_pipe[26][34]                   ;
; disparity_estimator:DISP_EST_RED|divisor_pipe[26][37]                   ; Merged with disparity_estimator:DISP_EST_RED|divisor_pipe[26][34]                   ;
; fused_aligned_output:FAO_RED|max_valid_idx_pipe[23][1]                  ; Merged with fused_aligned_output:FAO_RED|max_valid_idx_pipe[23][0]                  ;
; fused_aligned_output:FAO_RED|max_valid_idx_pipe[23][3]                  ; Merged with fused_aligned_output:FAO_RED|max_valid_idx_pipe[23][0]                  ;
; fused_aligned_output:FAO_RED|max_valid_idx_pipe[23][4]                  ; Merged with fused_aligned_output:FAO_RED|max_valid_idx_pipe[23][0]                  ;
; fused_aligned_output:FAO_RED|max_valid_idx_pipe[23][5]                  ; Merged with fused_aligned_output:FAO_RED|max_valid_idx_pipe[23][0]                  ;
; fused_aligned_output:FAO_RED|max_valid_idx_pipe[23][6]                  ; Merged with fused_aligned_output:FAO_RED|max_valid_idx_pipe[23][0]                  ;
; fused_aligned_output:FAO_RED|trim_pixels_pipe[23][2]                    ; Merged with fused_aligned_output:FAO_RED|max_valid_idx_pipe[23][0]                  ;
; disparity_estimator:DISP_EST_RED|divisor_pipe[27][35]                   ; Merged with disparity_estimator:DISP_EST_RED|divisor_pipe[27][34]                   ;
; disparity_estimator:DISP_EST_RED|divisor_pipe[27][36]                   ; Merged with disparity_estimator:DISP_EST_RED|divisor_pipe[27][34]                   ;
; disparity_estimator:DISP_EST_RED|divisor_pipe[27][37]                   ; Merged with disparity_estimator:DISP_EST_RED|divisor_pipe[27][34]                   ;
; fused_aligned_output:FAO_RED|max_valid_idx_pipe[24][1]                  ; Merged with fused_aligned_output:FAO_RED|max_valid_idx_pipe[24][0]                  ;
; fused_aligned_output:FAO_RED|max_valid_idx_pipe[24][3]                  ; Merged with fused_aligned_output:FAO_RED|max_valid_idx_pipe[24][0]                  ;
; fused_aligned_output:FAO_RED|max_valid_idx_pipe[24][4]                  ; Merged with fused_aligned_output:FAO_RED|max_valid_idx_pipe[24][0]                  ;
; fused_aligned_output:FAO_RED|max_valid_idx_pipe[24][5]                  ; Merged with fused_aligned_output:FAO_RED|max_valid_idx_pipe[24][0]                  ;
; fused_aligned_output:FAO_RED|max_valid_idx_pipe[24][6]                  ; Merged with fused_aligned_output:FAO_RED|max_valid_idx_pipe[24][0]                  ;
; fused_aligned_output:FAO_RED|trim_pixels_pipe[24][2]                    ; Merged with fused_aligned_output:FAO_RED|max_valid_idx_pipe[24][0]                  ;
; disparity_estimator:DISP_EST_RED|divisor_pipe[28][35]                   ; Merged with disparity_estimator:DISP_EST_RED|divisor_pipe[28][34]                   ;
; disparity_estimator:DISP_EST_RED|divisor_pipe[28][36]                   ; Merged with disparity_estimator:DISP_EST_RED|divisor_pipe[28][34]                   ;
; disparity_estimator:DISP_EST_RED|divisor_pipe[28][37]                   ; Merged with disparity_estimator:DISP_EST_RED|divisor_pipe[28][34]                   ;
; fused_aligned_output:FAO_RED|max_valid_idx_pipe[25][1]                  ; Merged with fused_aligned_output:FAO_RED|max_valid_idx_pipe[25][0]                  ;
; fused_aligned_output:FAO_RED|max_valid_idx_pipe[25][3]                  ; Merged with fused_aligned_output:FAO_RED|max_valid_idx_pipe[25][0]                  ;
; fused_aligned_output:FAO_RED|max_valid_idx_pipe[25][4]                  ; Merged with fused_aligned_output:FAO_RED|max_valid_idx_pipe[25][0]                  ;
; fused_aligned_output:FAO_RED|max_valid_idx_pipe[25][5]                  ; Merged with fused_aligned_output:FAO_RED|max_valid_idx_pipe[25][0]                  ;
; fused_aligned_output:FAO_RED|max_valid_idx_pipe[25][6]                  ; Merged with fused_aligned_output:FAO_RED|max_valid_idx_pipe[25][0]                  ;
; fused_aligned_output:FAO_RED|trim_pixels_pipe[25][2]                    ; Merged with fused_aligned_output:FAO_RED|max_valid_idx_pipe[25][0]                  ;
; disparity_estimator:DISP_EST_RED|divisor_pipe[29][35]                   ; Merged with disparity_estimator:DISP_EST_RED|divisor_pipe[29][34]                   ;
; disparity_estimator:DISP_EST_RED|divisor_pipe[29][36]                   ; Merged with disparity_estimator:DISP_EST_RED|divisor_pipe[29][34]                   ;
; disparity_estimator:DISP_EST_RED|divisor_pipe[29][37]                   ; Merged with disparity_estimator:DISP_EST_RED|divisor_pipe[29][34]                   ;
; fused_aligned_output:FAO_RED|max_valid_idx_pipe[26][1]                  ; Merged with fused_aligned_output:FAO_RED|max_valid_idx_pipe[26][0]                  ;
; fused_aligned_output:FAO_RED|max_valid_idx_pipe[26][3]                  ; Merged with fused_aligned_output:FAO_RED|max_valid_idx_pipe[26][0]                  ;
; fused_aligned_output:FAO_RED|max_valid_idx_pipe[26][4]                  ; Merged with fused_aligned_output:FAO_RED|max_valid_idx_pipe[26][0]                  ;
; fused_aligned_output:FAO_RED|max_valid_idx_pipe[26][5]                  ; Merged with fused_aligned_output:FAO_RED|max_valid_idx_pipe[26][0]                  ;
; fused_aligned_output:FAO_RED|max_valid_idx_pipe[26][6]                  ; Merged with fused_aligned_output:FAO_RED|max_valid_idx_pipe[26][0]                  ;
; fused_aligned_output:FAO_RED|trim_pixels_pipe[26][2]                    ; Merged with fused_aligned_output:FAO_RED|max_valid_idx_pipe[26][0]                  ;
; disparity_estimator:DISP_EST_RED|divisor_pipe[30][35]                   ; Merged with disparity_estimator:DISP_EST_RED|divisor_pipe[30][34]                   ;
; disparity_estimator:DISP_EST_RED|divisor_pipe[30][36]                   ; Merged with disparity_estimator:DISP_EST_RED|divisor_pipe[30][34]                   ;
; disparity_estimator:DISP_EST_RED|divisor_pipe[30][37]                   ; Merged with disparity_estimator:DISP_EST_RED|divisor_pipe[30][34]                   ;
; fused_aligned_output:FAO_RED|max_valid_idx_pipe[27][1]                  ; Merged with fused_aligned_output:FAO_RED|max_valid_idx_pipe[27][0]                  ;
; fused_aligned_output:FAO_RED|max_valid_idx_pipe[27][3]                  ; Merged with fused_aligned_output:FAO_RED|max_valid_idx_pipe[27][0]                  ;
; fused_aligned_output:FAO_RED|max_valid_idx_pipe[27][4]                  ; Merged with fused_aligned_output:FAO_RED|max_valid_idx_pipe[27][0]                  ;
; fused_aligned_output:FAO_RED|max_valid_idx_pipe[27][5]                  ; Merged with fused_aligned_output:FAO_RED|max_valid_idx_pipe[27][0]                  ;
; fused_aligned_output:FAO_RED|max_valid_idx_pipe[27][6]                  ; Merged with fused_aligned_output:FAO_RED|max_valid_idx_pipe[27][0]                  ;
; fused_aligned_output:FAO_RED|trim_pixels_pipe[27][2]                    ; Merged with fused_aligned_output:FAO_RED|max_valid_idx_pipe[27][0]                  ;
; disparity_estimator:DISP_EST_RED|divisor_pipe[31][35]                   ; Merged with disparity_estimator:DISP_EST_RED|divisor_pipe[31][34]                   ;
; disparity_estimator:DISP_EST_RED|divisor_pipe[31][36]                   ; Merged with disparity_estimator:DISP_EST_RED|divisor_pipe[31][34]                   ;
; disparity_estimator:DISP_EST_RED|divisor_pipe[31][37]                   ; Merged with disparity_estimator:DISP_EST_RED|divisor_pipe[31][34]                   ;
; fused_aligned_output:FAO_RED|max_valid_idx_pipe[28][1]                  ; Merged with fused_aligned_output:FAO_RED|max_valid_idx_pipe[28][0]                  ;
; fused_aligned_output:FAO_RED|max_valid_idx_pipe[28][3]                  ; Merged with fused_aligned_output:FAO_RED|max_valid_idx_pipe[28][0]                  ;
; fused_aligned_output:FAO_RED|max_valid_idx_pipe[28][4]                  ; Merged with fused_aligned_output:FAO_RED|max_valid_idx_pipe[28][0]                  ;
; fused_aligned_output:FAO_RED|max_valid_idx_pipe[28][5]                  ; Merged with fused_aligned_output:FAO_RED|max_valid_idx_pipe[28][0]                  ;
; fused_aligned_output:FAO_RED|max_valid_idx_pipe[28][6]                  ; Merged with fused_aligned_output:FAO_RED|max_valid_idx_pipe[28][0]                  ;
; fused_aligned_output:FAO_RED|trim_pixels_pipe[28][2]                    ; Merged with fused_aligned_output:FAO_RED|max_valid_idx_pipe[28][0]                  ;
; disparity_estimator:DISP_EST_RED|divisor_pipe[32][35]                   ; Merged with disparity_estimator:DISP_EST_RED|divisor_pipe[32][34]                   ;
; disparity_estimator:DISP_EST_RED|divisor_pipe[32][36]                   ; Merged with disparity_estimator:DISP_EST_RED|divisor_pipe[32][34]                   ;
; disparity_estimator:DISP_EST_RED|divisor_pipe[32][37]                   ; Merged with disparity_estimator:DISP_EST_RED|divisor_pipe[32][34]                   ;
; fused_aligned_output:FAO_RED|max_valid_idx_pipe[29][1]                  ; Merged with fused_aligned_output:FAO_RED|max_valid_idx_pipe[29][0]                  ;
; fused_aligned_output:FAO_RED|max_valid_idx_pipe[29][3]                  ; Merged with fused_aligned_output:FAO_RED|max_valid_idx_pipe[29][0]                  ;
; fused_aligned_output:FAO_RED|max_valid_idx_pipe[29][4]                  ; Merged with fused_aligned_output:FAO_RED|max_valid_idx_pipe[29][0]                  ;
; fused_aligned_output:FAO_RED|max_valid_idx_pipe[29][5]                  ; Merged with fused_aligned_output:FAO_RED|max_valid_idx_pipe[29][0]                  ;
; fused_aligned_output:FAO_RED|max_valid_idx_pipe[29][6]                  ; Merged with fused_aligned_output:FAO_RED|max_valid_idx_pipe[29][0]                  ;
; fused_aligned_output:FAO_RED|trim_pixels_pipe[29][2]                    ; Merged with fused_aligned_output:FAO_RED|max_valid_idx_pipe[29][0]                  ;
; disparity_estimator:DISP_EST_RED|divisor_pipe[33][35]                   ; Merged with disparity_estimator:DISP_EST_RED|divisor_pipe[33][34]                   ;
; disparity_estimator:DISP_EST_RED|divisor_pipe[33][36]                   ; Merged with disparity_estimator:DISP_EST_RED|divisor_pipe[33][34]                   ;
; disparity_estimator:DISP_EST_RED|divisor_pipe[33][37]                   ; Merged with disparity_estimator:DISP_EST_RED|divisor_pipe[33][34]                   ;
; fused_aligned_output:FAO_RED|max_valid_idx_pipe[30][1]                  ; Merged with fused_aligned_output:FAO_RED|max_valid_idx_pipe[30][0]                  ;
; fused_aligned_output:FAO_RED|max_valid_idx_pipe[30][3]                  ; Merged with fused_aligned_output:FAO_RED|max_valid_idx_pipe[30][0]                  ;
; fused_aligned_output:FAO_RED|max_valid_idx_pipe[30][4]                  ; Merged with fused_aligned_output:FAO_RED|max_valid_idx_pipe[30][0]                  ;
; fused_aligned_output:FAO_RED|max_valid_idx_pipe[30][5]                  ; Merged with fused_aligned_output:FAO_RED|max_valid_idx_pipe[30][0]                  ;
; fused_aligned_output:FAO_RED|max_valid_idx_pipe[30][6]                  ; Merged with fused_aligned_output:FAO_RED|max_valid_idx_pipe[30][0]                  ;
; fused_aligned_output:FAO_RED|trim_pixels_pipe[30][2]                    ; Merged with fused_aligned_output:FAO_RED|max_valid_idx_pipe[30][0]                  ;
; disparity_estimator:DISP_EST_RED|divisor_pipe[34][35]                   ; Merged with disparity_estimator:DISP_EST_RED|divisor_pipe[34][34]                   ;
; disparity_estimator:DISP_EST_RED|divisor_pipe[34][36]                   ; Merged with disparity_estimator:DISP_EST_RED|divisor_pipe[34][34]                   ;
; disparity_estimator:DISP_EST_RED|divisor_pipe[34][37]                   ; Merged with disparity_estimator:DISP_EST_RED|divisor_pipe[34][34]                   ;
; fused_aligned_output:FAO_RED|max_valid_idx_pipe[31][1]                  ; Merged with fused_aligned_output:FAO_RED|max_valid_idx_pipe[31][0]                  ;
; fused_aligned_output:FAO_RED|max_valid_idx_pipe[31][3]                  ; Merged with fused_aligned_output:FAO_RED|max_valid_idx_pipe[31][0]                  ;
; fused_aligned_output:FAO_RED|max_valid_idx_pipe[31][4]                  ; Merged with fused_aligned_output:FAO_RED|max_valid_idx_pipe[31][0]                  ;
; fused_aligned_output:FAO_RED|max_valid_idx_pipe[31][5]                  ; Merged with fused_aligned_output:FAO_RED|max_valid_idx_pipe[31][0]                  ;
; fused_aligned_output:FAO_RED|max_valid_idx_pipe[31][6]                  ; Merged with fused_aligned_output:FAO_RED|max_valid_idx_pipe[31][0]                  ;
; fused_aligned_output:FAO_RED|trim_pixels_pipe[31][2]                    ; Merged with fused_aligned_output:FAO_RED|max_valid_idx_pipe[31][0]                  ;
; disparity_estimator:DISP_EST_RED|divisor_pipe[35][35]                   ; Merged with disparity_estimator:DISP_EST_RED|divisor_pipe[35][34]                   ;
; disparity_estimator:DISP_EST_RED|divisor_pipe[35][36]                   ; Merged with disparity_estimator:DISP_EST_RED|divisor_pipe[35][34]                   ;
; disparity_estimator:DISP_EST_RED|divisor_pipe[35][37]                   ; Merged with disparity_estimator:DISP_EST_RED|divisor_pipe[35][34]                   ;
; fused_aligned_output:FAO_RED|max_valid_idx_pipe[32][1]                  ; Merged with fused_aligned_output:FAO_RED|max_valid_idx_pipe[32][0]                  ;
; fused_aligned_output:FAO_RED|max_valid_idx_pipe[32][3]                  ; Merged with fused_aligned_output:FAO_RED|max_valid_idx_pipe[32][0]                  ;
; fused_aligned_output:FAO_RED|max_valid_idx_pipe[32][4]                  ; Merged with fused_aligned_output:FAO_RED|max_valid_idx_pipe[32][0]                  ;
; fused_aligned_output:FAO_RED|max_valid_idx_pipe[32][5]                  ; Merged with fused_aligned_output:FAO_RED|max_valid_idx_pipe[32][0]                  ;
; fused_aligned_output:FAO_RED|max_valid_idx_pipe[32][6]                  ; Merged with fused_aligned_output:FAO_RED|max_valid_idx_pipe[32][0]                  ;
; fused_aligned_output:FAO_RED|trim_pixels_pipe[32][2]                    ; Merged with fused_aligned_output:FAO_RED|max_valid_idx_pipe[32][0]                  ;
; disparity_estimator:DISP_EST_RED|divisor_pipe[36][35]                   ; Merged with disparity_estimator:DISP_EST_RED|divisor_pipe[36][34]                   ;
; disparity_estimator:DISP_EST_RED|divisor_pipe[36][36]                   ; Merged with disparity_estimator:DISP_EST_RED|divisor_pipe[36][34]                   ;
; disparity_estimator:DISP_EST_RED|divisor_pipe[36][37]                   ; Merged with disparity_estimator:DISP_EST_RED|divisor_pipe[36][34]                   ;
; fused_aligned_output:FAO_RED|max_valid_idx_pipe[33][1]                  ; Merged with fused_aligned_output:FAO_RED|max_valid_idx_pipe[33][0]                  ;
; fused_aligned_output:FAO_RED|max_valid_idx_pipe[33][3]                  ; Merged with fused_aligned_output:FAO_RED|max_valid_idx_pipe[33][0]                  ;
; fused_aligned_output:FAO_RED|max_valid_idx_pipe[33][4]                  ; Merged with fused_aligned_output:FAO_RED|max_valid_idx_pipe[33][0]                  ;
; fused_aligned_output:FAO_RED|max_valid_idx_pipe[33][5]                  ; Merged with fused_aligned_output:FAO_RED|max_valid_idx_pipe[33][0]                  ;
; fused_aligned_output:FAO_RED|max_valid_idx_pipe[33][6]                  ; Merged with fused_aligned_output:FAO_RED|max_valid_idx_pipe[33][0]                  ;
; fused_aligned_output:FAO_RED|trim_pixels_pipe[33][2]                    ; Merged with fused_aligned_output:FAO_RED|max_valid_idx_pipe[33][0]                  ;
; disparity_estimator:DISP_EST_RED|divisor_pipe[37][35]                   ; Merged with disparity_estimator:DISP_EST_RED|divisor_pipe[37][34]                   ;
; disparity_estimator:DISP_EST_RED|divisor_pipe[37][36]                   ; Merged with disparity_estimator:DISP_EST_RED|divisor_pipe[37][34]                   ;
; disparity_estimator:DISP_EST_RED|divisor_pipe[37][37]                   ; Merged with disparity_estimator:DISP_EST_RED|divisor_pipe[37][34]                   ;
; fused_aligned_output:FAO_RED|max_valid_idx_pipe[34][1]                  ; Merged with fused_aligned_output:FAO_RED|max_valid_idx_pipe[34][0]                  ;
; fused_aligned_output:FAO_RED|max_valid_idx_pipe[34][3]                  ; Merged with fused_aligned_output:FAO_RED|max_valid_idx_pipe[34][0]                  ;
; fused_aligned_output:FAO_RED|max_valid_idx_pipe[34][4]                  ; Merged with fused_aligned_output:FAO_RED|max_valid_idx_pipe[34][0]                  ;
; fused_aligned_output:FAO_RED|max_valid_idx_pipe[34][5]                  ; Merged with fused_aligned_output:FAO_RED|max_valid_idx_pipe[34][0]                  ;
; fused_aligned_output:FAO_RED|max_valid_idx_pipe[34][6]                  ; Merged with fused_aligned_output:FAO_RED|max_valid_idx_pipe[34][0]                  ;
; fused_aligned_output:FAO_RED|trim_pixels_pipe[34][2]                    ; Merged with fused_aligned_output:FAO_RED|max_valid_idx_pipe[34][0]                  ;
; disparity_estimator:DISP_EST_RED|divisor_pipe[38][35]                   ; Merged with disparity_estimator:DISP_EST_RED|divisor_pipe[38][34]                   ;
; disparity_estimator:DISP_EST_RED|divisor_pipe[38][36]                   ; Merged with disparity_estimator:DISP_EST_RED|divisor_pipe[38][34]                   ;
; disparity_estimator:DISP_EST_RED|divisor_pipe[38][37]                   ; Merged with disparity_estimator:DISP_EST_RED|divisor_pipe[38][34]                   ;
; disparity_estimator:DISP_EST_RED|divisor_pipe[40][35]                   ; Merged with disparity_estimator:DISP_EST_RED|divisor_pipe[40][34]                   ;
; disparity_estimator:DISP_EST_RED|divisor_pipe[40][36]                   ; Merged with disparity_estimator:DISP_EST_RED|divisor_pipe[40][34]                   ;
; disparity_estimator:DISP_EST_RED|divisor_pipe[40][37]                   ; Merged with disparity_estimator:DISP_EST_RED|divisor_pipe[40][34]                   ;
; fused_aligned_output:FAO_RED|max_valid_idx_pipe[35][1]                  ; Merged with fused_aligned_output:FAO_RED|max_valid_idx_pipe[35][0]                  ;
; fused_aligned_output:FAO_RED|max_valid_idx_pipe[35][3]                  ; Merged with fused_aligned_output:FAO_RED|max_valid_idx_pipe[35][0]                  ;
; fused_aligned_output:FAO_RED|max_valid_idx_pipe[35][4]                  ; Merged with fused_aligned_output:FAO_RED|max_valid_idx_pipe[35][0]                  ;
; fused_aligned_output:FAO_RED|max_valid_idx_pipe[35][5]                  ; Merged with fused_aligned_output:FAO_RED|max_valid_idx_pipe[35][0]                  ;
; fused_aligned_output:FAO_RED|max_valid_idx_pipe[35][6]                  ; Merged with fused_aligned_output:FAO_RED|max_valid_idx_pipe[35][0]                  ;
; fused_aligned_output:FAO_RED|trim_pixels_pipe[35][2]                    ; Merged with fused_aligned_output:FAO_RED|max_valid_idx_pipe[35][0]                  ;
; disparity_estimator:DISP_EST_RED|divisor_pipe[39][35]                   ; Merged with disparity_estimator:DISP_EST_RED|divisor_pipe[39][34]                   ;
; disparity_estimator:DISP_EST_RED|divisor_pipe[39][36]                   ; Merged with disparity_estimator:DISP_EST_RED|divisor_pipe[39][34]                   ;
; disparity_estimator:DISP_EST_RED|divisor_pipe[39][37]                   ; Merged with disparity_estimator:DISP_EST_RED|divisor_pipe[39][34]                   ;
; disparity_estimator:DISP_EST_RED|divisor_pipe[42][35]                   ; Merged with disparity_estimator:DISP_EST_RED|divisor_pipe[42][34]                   ;
; disparity_estimator:DISP_EST_RED|divisor_pipe[42][36]                   ; Merged with disparity_estimator:DISP_EST_RED|divisor_pipe[42][34]                   ;
; disparity_estimator:DISP_EST_RED|divisor_pipe[42][37]                   ; Merged with disparity_estimator:DISP_EST_RED|divisor_pipe[42][34]                   ;
; disparity_estimator:DISP_EST_RED|divisor_pipe[41][35]                   ; Merged with disparity_estimator:DISP_EST_RED|divisor_pipe[41][34]                   ;
; disparity_estimator:DISP_EST_RED|divisor_pipe[41][36]                   ; Merged with disparity_estimator:DISP_EST_RED|divisor_pipe[41][34]                   ;
; disparity_estimator:DISP_EST_RED|divisor_pipe[41][37]                   ; Merged with disparity_estimator:DISP_EST_RED|divisor_pipe[41][34]                   ;
; fused_aligned_output:FAO_RED|max_valid_idx_pipe[36][1]                  ; Merged with fused_aligned_output:FAO_RED|max_valid_idx_pipe[36][0]                  ;
; fused_aligned_output:FAO_RED|max_valid_idx_pipe[36][3]                  ; Merged with fused_aligned_output:FAO_RED|max_valid_idx_pipe[36][0]                  ;
; fused_aligned_output:FAO_RED|max_valid_idx_pipe[36][4]                  ; Merged with fused_aligned_output:FAO_RED|max_valid_idx_pipe[36][0]                  ;
; fused_aligned_output:FAO_RED|max_valid_idx_pipe[36][5]                  ; Merged with fused_aligned_output:FAO_RED|max_valid_idx_pipe[36][0]                  ;
; fused_aligned_output:FAO_RED|max_valid_idx_pipe[36][6]                  ; Merged with fused_aligned_output:FAO_RED|max_valid_idx_pipe[36][0]                  ;
; fused_aligned_output:FAO_RED|trim_pixels_pipe[36][2]                    ; Merged with fused_aligned_output:FAO_RED|max_valid_idx_pipe[36][0]                  ;
; disparity_estimator:DISP_EST_RED|divisor_pipe[43][35]                   ; Merged with disparity_estimator:DISP_EST_RED|divisor_pipe[43][34]                   ;
; disparity_estimator:DISP_EST_RED|divisor_pipe[43][36]                   ; Merged with disparity_estimator:DISP_EST_RED|divisor_pipe[43][34]                   ;
; disparity_estimator:DISP_EST_RED|divisor_pipe[43][37]                   ; Merged with disparity_estimator:DISP_EST_RED|divisor_pipe[43][34]                   ;
; fused_aligned_output:FAO_RED|max_valid_idx_pipe[37][1]                  ; Merged with fused_aligned_output:FAO_RED|max_valid_idx_pipe[37][0]                  ;
; fused_aligned_output:FAO_RED|max_valid_idx_pipe[37][3]                  ; Merged with fused_aligned_output:FAO_RED|max_valid_idx_pipe[37][0]                  ;
; fused_aligned_output:FAO_RED|max_valid_idx_pipe[37][4]                  ; Merged with fused_aligned_output:FAO_RED|max_valid_idx_pipe[37][0]                  ;
; fused_aligned_output:FAO_RED|max_valid_idx_pipe[37][5]                  ; Merged with fused_aligned_output:FAO_RED|max_valid_idx_pipe[37][0]                  ;
; fused_aligned_output:FAO_RED|max_valid_idx_pipe[37][6]                  ; Merged with fused_aligned_output:FAO_RED|max_valid_idx_pipe[37][0]                  ;
; fused_aligned_output:FAO_RED|trim_pixels_pipe[37][2]                    ; Merged with fused_aligned_output:FAO_RED|max_valid_idx_pipe[37][0]                  ;
; disparity_estimator:DISP_EST_RED|divisor_pipe[44][35]                   ; Merged with disparity_estimator:DISP_EST_RED|divisor_pipe[44][34]                   ;
; disparity_estimator:DISP_EST_RED|divisor_pipe[44][36]                   ; Merged with disparity_estimator:DISP_EST_RED|divisor_pipe[44][34]                   ;
; disparity_estimator:DISP_EST_RED|divisor_pipe[44][37]                   ; Merged with disparity_estimator:DISP_EST_RED|divisor_pipe[44][34]                   ;
; fused_aligned_output:FAO_RED|max_valid_idx_pipe[38][1]                  ; Merged with fused_aligned_output:FAO_RED|max_valid_idx_pipe[38][0]                  ;
; fused_aligned_output:FAO_RED|max_valid_idx_pipe[38][3]                  ; Merged with fused_aligned_output:FAO_RED|max_valid_idx_pipe[38][0]                  ;
; fused_aligned_output:FAO_RED|max_valid_idx_pipe[38][4]                  ; Merged with fused_aligned_output:FAO_RED|max_valid_idx_pipe[38][0]                  ;
; fused_aligned_output:FAO_RED|max_valid_idx_pipe[38][5]                  ; Merged with fused_aligned_output:FAO_RED|max_valid_idx_pipe[38][0]                  ;
; fused_aligned_output:FAO_RED|max_valid_idx_pipe[38][6]                  ; Merged with fused_aligned_output:FAO_RED|max_valid_idx_pipe[38][0]                  ;
; fused_aligned_output:FAO_RED|trim_pixels_pipe[38][2]                    ; Merged with fused_aligned_output:FAO_RED|max_valid_idx_pipe[38][0]                  ;
; disparity_estimator:DISP_EST_RED|divisor_pipe[45][35]                   ; Merged with disparity_estimator:DISP_EST_RED|divisor_pipe[45][34]                   ;
; disparity_estimator:DISP_EST_RED|divisor_pipe[45][36]                   ; Merged with disparity_estimator:DISP_EST_RED|divisor_pipe[45][34]                   ;
; disparity_estimator:DISP_EST_RED|divisor_pipe[45][37]                   ; Merged with disparity_estimator:DISP_EST_RED|divisor_pipe[45][34]                   ;
; fused_aligned_output:FAO_RED|max_valid_idx_pipe[39][1]                  ; Merged with fused_aligned_output:FAO_RED|max_valid_idx_pipe[39][0]                  ;
; fused_aligned_output:FAO_RED|max_valid_idx_pipe[39][3]                  ; Merged with fused_aligned_output:FAO_RED|max_valid_idx_pipe[39][0]                  ;
; fused_aligned_output:FAO_RED|max_valid_idx_pipe[39][4]                  ; Merged with fused_aligned_output:FAO_RED|max_valid_idx_pipe[39][0]                  ;
; fused_aligned_output:FAO_RED|max_valid_idx_pipe[39][5]                  ; Merged with fused_aligned_output:FAO_RED|max_valid_idx_pipe[39][0]                  ;
; fused_aligned_output:FAO_RED|max_valid_idx_pipe[39][6]                  ; Merged with fused_aligned_output:FAO_RED|max_valid_idx_pipe[39][0]                  ;
; fused_aligned_output:FAO_RED|trim_pixels_pipe[39][2]                    ; Merged with fused_aligned_output:FAO_RED|max_valid_idx_pipe[39][0]                  ;
; disparity_estimator:DISP_EST_RED|divisor_pipe[46][35]                   ; Merged with disparity_estimator:DISP_EST_RED|divisor_pipe[46][34]                   ;
; disparity_estimator:DISP_EST_RED|divisor_pipe[46][36]                   ; Merged with disparity_estimator:DISP_EST_RED|divisor_pipe[46][34]                   ;
; disparity_estimator:DISP_EST_RED|divisor_pipe[46][37]                   ; Merged with disparity_estimator:DISP_EST_RED|divisor_pipe[46][34]                   ;
; fused_aligned_output:FAO_RED|max_valid_idx_pipe[40][1]                  ; Merged with fused_aligned_output:FAO_RED|max_valid_idx_pipe[40][0]                  ;
; fused_aligned_output:FAO_RED|max_valid_idx_pipe[40][3]                  ; Merged with fused_aligned_output:FAO_RED|max_valid_idx_pipe[40][0]                  ;
; fused_aligned_output:FAO_RED|max_valid_idx_pipe[40][4]                  ; Merged with fused_aligned_output:FAO_RED|max_valid_idx_pipe[40][0]                  ;
; fused_aligned_output:FAO_RED|max_valid_idx_pipe[40][5]                  ; Merged with fused_aligned_output:FAO_RED|max_valid_idx_pipe[40][0]                  ;
; fused_aligned_output:FAO_RED|max_valid_idx_pipe[40][6]                  ; Merged with fused_aligned_output:FAO_RED|max_valid_idx_pipe[40][0]                  ;
; fused_aligned_output:FAO_RED|trim_pixels_pipe[40][2]                    ; Merged with fused_aligned_output:FAO_RED|max_valid_idx_pipe[40][0]                  ;
; disparity_estimator:DISP_EST_RED|divisor_pipe[47][35]                   ; Merged with disparity_estimator:DISP_EST_RED|divisor_pipe[47][34]                   ;
; disparity_estimator:DISP_EST_RED|divisor_pipe[47][36]                   ; Merged with disparity_estimator:DISP_EST_RED|divisor_pipe[47][34]                   ;
; disparity_estimator:DISP_EST_RED|divisor_pipe[47][37]                   ; Merged with disparity_estimator:DISP_EST_RED|divisor_pipe[47][34]                   ;
; disparity_estimator:DISP_EST_RED|divisor_pipe[48][35]                   ; Merged with disparity_estimator:DISP_EST_RED|divisor_pipe[48][34]                   ;
; disparity_estimator:DISP_EST_RED|divisor_pipe[48][36]                   ; Merged with disparity_estimator:DISP_EST_RED|divisor_pipe[48][34]                   ;
; disparity_estimator:DISP_EST_RED|divisor_pipe[48][37]                   ; Merged with disparity_estimator:DISP_EST_RED|divisor_pipe[48][34]                   ;
; disparity_estimator:DISP_EST_RED|divisor_pipe[49][35]                   ; Merged with disparity_estimator:DISP_EST_RED|divisor_pipe[49][34]                   ;
; disparity_estimator:DISP_EST_RED|divisor_pipe[49][36]                   ; Merged with disparity_estimator:DISP_EST_RED|divisor_pipe[49][34]                   ;
; disparity_estimator:DISP_EST_RED|divisor_pipe[49][37]                   ; Merged with disparity_estimator:DISP_EST_RED|divisor_pipe[49][34]                   ;
; disparity_estimator:DISP_EST_RED|divisor_pipe[50][35]                   ; Merged with disparity_estimator:DISP_EST_RED|divisor_pipe[50][34]                   ;
; disparity_estimator:DISP_EST_RED|divisor_pipe[50][36]                   ; Merged with disparity_estimator:DISP_EST_RED|divisor_pipe[50][34]                   ;
; disparity_estimator:DISP_EST_RED|divisor_pipe[50][37]                   ; Merged with disparity_estimator:DISP_EST_RED|divisor_pipe[50][34]                   ;
; disparity_estimator:DISP_EST_RED|divisor_pipe[51][35]                   ; Merged with disparity_estimator:DISP_EST_RED|divisor_pipe[51][34]                   ;
; disparity_estimator:DISP_EST_RED|divisor_pipe[51][36]                   ; Merged with disparity_estimator:DISP_EST_RED|divisor_pipe[51][34]                   ;
; disparity_estimator:DISP_EST_RED|divisor_pipe[51][37]                   ; Merged with disparity_estimator:DISP_EST_RED|divisor_pipe[51][34]                   ;
; disparity_estimator:DISP_EST_RED|divisor_pipe[52][35]                   ; Merged with disparity_estimator:DISP_EST_RED|divisor_pipe[52][34]                   ;
; disparity_estimator:DISP_EST_RED|divisor_pipe[52][36]                   ; Merged with disparity_estimator:DISP_EST_RED|divisor_pipe[52][34]                   ;
; disparity_estimator:DISP_EST_RED|divisor_pipe[52][37]                   ; Merged with disparity_estimator:DISP_EST_RED|divisor_pipe[52][34]                   ;
; disparity_estimator:DISP_EST_RED|divisor_pipe[53][35]                   ; Merged with disparity_estimator:DISP_EST_RED|divisor_pipe[53][34]                   ;
; disparity_estimator:DISP_EST_RED|divisor_pipe[53][36]                   ; Merged with disparity_estimator:DISP_EST_RED|divisor_pipe[53][34]                   ;
; disparity_estimator:DISP_EST_RED|divisor_pipe[53][37]                   ; Merged with disparity_estimator:DISP_EST_RED|divisor_pipe[53][34]                   ;
; disparity_estimator:DISP_EST_RED|remainder_pipe[1][35]                  ; Merged with disparity_estimator:DISP_EST_RED|remainder_pipe[1][37]                  ;
; disparity_estimator:DISP_EST_RED|remainder_pipe[1][36]                  ; Merged with disparity_estimator:DISP_EST_RED|remainder_pipe[1][37]                  ;
; disparity_estimator:DISP_EST_RED|dividend_pipe[0][51]                   ; Merged with disparity_estimator:DISP_EST_RED|dividend_pipe[0][53]                   ;
; disparity_estimator:DISP_EST_RED|dividend_pipe[0][52]                   ; Merged with disparity_estimator:DISP_EST_RED|dividend_pipe[0][53]                   ;
; disparity_estimator:DISP_EST_RED|dividend_pipe[1][52]                   ; Merged with disparity_estimator:DISP_EST_RED|dividend_pipe[1][53]                   ;
; Total Number of Removed Registers = 2301                                ;                                                                                     ;
+-------------------------------------------------------------------------+-------------------------------------------------------------------------------------+


+---------------------------------------------------------------------------------------------------------------------------------------------+
; Removed Registers Triggering Further Register Optimizations                                                                                 ;
+-------------------------------------------------------+---------------------------+---------------------------------------------------------+
; Register name                                         ; Reason for Removal        ; Registers Removed due to This Register                  ;
+-------------------------------------------------------+---------------------------+---------------------------------------------------------+
; disparity_estimator:DISP_EST_RED|dividend_pipe[0][0]  ; Stuck at GND              ; disparity_estimator:DISP_EST_RED|dividend_pipe[1][1],   ;
;                                                       ; due to stuck port data_in ; disparity_estimator:DISP_EST_RED|dividend_pipe[2][2],   ;
;                                                       ;                           ; disparity_estimator:DISP_EST_RED|dividend_pipe[3][3],   ;
;                                                       ;                           ; disparity_estimator:DISP_EST_RED|dividend_pipe[4][4],   ;
;                                                       ;                           ; disparity_estimator:DISP_EST_RED|dividend_pipe[5][5],   ;
;                                                       ;                           ; disparity_estimator:DISP_EST_RED|dividend_pipe[6][6],   ;
;                                                       ;                           ; disparity_estimator:DISP_EST_RED|dividend_pipe[7][7],   ;
;                                                       ;                           ; disparity_estimator:DISP_EST_RED|dividend_pipe[8][8],   ;
;                                                       ;                           ; disparity_estimator:DISP_EST_RED|dividend_pipe[9][9],   ;
;                                                       ;                           ; disparity_estimator:DISP_EST_RED|dividend_pipe[10][10], ;
;                                                       ;                           ; disparity_estimator:DISP_EST_RED|dividend_pipe[11][11], ;
;                                                       ;                           ; disparity_estimator:DISP_EST_RED|dividend_pipe[12][12], ;
;                                                       ;                           ; disparity_estimator:DISP_EST_RED|dividend_pipe[13][13], ;
;                                                       ;                           ; disparity_estimator:DISP_EST_RED|dividend_pipe[14][14], ;
;                                                       ;                           ; disparity_estimator:DISP_EST_RED|dividend_pipe[15][15], ;
;                                                       ;                           ; disparity_estimator:DISP_EST_RED|dividend_pipe[16][16], ;
;                                                       ;                           ; disparity_estimator:DISP_EST_RED|dividend_pipe[17][17], ;
;                                                       ;                           ; disparity_estimator:DISP_EST_RED|dividend_pipe[18][18], ;
;                                                       ;                           ; disparity_estimator:DISP_EST_RED|dividend_pipe[19][19], ;
;                                                       ;                           ; disparity_estimator:DISP_EST_RED|dividend_pipe[20][20], ;
;                                                       ;                           ; disparity_estimator:DISP_EST_RED|dividend_pipe[21][21], ;
;                                                       ;                           ; disparity_estimator:DISP_EST_RED|dividend_pipe[22][22], ;
;                                                       ;                           ; disparity_estimator:DISP_EST_RED|dividend_pipe[23][23], ;
;                                                       ;                           ; disparity_estimator:DISP_EST_RED|dividend_pipe[24][24], ;
;                                                       ;                           ; disparity_estimator:DISP_EST_RED|dividend_pipe[25][25], ;
;                                                       ;                           ; disparity_estimator:DISP_EST_RED|dividend_pipe[26][26], ;
;                                                       ;                           ; disparity_estimator:DISP_EST_RED|dividend_pipe[27][27], ;
;                                                       ;                           ; disparity_estimator:DISP_EST_RED|dividend_pipe[28][28], ;
;                                                       ;                           ; disparity_estimator:DISP_EST_RED|dividend_pipe[29][29], ;
;                                                       ;                           ; disparity_estimator:DISP_EST_RED|dividend_pipe[30][30], ;
;                                                       ;                           ; disparity_estimator:DISP_EST_RED|dividend_pipe[31][31], ;
;                                                       ;                           ; disparity_estimator:DISP_EST_RED|dividend_pipe[32][32], ;
;                                                       ;                           ; disparity_estimator:DISP_EST_RED|dividend_pipe[33][33], ;
;                                                       ;                           ; disparity_estimator:DISP_EST_RED|dividend_pipe[34][34], ;
;                                                       ;                           ; disparity_estimator:DISP_EST_RED|dividend_pipe[35][35], ;
;                                                       ;                           ; disparity_estimator:DISP_EST_RED|dividend_pipe[36][36], ;
;                                                       ;                           ; disparity_estimator:DISP_EST_RED|dividend_pipe[37][37], ;
;                                                       ;                           ; disparity_estimator:DISP_EST_RED|dividend_pipe[38][38], ;
;                                                       ;                           ; disparity_estimator:DISP_EST_RED|dividend_pipe[39][39], ;
;                                                       ;                           ; disparity_estimator:DISP_EST_RED|dividend_pipe[40][40], ;
;                                                       ;                           ; disparity_estimator:DISP_EST_RED|dividend_pipe[41][41], ;
;                                                       ;                           ; disparity_estimator:DISP_EST_RED|dividend_pipe[42][42], ;
;                                                       ;                           ; disparity_estimator:DISP_EST_RED|dividend_pipe[43][43], ;
;                                                       ;                           ; disparity_estimator:DISP_EST_RED|dividend_pipe[44][44], ;
;                                                       ;                           ; disparity_estimator:DISP_EST_RED|dividend_pipe[45][45], ;
;                                                       ;                           ; disparity_estimator:DISP_EST_RED|dividend_pipe[46][46], ;
;                                                       ;                           ; disparity_estimator:DISP_EST_RED|dividend_pipe[47][47], ;
;                                                       ;                           ; disparity_estimator:DISP_EST_RED|dividend_pipe[48][48], ;
;                                                       ;                           ; disparity_estimator:DISP_EST_RED|dividend_pipe[49][49], ;
;                                                       ;                           ; disparity_estimator:DISP_EST_RED|dividend_pipe[50][50], ;
;                                                       ;                           ; disparity_estimator:DISP_EST_RED|dividend_pipe[51][51], ;
;                                                       ;                           ; disparity_estimator:DISP_EST_RED|dividend_pipe[52][52], ;
;                                                       ;                           ; disparity_estimator:DISP_EST_RED|dividend_pipe[53][53]  ;
; disparity_estimator:DISP_EST_RED|dividend_pipe[0][1]  ; Stuck at GND              ; disparity_estimator:DISP_EST_RED|dividend_pipe[1][2],   ;
;                                                       ; due to stuck port data_in ; disparity_estimator:DISP_EST_RED|dividend_pipe[2][3],   ;
;                                                       ;                           ; disparity_estimator:DISP_EST_RED|dividend_pipe[3][4],   ;
;                                                       ;                           ; disparity_estimator:DISP_EST_RED|dividend_pipe[4][5],   ;
;                                                       ;                           ; disparity_estimator:DISP_EST_RED|dividend_pipe[5][6],   ;
;                                                       ;                           ; disparity_estimator:DISP_EST_RED|dividend_pipe[6][7],   ;
;                                                       ;                           ; disparity_estimator:DISP_EST_RED|dividend_pipe[7][8],   ;
;                                                       ;                           ; disparity_estimator:DISP_EST_RED|dividend_pipe[8][9],   ;
;                                                       ;                           ; disparity_estimator:DISP_EST_RED|dividend_pipe[9][10],  ;
;                                                       ;                           ; disparity_estimator:DISP_EST_RED|dividend_pipe[10][11], ;
;                                                       ;                           ; disparity_estimator:DISP_EST_RED|dividend_pipe[11][12], ;
;                                                       ;                           ; disparity_estimator:DISP_EST_RED|dividend_pipe[12][13], ;
;                                                       ;                           ; disparity_estimator:DISP_EST_RED|dividend_pipe[13][14], ;
;                                                       ;                           ; disparity_estimator:DISP_EST_RED|dividend_pipe[14][15], ;
;                                                       ;                           ; disparity_estimator:DISP_EST_RED|dividend_pipe[15][16], ;
;                                                       ;                           ; disparity_estimator:DISP_EST_RED|dividend_pipe[16][17], ;
;                                                       ;                           ; disparity_estimator:DISP_EST_RED|dividend_pipe[17][18], ;
;                                                       ;                           ; disparity_estimator:DISP_EST_RED|dividend_pipe[18][19], ;
;                                                       ;                           ; disparity_estimator:DISP_EST_RED|dividend_pipe[19][20], ;
;                                                       ;                           ; disparity_estimator:DISP_EST_RED|dividend_pipe[20][21], ;
;                                                       ;                           ; disparity_estimator:DISP_EST_RED|dividend_pipe[21][22], ;
;                                                       ;                           ; disparity_estimator:DISP_EST_RED|dividend_pipe[22][23], ;
;                                                       ;                           ; disparity_estimator:DISP_EST_RED|dividend_pipe[23][24], ;
;                                                       ;                           ; disparity_estimator:DISP_EST_RED|dividend_pipe[24][25], ;
;                                                       ;                           ; disparity_estimator:DISP_EST_RED|dividend_pipe[25][26], ;
;                                                       ;                           ; disparity_estimator:DISP_EST_RED|dividend_pipe[26][27], ;
;                                                       ;                           ; disparity_estimator:DISP_EST_RED|dividend_pipe[27][28], ;
;                                                       ;                           ; disparity_estimator:DISP_EST_RED|dividend_pipe[28][29], ;
;                                                       ;                           ; disparity_estimator:DISP_EST_RED|dividend_pipe[29][30], ;
;                                                       ;                           ; disparity_estimator:DISP_EST_RED|dividend_pipe[30][31], ;
;                                                       ;                           ; disparity_estimator:DISP_EST_RED|dividend_pipe[31][32], ;
;                                                       ;                           ; disparity_estimator:DISP_EST_RED|dividend_pipe[32][33], ;
;                                                       ;                           ; disparity_estimator:DISP_EST_RED|dividend_pipe[33][34], ;
;                                                       ;                           ; disparity_estimator:DISP_EST_RED|dividend_pipe[34][35], ;
;                                                       ;                           ; disparity_estimator:DISP_EST_RED|dividend_pipe[35][36], ;
;                                                       ;                           ; disparity_estimator:DISP_EST_RED|dividend_pipe[36][37], ;
;                                                       ;                           ; disparity_estimator:DISP_EST_RED|dividend_pipe[37][38], ;
;                                                       ;                           ; disparity_estimator:DISP_EST_RED|dividend_pipe[38][39], ;
;                                                       ;                           ; disparity_estimator:DISP_EST_RED|dividend_pipe[39][40], ;
;                                                       ;                           ; disparity_estimator:DISP_EST_RED|dividend_pipe[40][41], ;
;                                                       ;                           ; disparity_estimator:DISP_EST_RED|dividend_pipe[41][42], ;
;                                                       ;                           ; disparity_estimator:DISP_EST_RED|dividend_pipe[42][43], ;
;                                                       ;                           ; disparity_estimator:DISP_EST_RED|dividend_pipe[43][44], ;
;                                                       ;                           ; disparity_estimator:DISP_EST_RED|dividend_pipe[44][45], ;
;                                                       ;                           ; disparity_estimator:DISP_EST_RED|dividend_pipe[45][46], ;
;                                                       ;                           ; disparity_estimator:DISP_EST_RED|dividend_pipe[46][47], ;
;                                                       ;                           ; disparity_estimator:DISP_EST_RED|dividend_pipe[47][48], ;
;                                                       ;                           ; disparity_estimator:DISP_EST_RED|dividend_pipe[48][49], ;
;                                                       ;                           ; disparity_estimator:DISP_EST_RED|dividend_pipe[49][50], ;
;                                                       ;                           ; disparity_estimator:DISP_EST_RED|dividend_pipe[50][51], ;
;                                                       ;                           ; disparity_estimator:DISP_EST_RED|dividend_pipe[51][52], ;
;                                                       ;                           ; disparity_estimator:DISP_EST_RED|dividend_pipe[52][53]  ;
; disparity_estimator:DISP_EST_RED|dividend_pipe[0][2]  ; Stuck at GND              ; disparity_estimator:DISP_EST_RED|dividend_pipe[1][3],   ;
;                                                       ; due to stuck port data_in ; disparity_estimator:DISP_EST_RED|dividend_pipe[2][4],   ;
;                                                       ;                           ; disparity_estimator:DISP_EST_RED|dividend_pipe[3][5],   ;
;                                                       ;                           ; disparity_estimator:DISP_EST_RED|dividend_pipe[4][6],   ;
;                                                       ;                           ; disparity_estimator:DISP_EST_RED|dividend_pipe[5][7],   ;
;                                                       ;                           ; disparity_estimator:DISP_EST_RED|dividend_pipe[6][8],   ;
;                                                       ;                           ; disparity_estimator:DISP_EST_RED|dividend_pipe[7][9],   ;
;                                                       ;                           ; disparity_estimator:DISP_EST_RED|dividend_pipe[8][10],  ;
;                                                       ;                           ; disparity_estimator:DISP_EST_RED|dividend_pipe[9][11],  ;
;                                                       ;                           ; disparity_estimator:DISP_EST_RED|dividend_pipe[10][12], ;
;                                                       ;                           ; disparity_estimator:DISP_EST_RED|dividend_pipe[11][13], ;
;                                                       ;                           ; disparity_estimator:DISP_EST_RED|dividend_pipe[12][14], ;
;                                                       ;                           ; disparity_estimator:DISP_EST_RED|dividend_pipe[13][15], ;
;                                                       ;                           ; disparity_estimator:DISP_EST_RED|dividend_pipe[14][16], ;
;                                                       ;                           ; disparity_estimator:DISP_EST_RED|dividend_pipe[15][17], ;
;                                                       ;                           ; disparity_estimator:DISP_EST_RED|dividend_pipe[16][18], ;
;                                                       ;                           ; disparity_estimator:DISP_EST_RED|dividend_pipe[17][19], ;
;                                                       ;                           ; disparity_estimator:DISP_EST_RED|dividend_pipe[18][20], ;
;                                                       ;                           ; disparity_estimator:DISP_EST_RED|dividend_pipe[19][21], ;
;                                                       ;                           ; disparity_estimator:DISP_EST_RED|dividend_pipe[20][22], ;
;                                                       ;                           ; disparity_estimator:DISP_EST_RED|dividend_pipe[21][23], ;
;                                                       ;                           ; disparity_estimator:DISP_EST_RED|dividend_pipe[22][24], ;
;                                                       ;                           ; disparity_estimator:DISP_EST_RED|dividend_pipe[23][25], ;
;                                                       ;                           ; disparity_estimator:DISP_EST_RED|dividend_pipe[24][26], ;
;                                                       ;                           ; disparity_estimator:DISP_EST_RED|dividend_pipe[25][27], ;
;                                                       ;                           ; disparity_estimator:DISP_EST_RED|dividend_pipe[26][28], ;
;                                                       ;                           ; disparity_estimator:DISP_EST_RED|dividend_pipe[27][29], ;
;                                                       ;                           ; disparity_estimator:DISP_EST_RED|dividend_pipe[28][30], ;
;                                                       ;                           ; disparity_estimator:DISP_EST_RED|dividend_pipe[29][31], ;
;                                                       ;                           ; disparity_estimator:DISP_EST_RED|dividend_pipe[30][32], ;
;                                                       ;                           ; disparity_estimator:DISP_EST_RED|dividend_pipe[31][33], ;
;                                                       ;                           ; disparity_estimator:DISP_EST_RED|dividend_pipe[32][34], ;
;                                                       ;                           ; disparity_estimator:DISP_EST_RED|dividend_pipe[33][35], ;
;                                                       ;                           ; disparity_estimator:DISP_EST_RED|dividend_pipe[34][36], ;
;                                                       ;                           ; disparity_estimator:DISP_EST_RED|dividend_pipe[35][37], ;
;                                                       ;                           ; disparity_estimator:DISP_EST_RED|dividend_pipe[36][38], ;
;                                                       ;                           ; disparity_estimator:DISP_EST_RED|dividend_pipe[37][39], ;
;                                                       ;                           ; disparity_estimator:DISP_EST_RED|dividend_pipe[38][40], ;
;                                                       ;                           ; disparity_estimator:DISP_EST_RED|dividend_pipe[39][41], ;
;                                                       ;                           ; disparity_estimator:DISP_EST_RED|dividend_pipe[40][42], ;
;                                                       ;                           ; disparity_estimator:DISP_EST_RED|dividend_pipe[41][43], ;
;                                                       ;                           ; disparity_estimator:DISP_EST_RED|dividend_pipe[42][44], ;
;                                                       ;                           ; disparity_estimator:DISP_EST_RED|dividend_pipe[43][45], ;
;                                                       ;                           ; disparity_estimator:DISP_EST_RED|dividend_pipe[44][46], ;
;                                                       ;                           ; disparity_estimator:DISP_EST_RED|dividend_pipe[45][47], ;
;                                                       ;                           ; disparity_estimator:DISP_EST_RED|dividend_pipe[46][48], ;
;                                                       ;                           ; disparity_estimator:DISP_EST_RED|dividend_pipe[47][49], ;
;                                                       ;                           ; disparity_estimator:DISP_EST_RED|dividend_pipe[48][50], ;
;                                                       ;                           ; disparity_estimator:DISP_EST_RED|dividend_pipe[49][51], ;
;                                                       ;                           ; disparity_estimator:DISP_EST_RED|dividend_pipe[50][52], ;
;                                                       ;                           ; disparity_estimator:DISP_EST_RED|dividend_pipe[51][53]  ;
; disparity_estimator:DISP_EST_RED|dividend_pipe[0][3]  ; Stuck at GND              ; disparity_estimator:DISP_EST_RED|dividend_pipe[1][4],   ;
;                                                       ; due to stuck port data_in ; disparity_estimator:DISP_EST_RED|dividend_pipe[2][5],   ;
;                                                       ;                           ; disparity_estimator:DISP_EST_RED|dividend_pipe[3][6],   ;
;                                                       ;                           ; disparity_estimator:DISP_EST_RED|dividend_pipe[4][7],   ;
;                                                       ;                           ; disparity_estimator:DISP_EST_RED|dividend_pipe[5][8],   ;
;                                                       ;                           ; disparity_estimator:DISP_EST_RED|dividend_pipe[6][9],   ;
;                                                       ;                           ; disparity_estimator:DISP_EST_RED|dividend_pipe[7][10],  ;
;                                                       ;                           ; disparity_estimator:DISP_EST_RED|dividend_pipe[8][11],  ;
;                                                       ;                           ; disparity_estimator:DISP_EST_RED|dividend_pipe[9][12],  ;
;                                                       ;                           ; disparity_estimator:DISP_EST_RED|dividend_pipe[10][13], ;
;                                                       ;                           ; disparity_estimator:DISP_EST_RED|dividend_pipe[11][14], ;
;                                                       ;                           ; disparity_estimator:DISP_EST_RED|dividend_pipe[12][15], ;
;                                                       ;                           ; disparity_estimator:DISP_EST_RED|dividend_pipe[13][16], ;
;                                                       ;                           ; disparity_estimator:DISP_EST_RED|dividend_pipe[14][17], ;
;                                                       ;                           ; disparity_estimator:DISP_EST_RED|dividend_pipe[15][18], ;
;                                                       ;                           ; disparity_estimator:DISP_EST_RED|dividend_pipe[16][19], ;
;                                                       ;                           ; disparity_estimator:DISP_EST_RED|dividend_pipe[17][20], ;
;                                                       ;                           ; disparity_estimator:DISP_EST_RED|dividend_pipe[18][21], ;
;                                                       ;                           ; disparity_estimator:DISP_EST_RED|dividend_pipe[19][22], ;
;                                                       ;                           ; disparity_estimator:DISP_EST_RED|dividend_pipe[20][23], ;
;                                                       ;                           ; disparity_estimator:DISP_EST_RED|dividend_pipe[21][24], ;
;                                                       ;                           ; disparity_estimator:DISP_EST_RED|dividend_pipe[22][25], ;
;                                                       ;                           ; disparity_estimator:DISP_EST_RED|dividend_pipe[23][26], ;
;                                                       ;                           ; disparity_estimator:DISP_EST_RED|dividend_pipe[24][27], ;
;                                                       ;                           ; disparity_estimator:DISP_EST_RED|dividend_pipe[25][28], ;
;                                                       ;                           ; disparity_estimator:DISP_EST_RED|dividend_pipe[26][29], ;
;                                                       ;                           ; disparity_estimator:DISP_EST_RED|dividend_pipe[27][30], ;
;                                                       ;                           ; disparity_estimator:DISP_EST_RED|dividend_pipe[28][31], ;
;                                                       ;                           ; disparity_estimator:DISP_EST_RED|dividend_pipe[29][32], ;
;                                                       ;                           ; disparity_estimator:DISP_EST_RED|dividend_pipe[30][33], ;
;                                                       ;                           ; disparity_estimator:DISP_EST_RED|dividend_pipe[31][34], ;
;                                                       ;                           ; disparity_estimator:DISP_EST_RED|dividend_pipe[32][35], ;
;                                                       ;                           ; disparity_estimator:DISP_EST_RED|dividend_pipe[33][36], ;
;                                                       ;                           ; disparity_estimator:DISP_EST_RED|dividend_pipe[34][37], ;
;                                                       ;                           ; disparity_estimator:DISP_EST_RED|dividend_pipe[35][38], ;
;                                                       ;                           ; disparity_estimator:DISP_EST_RED|dividend_pipe[36][39], ;
;                                                       ;                           ; disparity_estimator:DISP_EST_RED|dividend_pipe[37][40], ;
;                                                       ;                           ; disparity_estimator:DISP_EST_RED|dividend_pipe[38][41], ;
;                                                       ;                           ; disparity_estimator:DISP_EST_RED|dividend_pipe[39][42], ;
;                                                       ;                           ; disparity_estimator:DISP_EST_RED|dividend_pipe[40][43], ;
;                                                       ;                           ; disparity_estimator:DISP_EST_RED|dividend_pipe[41][44], ;
;                                                       ;                           ; disparity_estimator:DISP_EST_RED|dividend_pipe[42][45], ;
;                                                       ;                           ; disparity_estimator:DISP_EST_RED|dividend_pipe[43][46], ;
;                                                       ;                           ; disparity_estimator:DISP_EST_RED|dividend_pipe[44][47], ;
;                                                       ;                           ; disparity_estimator:DISP_EST_RED|dividend_pipe[45][48], ;
;                                                       ;                           ; disparity_estimator:DISP_EST_RED|dividend_pipe[46][49], ;
;                                                       ;                           ; disparity_estimator:DISP_EST_RED|dividend_pipe[47][50], ;
;                                                       ;                           ; disparity_estimator:DISP_EST_RED|dividend_pipe[48][51], ;
;                                                       ;                           ; disparity_estimator:DISP_EST_RED|dividend_pipe[49][52], ;
;                                                       ;                           ; disparity_estimator:DISP_EST_RED|dividend_pipe[50][53]  ;
; disparity_estimator:DISP_EST_RED|dividend_pipe[0][4]  ; Stuck at GND              ; disparity_estimator:DISP_EST_RED|dividend_pipe[1][5],   ;
;                                                       ; due to stuck port data_in ; disparity_estimator:DISP_EST_RED|dividend_pipe[2][6],   ;
;                                                       ;                           ; disparity_estimator:DISP_EST_RED|dividend_pipe[3][7],   ;
;                                                       ;                           ; disparity_estimator:DISP_EST_RED|dividend_pipe[4][8],   ;
;                                                       ;                           ; disparity_estimator:DISP_EST_RED|dividend_pipe[5][9],   ;
;                                                       ;                           ; disparity_estimator:DISP_EST_RED|dividend_pipe[6][10],  ;
;                                                       ;                           ; disparity_estimator:DISP_EST_RED|dividend_pipe[7][11],  ;
;                                                       ;                           ; disparity_estimator:DISP_EST_RED|dividend_pipe[8][12],  ;
;                                                       ;                           ; disparity_estimator:DISP_EST_RED|dividend_pipe[9][13],  ;
;                                                       ;                           ; disparity_estimator:DISP_EST_RED|dividend_pipe[10][14], ;
;                                                       ;                           ; disparity_estimator:DISP_EST_RED|dividend_pipe[11][15], ;
;                                                       ;                           ; disparity_estimator:DISP_EST_RED|dividend_pipe[12][16], ;
;                                                       ;                           ; disparity_estimator:DISP_EST_RED|dividend_pipe[13][17], ;
;                                                       ;                           ; disparity_estimator:DISP_EST_RED|dividend_pipe[14][18], ;
;                                                       ;                           ; disparity_estimator:DISP_EST_RED|dividend_pipe[15][19], ;
;                                                       ;                           ; disparity_estimator:DISP_EST_RED|dividend_pipe[16][20], ;
;                                                       ;                           ; disparity_estimator:DISP_EST_RED|dividend_pipe[17][21], ;
;                                                       ;                           ; disparity_estimator:DISP_EST_RED|dividend_pipe[18][22], ;
;                                                       ;                           ; disparity_estimator:DISP_EST_RED|dividend_pipe[19][23], ;
;                                                       ;                           ; disparity_estimator:DISP_EST_RED|dividend_pipe[20][24], ;
;                                                       ;                           ; disparity_estimator:DISP_EST_RED|dividend_pipe[21][25], ;
;                                                       ;                           ; disparity_estimator:DISP_EST_RED|dividend_pipe[22][26], ;
;                                                       ;                           ; disparity_estimator:DISP_EST_RED|dividend_pipe[23][27], ;
;                                                       ;                           ; disparity_estimator:DISP_EST_RED|dividend_pipe[24][28], ;
;                                                       ;                           ; disparity_estimator:DISP_EST_RED|dividend_pipe[25][29], ;
;                                                       ;                           ; disparity_estimator:DISP_EST_RED|dividend_pipe[26][30], ;
;                                                       ;                           ; disparity_estimator:DISP_EST_RED|dividend_pipe[27][31], ;
;                                                       ;                           ; disparity_estimator:DISP_EST_RED|dividend_pipe[28][32], ;
;                                                       ;                           ; disparity_estimator:DISP_EST_RED|dividend_pipe[29][33], ;
;                                                       ;                           ; disparity_estimator:DISP_EST_RED|dividend_pipe[30][34], ;
;                                                       ;                           ; disparity_estimator:DISP_EST_RED|dividend_pipe[31][35], ;
;                                                       ;                           ; disparity_estimator:DISP_EST_RED|dividend_pipe[32][36], ;
;                                                       ;                           ; disparity_estimator:DISP_EST_RED|dividend_pipe[33][37], ;
;                                                       ;                           ; disparity_estimator:DISP_EST_RED|dividend_pipe[34][38], ;
;                                                       ;                           ; disparity_estimator:DISP_EST_RED|dividend_pipe[35][39], ;
;                                                       ;                           ; disparity_estimator:DISP_EST_RED|dividend_pipe[36][40], ;
;                                                       ;                           ; disparity_estimator:DISP_EST_RED|dividend_pipe[37][41], ;
;                                                       ;                           ; disparity_estimator:DISP_EST_RED|dividend_pipe[38][42], ;
;                                                       ;                           ; disparity_estimator:DISP_EST_RED|dividend_pipe[39][43], ;
;                                                       ;                           ; disparity_estimator:DISP_EST_RED|dividend_pipe[40][44], ;
;                                                       ;                           ; disparity_estimator:DISP_EST_RED|dividend_pipe[41][45], ;
;                                                       ;                           ; disparity_estimator:DISP_EST_RED|dividend_pipe[42][46], ;
;                                                       ;                           ; disparity_estimator:DISP_EST_RED|dividend_pipe[43][47], ;
;                                                       ;                           ; disparity_estimator:DISP_EST_RED|dividend_pipe[44][48], ;
;                                                       ;                           ; disparity_estimator:DISP_EST_RED|dividend_pipe[45][49], ;
;                                                       ;                           ; disparity_estimator:DISP_EST_RED|dividend_pipe[46][50], ;
;                                                       ;                           ; disparity_estimator:DISP_EST_RED|dividend_pipe[47][51], ;
;                                                       ;                           ; disparity_estimator:DISP_EST_RED|dividend_pipe[48][52], ;
;                                                       ;                           ; disparity_estimator:DISP_EST_RED|dividend_pipe[49][53]  ;
; disparity_estimator:DISP_EST_RED|dividend_pipe[0][5]  ; Stuck at GND              ; disparity_estimator:DISP_EST_RED|dividend_pipe[1][6],   ;
;                                                       ; due to stuck port data_in ; disparity_estimator:DISP_EST_RED|dividend_pipe[2][7],   ;
;                                                       ;                           ; disparity_estimator:DISP_EST_RED|dividend_pipe[3][8],   ;
;                                                       ;                           ; disparity_estimator:DISP_EST_RED|dividend_pipe[4][9],   ;
;                                                       ;                           ; disparity_estimator:DISP_EST_RED|dividend_pipe[5][10],  ;
;                                                       ;                           ; disparity_estimator:DISP_EST_RED|dividend_pipe[6][11],  ;
;                                                       ;                           ; disparity_estimator:DISP_EST_RED|dividend_pipe[7][12],  ;
;                                                       ;                           ; disparity_estimator:DISP_EST_RED|dividend_pipe[8][13],  ;
;                                                       ;                           ; disparity_estimator:DISP_EST_RED|dividend_pipe[9][14],  ;
;                                                       ;                           ; disparity_estimator:DISP_EST_RED|dividend_pipe[10][15], ;
;                                                       ;                           ; disparity_estimator:DISP_EST_RED|dividend_pipe[11][16], ;
;                                                       ;                           ; disparity_estimator:DISP_EST_RED|dividend_pipe[12][17], ;
;                                                       ;                           ; disparity_estimator:DISP_EST_RED|dividend_pipe[13][18], ;
;                                                       ;                           ; disparity_estimator:DISP_EST_RED|dividend_pipe[14][19], ;
;                                                       ;                           ; disparity_estimator:DISP_EST_RED|dividend_pipe[15][20], ;
;                                                       ;                           ; disparity_estimator:DISP_EST_RED|dividend_pipe[16][21], ;
;                                                       ;                           ; disparity_estimator:DISP_EST_RED|dividend_pipe[17][22], ;
;                                                       ;                           ; disparity_estimator:DISP_EST_RED|dividend_pipe[18][23], ;
;                                                       ;                           ; disparity_estimator:DISP_EST_RED|dividend_pipe[19][24], ;
;                                                       ;                           ; disparity_estimator:DISP_EST_RED|dividend_pipe[20][25], ;
;                                                       ;                           ; disparity_estimator:DISP_EST_RED|dividend_pipe[21][26], ;
;                                                       ;                           ; disparity_estimator:DISP_EST_RED|dividend_pipe[22][27], ;
;                                                       ;                           ; disparity_estimator:DISP_EST_RED|dividend_pipe[23][28], ;
;                                                       ;                           ; disparity_estimator:DISP_EST_RED|dividend_pipe[24][29], ;
;                                                       ;                           ; disparity_estimator:DISP_EST_RED|dividend_pipe[25][30], ;
;                                                       ;                           ; disparity_estimator:DISP_EST_RED|dividend_pipe[26][31], ;
;                                                       ;                           ; disparity_estimator:DISP_EST_RED|dividend_pipe[27][32], ;
;                                                       ;                           ; disparity_estimator:DISP_EST_RED|dividend_pipe[28][33], ;
;                                                       ;                           ; disparity_estimator:DISP_EST_RED|dividend_pipe[29][34], ;
;                                                       ;                           ; disparity_estimator:DISP_EST_RED|dividend_pipe[30][35], ;
;                                                       ;                           ; disparity_estimator:DISP_EST_RED|dividend_pipe[31][36], ;
;                                                       ;                           ; disparity_estimator:DISP_EST_RED|dividend_pipe[32][37], ;
;                                                       ;                           ; disparity_estimator:DISP_EST_RED|dividend_pipe[33][38], ;
;                                                       ;                           ; disparity_estimator:DISP_EST_RED|dividend_pipe[34][39], ;
;                                                       ;                           ; disparity_estimator:DISP_EST_RED|dividend_pipe[35][40], ;
;                                                       ;                           ; disparity_estimator:DISP_EST_RED|dividend_pipe[36][41], ;
;                                                       ;                           ; disparity_estimator:DISP_EST_RED|dividend_pipe[37][42], ;
;                                                       ;                           ; disparity_estimator:DISP_EST_RED|dividend_pipe[38][43], ;
;                                                       ;                           ; disparity_estimator:DISP_EST_RED|dividend_pipe[39][44], ;
;                                                       ;                           ; disparity_estimator:DISP_EST_RED|dividend_pipe[40][45], ;
;                                                       ;                           ; disparity_estimator:DISP_EST_RED|dividend_pipe[41][46], ;
;                                                       ;                           ; disparity_estimator:DISP_EST_RED|dividend_pipe[42][47], ;
;                                                       ;                           ; disparity_estimator:DISP_EST_RED|dividend_pipe[43][48], ;
;                                                       ;                           ; disparity_estimator:DISP_EST_RED|dividend_pipe[44][49], ;
;                                                       ;                           ; disparity_estimator:DISP_EST_RED|dividend_pipe[45][50], ;
;                                                       ;                           ; disparity_estimator:DISP_EST_RED|dividend_pipe[46][51], ;
;                                                       ;                           ; disparity_estimator:DISP_EST_RED|dividend_pipe[47][52], ;
;                                                       ;                           ; disparity_estimator:DISP_EST_RED|dividend_pipe[48][53]  ;
; disparity_estimator:DISP_EST_RED|dividend_pipe[0][6]  ; Stuck at GND              ; disparity_estimator:DISP_EST_RED|dividend_pipe[1][7],   ;
;                                                       ; due to stuck port data_in ; disparity_estimator:DISP_EST_RED|dividend_pipe[2][8],   ;
;                                                       ;                           ; disparity_estimator:DISP_EST_RED|dividend_pipe[3][9],   ;
;                                                       ;                           ; disparity_estimator:DISP_EST_RED|dividend_pipe[4][10],  ;
;                                                       ;                           ; disparity_estimator:DISP_EST_RED|dividend_pipe[5][11],  ;
;                                                       ;                           ; disparity_estimator:DISP_EST_RED|dividend_pipe[6][12],  ;
;                                                       ;                           ; disparity_estimator:DISP_EST_RED|dividend_pipe[7][13],  ;
;                                                       ;                           ; disparity_estimator:DISP_EST_RED|dividend_pipe[8][14],  ;
;                                                       ;                           ; disparity_estimator:DISP_EST_RED|dividend_pipe[9][15],  ;
;                                                       ;                           ; disparity_estimator:DISP_EST_RED|dividend_pipe[10][16], ;
;                                                       ;                           ; disparity_estimator:DISP_EST_RED|dividend_pipe[11][17], ;
;                                                       ;                           ; disparity_estimator:DISP_EST_RED|dividend_pipe[12][18], ;
;                                                       ;                           ; disparity_estimator:DISP_EST_RED|dividend_pipe[13][19], ;
;                                                       ;                           ; disparity_estimator:DISP_EST_RED|dividend_pipe[14][20], ;
;                                                       ;                           ; disparity_estimator:DISP_EST_RED|dividend_pipe[15][21], ;
;                                                       ;                           ; disparity_estimator:DISP_EST_RED|dividend_pipe[16][22], ;
;                                                       ;                           ; disparity_estimator:DISP_EST_RED|dividend_pipe[17][23], ;
;                                                       ;                           ; disparity_estimator:DISP_EST_RED|dividend_pipe[18][24], ;
;                                                       ;                           ; disparity_estimator:DISP_EST_RED|dividend_pipe[19][25], ;
;                                                       ;                           ; disparity_estimator:DISP_EST_RED|dividend_pipe[20][26], ;
;                                                       ;                           ; disparity_estimator:DISP_EST_RED|dividend_pipe[21][27], ;
;                                                       ;                           ; disparity_estimator:DISP_EST_RED|dividend_pipe[22][28], ;
;                                                       ;                           ; disparity_estimator:DISP_EST_RED|dividend_pipe[23][29], ;
;                                                       ;                           ; disparity_estimator:DISP_EST_RED|dividend_pipe[24][30], ;
;                                                       ;                           ; disparity_estimator:DISP_EST_RED|dividend_pipe[25][31], ;
;                                                       ;                           ; disparity_estimator:DISP_EST_RED|dividend_pipe[26][32], ;
;                                                       ;                           ; disparity_estimator:DISP_EST_RED|dividend_pipe[27][33], ;
;                                                       ;                           ; disparity_estimator:DISP_EST_RED|dividend_pipe[28][34], ;
;                                                       ;                           ; disparity_estimator:DISP_EST_RED|dividend_pipe[29][35], ;
;                                                       ;                           ; disparity_estimator:DISP_EST_RED|dividend_pipe[30][36], ;
;                                                       ;                           ; disparity_estimator:DISP_EST_RED|dividend_pipe[31][37], ;
;                                                       ;                           ; disparity_estimator:DISP_EST_RED|dividend_pipe[32][38], ;
;                                                       ;                           ; disparity_estimator:DISP_EST_RED|dividend_pipe[33][39], ;
;                                                       ;                           ; disparity_estimator:DISP_EST_RED|dividend_pipe[34][40], ;
;                                                       ;                           ; disparity_estimator:DISP_EST_RED|dividend_pipe[35][41], ;
;                                                       ;                           ; disparity_estimator:DISP_EST_RED|dividend_pipe[36][42], ;
;                                                       ;                           ; disparity_estimator:DISP_EST_RED|dividend_pipe[37][43], ;
;                                                       ;                           ; disparity_estimator:DISP_EST_RED|dividend_pipe[38][44], ;
;                                                       ;                           ; disparity_estimator:DISP_EST_RED|dividend_pipe[39][45], ;
;                                                       ;                           ; disparity_estimator:DISP_EST_RED|dividend_pipe[40][46], ;
;                                                       ;                           ; disparity_estimator:DISP_EST_RED|dividend_pipe[41][47], ;
;                                                       ;                           ; disparity_estimator:DISP_EST_RED|dividend_pipe[42][48], ;
;                                                       ;                           ; disparity_estimator:DISP_EST_RED|dividend_pipe[43][49], ;
;                                                       ;                           ; disparity_estimator:DISP_EST_RED|dividend_pipe[44][50], ;
;                                                       ;                           ; disparity_estimator:DISP_EST_RED|dividend_pipe[45][51], ;
;                                                       ;                           ; disparity_estimator:DISP_EST_RED|dividend_pipe[46][52], ;
;                                                       ;                           ; disparity_estimator:DISP_EST_RED|dividend_pipe[47][53]  ;
; disparity_estimator:DISP_EST_RED|dividend_pipe[0][7]  ; Stuck at GND              ; disparity_estimator:DISP_EST_RED|dividend_pipe[1][8],   ;
;                                                       ; due to stuck port data_in ; disparity_estimator:DISP_EST_RED|dividend_pipe[2][9],   ;
;                                                       ;                           ; disparity_estimator:DISP_EST_RED|dividend_pipe[3][10],  ;
;                                                       ;                           ; disparity_estimator:DISP_EST_RED|dividend_pipe[4][11],  ;
;                                                       ;                           ; disparity_estimator:DISP_EST_RED|dividend_pipe[5][12],  ;
;                                                       ;                           ; disparity_estimator:DISP_EST_RED|dividend_pipe[6][13],  ;
;                                                       ;                           ; disparity_estimator:DISP_EST_RED|dividend_pipe[7][14],  ;
;                                                       ;                           ; disparity_estimator:DISP_EST_RED|dividend_pipe[8][15],  ;
;                                                       ;                           ; disparity_estimator:DISP_EST_RED|dividend_pipe[9][16],  ;
;                                                       ;                           ; disparity_estimator:DISP_EST_RED|dividend_pipe[10][17], ;
;                                                       ;                           ; disparity_estimator:DISP_EST_RED|dividend_pipe[11][18], ;
;                                                       ;                           ; disparity_estimator:DISP_EST_RED|dividend_pipe[12][19], ;
;                                                       ;                           ; disparity_estimator:DISP_EST_RED|dividend_pipe[13][20], ;
;                                                       ;                           ; disparity_estimator:DISP_EST_RED|dividend_pipe[14][21], ;
;                                                       ;                           ; disparity_estimator:DISP_EST_RED|dividend_pipe[15][22], ;
;                                                       ;                           ; disparity_estimator:DISP_EST_RED|dividend_pipe[16][23], ;
;                                                       ;                           ; disparity_estimator:DISP_EST_RED|dividend_pipe[17][24], ;
;                                                       ;                           ; disparity_estimator:DISP_EST_RED|dividend_pipe[18][25], ;
;                                                       ;                           ; disparity_estimator:DISP_EST_RED|dividend_pipe[19][26], ;
;                                                       ;                           ; disparity_estimator:DISP_EST_RED|dividend_pipe[20][27], ;
;                                                       ;                           ; disparity_estimator:DISP_EST_RED|dividend_pipe[21][28], ;
;                                                       ;                           ; disparity_estimator:DISP_EST_RED|dividend_pipe[22][29], ;
;                                                       ;                           ; disparity_estimator:DISP_EST_RED|dividend_pipe[23][30], ;
;                                                       ;                           ; disparity_estimator:DISP_EST_RED|dividend_pipe[24][31], ;
;                                                       ;                           ; disparity_estimator:DISP_EST_RED|dividend_pipe[25][32], ;
;                                                       ;                           ; disparity_estimator:DISP_EST_RED|dividend_pipe[26][33], ;
;                                                       ;                           ; disparity_estimator:DISP_EST_RED|dividend_pipe[27][34], ;
;                                                       ;                           ; disparity_estimator:DISP_EST_RED|dividend_pipe[28][35], ;
;                                                       ;                           ; disparity_estimator:DISP_EST_RED|dividend_pipe[29][36], ;
;                                                       ;                           ; disparity_estimator:DISP_EST_RED|dividend_pipe[30][37], ;
;                                                       ;                           ; disparity_estimator:DISP_EST_RED|dividend_pipe[31][38], ;
;                                                       ;                           ; disparity_estimator:DISP_EST_RED|dividend_pipe[32][39], ;
;                                                       ;                           ; disparity_estimator:DISP_EST_RED|dividend_pipe[33][40], ;
;                                                       ;                           ; disparity_estimator:DISP_EST_RED|dividend_pipe[34][41], ;
;                                                       ;                           ; disparity_estimator:DISP_EST_RED|dividend_pipe[35][42], ;
;                                                       ;                           ; disparity_estimator:DISP_EST_RED|dividend_pipe[36][43], ;
;                                                       ;                           ; disparity_estimator:DISP_EST_RED|dividend_pipe[37][44], ;
;                                                       ;                           ; disparity_estimator:DISP_EST_RED|dividend_pipe[38][45], ;
;                                                       ;                           ; disparity_estimator:DISP_EST_RED|dividend_pipe[39][46], ;
;                                                       ;                           ; disparity_estimator:DISP_EST_RED|dividend_pipe[40][47], ;
;                                                       ;                           ; disparity_estimator:DISP_EST_RED|dividend_pipe[41][48], ;
;                                                       ;                           ; disparity_estimator:DISP_EST_RED|dividend_pipe[42][49], ;
;                                                       ;                           ; disparity_estimator:DISP_EST_RED|dividend_pipe[43][50], ;
;                                                       ;                           ; disparity_estimator:DISP_EST_RED|dividend_pipe[44][51], ;
;                                                       ;                           ; disparity_estimator:DISP_EST_RED|dividend_pipe[45][52], ;
;                                                       ;                           ; disparity_estimator:DISP_EST_RED|dividend_pipe[46][53]  ;
; disparity_estimator:DISP_EST_RED|dividend_pipe[0][8]  ; Stuck at GND              ; disparity_estimator:DISP_EST_RED|dividend_pipe[1][9],   ;
;                                                       ; due to stuck port data_in ; disparity_estimator:DISP_EST_RED|dividend_pipe[2][10],  ;
;                                                       ;                           ; disparity_estimator:DISP_EST_RED|dividend_pipe[3][11],  ;
;                                                       ;                           ; disparity_estimator:DISP_EST_RED|dividend_pipe[4][12],  ;
;                                                       ;                           ; disparity_estimator:DISP_EST_RED|dividend_pipe[5][13],  ;
;                                                       ;                           ; disparity_estimator:DISP_EST_RED|dividend_pipe[6][14],  ;
;                                                       ;                           ; disparity_estimator:DISP_EST_RED|dividend_pipe[7][15],  ;
;                                                       ;                           ; disparity_estimator:DISP_EST_RED|dividend_pipe[8][16],  ;
;                                                       ;                           ; disparity_estimator:DISP_EST_RED|dividend_pipe[9][17],  ;
;                                                       ;                           ; disparity_estimator:DISP_EST_RED|dividend_pipe[10][18], ;
;                                                       ;                           ; disparity_estimator:DISP_EST_RED|dividend_pipe[11][19], ;
;                                                       ;                           ; disparity_estimator:DISP_EST_RED|dividend_pipe[12][20], ;
;                                                       ;                           ; disparity_estimator:DISP_EST_RED|dividend_pipe[13][21], ;
;                                                       ;                           ; disparity_estimator:DISP_EST_RED|dividend_pipe[14][22], ;
;                                                       ;                           ; disparity_estimator:DISP_EST_RED|dividend_pipe[15][23], ;
;                                                       ;                           ; disparity_estimator:DISP_EST_RED|dividend_pipe[16][24], ;
;                                                       ;                           ; disparity_estimator:DISP_EST_RED|dividend_pipe[17][25], ;
;                                                       ;                           ; disparity_estimator:DISP_EST_RED|dividend_pipe[18][26], ;
;                                                       ;                           ; disparity_estimator:DISP_EST_RED|dividend_pipe[19][27], ;
;                                                       ;                           ; disparity_estimator:DISP_EST_RED|dividend_pipe[20][28], ;
;                                                       ;                           ; disparity_estimator:DISP_EST_RED|dividend_pipe[21][29], ;
;                                                       ;                           ; disparity_estimator:DISP_EST_RED|dividend_pipe[22][30], ;
;                                                       ;                           ; disparity_estimator:DISP_EST_RED|dividend_pipe[23][31], ;
;                                                       ;                           ; disparity_estimator:DISP_EST_RED|dividend_pipe[24][32], ;
;                                                       ;                           ; disparity_estimator:DISP_EST_RED|dividend_pipe[25][33], ;
;                                                       ;                           ; disparity_estimator:DISP_EST_RED|dividend_pipe[26][34], ;
;                                                       ;                           ; disparity_estimator:DISP_EST_RED|dividend_pipe[27][35], ;
;                                                       ;                           ; disparity_estimator:DISP_EST_RED|dividend_pipe[28][36], ;
;                                                       ;                           ; disparity_estimator:DISP_EST_RED|dividend_pipe[29][37], ;
;                                                       ;                           ; disparity_estimator:DISP_EST_RED|dividend_pipe[30][38], ;
;                                                       ;                           ; disparity_estimator:DISP_EST_RED|dividend_pipe[31][39], ;
;                                                       ;                           ; disparity_estimator:DISP_EST_RED|dividend_pipe[32][40], ;
;                                                       ;                           ; disparity_estimator:DISP_EST_RED|dividend_pipe[33][41], ;
;                                                       ;                           ; disparity_estimator:DISP_EST_RED|dividend_pipe[34][42], ;
;                                                       ;                           ; disparity_estimator:DISP_EST_RED|dividend_pipe[35][43], ;
;                                                       ;                           ; disparity_estimator:DISP_EST_RED|dividend_pipe[36][44], ;
;                                                       ;                           ; disparity_estimator:DISP_EST_RED|dividend_pipe[37][45], ;
;                                                       ;                           ; disparity_estimator:DISP_EST_RED|dividend_pipe[38][46], ;
;                                                       ;                           ; disparity_estimator:DISP_EST_RED|dividend_pipe[39][47], ;
;                                                       ;                           ; disparity_estimator:DISP_EST_RED|dividend_pipe[40][48], ;
;                                                       ;                           ; disparity_estimator:DISP_EST_RED|dividend_pipe[41][49], ;
;                                                       ;                           ; disparity_estimator:DISP_EST_RED|dividend_pipe[42][50], ;
;                                                       ;                           ; disparity_estimator:DISP_EST_RED|dividend_pipe[43][51], ;
;                                                       ;                           ; disparity_estimator:DISP_EST_RED|dividend_pipe[44][52], ;
;                                                       ;                           ; disparity_estimator:DISP_EST_RED|dividend_pipe[45][53]  ;
; fused_aligned_output:FAO_RED|trim_pixels_s0[0]        ; Stuck at GND              ; fused_aligned_output:FAO_RED|trim_pixels_2d[0],         ;
;                                                       ; due to stuck port data_in ; fused_aligned_output:FAO_RED|trim_pixels_3d[0],         ;
;                                                       ;                           ; fused_aligned_output:FAO_RED|trim_pixels_4d[0],         ;
;                                                       ;                           ; fused_aligned_output:FAO_RED|trim_pixels_pipe[0][0],    ;
;                                                       ;                           ; fused_aligned_output:FAO_RED|trim_pixels_pipe[1][0],    ;
;                                                       ;                           ; fused_aligned_output:FAO_RED|trim_pixels_pipe[2][0],    ;
;                                                       ;                           ; fused_aligned_output:FAO_RED|trim_pixels_pipe[3][0],    ;
;                                                       ;                           ; fused_aligned_output:FAO_RED|trim_pixels_pipe[4][0],    ;
;                                                       ;                           ; fused_aligned_output:FAO_RED|trim_pixels_pipe[5][0],    ;
;                                                       ;                           ; fused_aligned_output:FAO_RED|trim_pixels_pipe[6][0],    ;
;                                                       ;                           ; fused_aligned_output:FAO_RED|trim_pixels_pipe[7][0],    ;
;                                                       ;                           ; fused_aligned_output:FAO_RED|trim_pixels_pipe[8][0],    ;
;                                                       ;                           ; fused_aligned_output:FAO_RED|trim_pixels_pipe[9][0],    ;
;                                                       ;                           ; fused_aligned_output:FAO_RED|trim_pixels_pipe[10][0],   ;
;                                                       ;                           ; fused_aligned_output:FAO_RED|trim_pixels_pipe[11][0],   ;
;                                                       ;                           ; fused_aligned_output:FAO_RED|trim_pixels_pipe[12][0],   ;
;                                                       ;                           ; fused_aligned_output:FAO_RED|trim_pixels_pipe[13][0],   ;
;                                                       ;                           ; fused_aligned_output:FAO_RED|trim_pixels_pipe[14][0],   ;
;                                                       ;                           ; fused_aligned_output:FAO_RED|trim_pixels_pipe[15][0],   ;
;                                                       ;                           ; fused_aligned_output:FAO_RED|trim_pixels_pipe[16][0],   ;
;                                                       ;                           ; fused_aligned_output:FAO_RED|trim_pixels_pipe[17][0],   ;
;                                                       ;                           ; fused_aligned_output:FAO_RED|trim_pixels_pipe[18][0],   ;
;                                                       ;                           ; fused_aligned_output:FAO_RED|trim_pixels_pipe[19][0],   ;
;                                                       ;                           ; fused_aligned_output:FAO_RED|trim_pixels_pipe[20][0],   ;
;                                                       ;                           ; fused_aligned_output:FAO_RED|trim_pixels_pipe[21][0],   ;
;                                                       ;                           ; fused_aligned_output:FAO_RED|trim_pixels_pipe[22][0],   ;
;                                                       ;                           ; fused_aligned_output:FAO_RED|trim_pixels_pipe[23][0],   ;
;                                                       ;                           ; fused_aligned_output:FAO_RED|trim_pixels_pipe[24][0],   ;
;                                                       ;                           ; fused_aligned_output:FAO_RED|trim_pixels_pipe[25][0],   ;
;                                                       ;                           ; fused_aligned_output:FAO_RED|trim_pixels_pipe[26][0],   ;
;                                                       ;                           ; fused_aligned_output:FAO_RED|trim_pixels_pipe[27][0],   ;
;                                                       ;                           ; fused_aligned_output:FAO_RED|trim_pixels_pipe[28][0],   ;
;                                                       ;                           ; fused_aligned_output:FAO_RED|trim_pixels_pipe[29][0],   ;
;                                                       ;                           ; fused_aligned_output:FAO_RED|trim_pixels_pipe[30][0],   ;
;                                                       ;                           ; fused_aligned_output:FAO_RED|trim_pixels_pipe[31][0],   ;
;                                                       ;                           ; fused_aligned_output:FAO_RED|trim_pixels_pipe[32][0],   ;
;                                                       ;                           ; fused_aligned_output:FAO_RED|trim_pixels_pipe[33][0],   ;
;                                                       ;                           ; fused_aligned_output:FAO_RED|trim_pixels_pipe[34][0],   ;
;                                                       ;                           ; fused_aligned_output:FAO_RED|trim_pixels_pipe[35][0],   ;
;                                                       ;                           ; fused_aligned_output:FAO_RED|trim_pixels_pipe[36][0],   ;
;                                                       ;                           ; fused_aligned_output:FAO_RED|trim_pixels_pipe[37][0],   ;
;                                                       ;                           ; fused_aligned_output:FAO_RED|trim_pixels_pipe[38][0],   ;
;                                                       ;                           ; fused_aligned_output:FAO_RED|trim_pixels_pipe[39][0],   ;
;                                                       ;                           ; fused_aligned_output:FAO_RED|trim_pixels_pipe[40][0]    ;
; disparity_estimator:DISP_EST_RED|dividend_pipe[0][9]  ; Stuck at GND              ; disparity_estimator:DISP_EST_RED|dividend_pipe[1][10],  ;
;                                                       ; due to stuck port data_in ; disparity_estimator:DISP_EST_RED|dividend_pipe[2][11],  ;
;                                                       ;                           ; disparity_estimator:DISP_EST_RED|dividend_pipe[3][12],  ;
;                                                       ;                           ; disparity_estimator:DISP_EST_RED|dividend_pipe[4][13],  ;
;                                                       ;                           ; disparity_estimator:DISP_EST_RED|dividend_pipe[5][14],  ;
;                                                       ;                           ; disparity_estimator:DISP_EST_RED|dividend_pipe[6][15],  ;
;                                                       ;                           ; disparity_estimator:DISP_EST_RED|dividend_pipe[7][16],  ;
;                                                       ;                           ; disparity_estimator:DISP_EST_RED|dividend_pipe[8][17],  ;
;                                                       ;                           ; disparity_estimator:DISP_EST_RED|dividend_pipe[9][18],  ;
;                                                       ;                           ; disparity_estimator:DISP_EST_RED|dividend_pipe[10][19], ;
;                                                       ;                           ; disparity_estimator:DISP_EST_RED|dividend_pipe[11][20], ;
;                                                       ;                           ; disparity_estimator:DISP_EST_RED|dividend_pipe[12][21], ;
;                                                       ;                           ; disparity_estimator:DISP_EST_RED|dividend_pipe[13][22], ;
;                                                       ;                           ; disparity_estimator:DISP_EST_RED|dividend_pipe[14][23], ;
;                                                       ;                           ; disparity_estimator:DISP_EST_RED|dividend_pipe[15][24], ;
;                                                       ;                           ; disparity_estimator:DISP_EST_RED|dividend_pipe[16][25], ;
;                                                       ;                           ; disparity_estimator:DISP_EST_RED|dividend_pipe[17][26], ;
;                                                       ;                           ; disparity_estimator:DISP_EST_RED|dividend_pipe[18][27], ;
;                                                       ;                           ; disparity_estimator:DISP_EST_RED|dividend_pipe[19][28], ;
;                                                       ;                           ; disparity_estimator:DISP_EST_RED|dividend_pipe[20][29], ;
;                                                       ;                           ; disparity_estimator:DISP_EST_RED|dividend_pipe[21][30], ;
;                                                       ;                           ; disparity_estimator:DISP_EST_RED|dividend_pipe[22][31], ;
;                                                       ;                           ; disparity_estimator:DISP_EST_RED|dividend_pipe[23][32], ;
;                                                       ;                           ; disparity_estimator:DISP_EST_RED|dividend_pipe[24][33], ;
;                                                       ;                           ; disparity_estimator:DISP_EST_RED|dividend_pipe[25][34], ;
;                                                       ;                           ; disparity_estimator:DISP_EST_RED|dividend_pipe[26][35], ;
;                                                       ;                           ; disparity_estimator:DISP_EST_RED|dividend_pipe[27][36], ;
;                                                       ;                           ; disparity_estimator:DISP_EST_RED|dividend_pipe[28][37], ;
;                                                       ;                           ; disparity_estimator:DISP_EST_RED|dividend_pipe[29][38], ;
;                                                       ;                           ; disparity_estimator:DISP_EST_RED|dividend_pipe[30][39], ;
;                                                       ;                           ; disparity_estimator:DISP_EST_RED|dividend_pipe[31][40], ;
;                                                       ;                           ; disparity_estimator:DISP_EST_RED|dividend_pipe[32][41], ;
;                                                       ;                           ; disparity_estimator:DISP_EST_RED|dividend_pipe[33][42], ;
;                                                       ;                           ; disparity_estimator:DISP_EST_RED|dividend_pipe[34][43], ;
;                                                       ;                           ; disparity_estimator:DISP_EST_RED|dividend_pipe[35][44], ;
;                                                       ;                           ; disparity_estimator:DISP_EST_RED|dividend_pipe[36][45], ;
;                                                       ;                           ; disparity_estimator:DISP_EST_RED|dividend_pipe[37][46], ;
;                                                       ;                           ; disparity_estimator:DISP_EST_RED|dividend_pipe[38][47], ;
;                                                       ;                           ; disparity_estimator:DISP_EST_RED|dividend_pipe[39][48], ;
;                                                       ;                           ; disparity_estimator:DISP_EST_RED|dividend_pipe[40][49], ;
;                                                       ;                           ; disparity_estimator:DISP_EST_RED|dividend_pipe[41][50], ;
;                                                       ;                           ; disparity_estimator:DISP_EST_RED|dividend_pipe[42][51], ;
;                                                       ;                           ; disparity_estimator:DISP_EST_RED|dividend_pipe[43][52], ;
;                                                       ;                           ; disparity_estimator:DISP_EST_RED|dividend_pipe[44][53]  ;
; fused_aligned_output:FAO_RED|max_valid_idx_s0[2]      ; Stuck at GND              ; fused_aligned_output:FAO_RED|max_valid_idx_2d[2],       ;
;                                                       ; due to stuck port data_in ; fused_aligned_output:FAO_RED|max_valid_idx_3d[2],       ;
;                                                       ;                           ; fused_aligned_output:FAO_RED|max_valid_idx_4d[2],       ;
;                                                       ;                           ; fused_aligned_output:FAO_RED|max_valid_idx_pipe[0][2],  ;
;                                                       ;                           ; fused_aligned_output:FAO_RED|max_valid_idx_pipe[1][2],  ;
;                                                       ;                           ; fused_aligned_output:FAO_RED|max_valid_idx_pipe[2][2],  ;
;                                                       ;                           ; fused_aligned_output:FAO_RED|max_valid_idx_pipe[3][2],  ;
;                                                       ;                           ; fused_aligned_output:FAO_RED|max_valid_idx_pipe[4][2],  ;
;                                                       ;                           ; fused_aligned_output:FAO_RED|max_valid_idx_pipe[5][2],  ;
;                                                       ;                           ; fused_aligned_output:FAO_RED|max_valid_idx_pipe[6][2],  ;
;                                                       ;                           ; fused_aligned_output:FAO_RED|max_valid_idx_pipe[7][2],  ;
;                                                       ;                           ; fused_aligned_output:FAO_RED|max_valid_idx_pipe[8][2],  ;
;                                                       ;                           ; fused_aligned_output:FAO_RED|max_valid_idx_pipe[9][2],  ;
;                                                       ;                           ; fused_aligned_output:FAO_RED|max_valid_idx_pipe[10][2], ;
;                                                       ;                           ; fused_aligned_output:FAO_RED|max_valid_idx_pipe[11][2], ;
;                                                       ;                           ; fused_aligned_output:FAO_RED|max_valid_idx_pipe[12][2], ;
;                                                       ;                           ; fused_aligned_output:FAO_RED|max_valid_idx_pipe[13][2], ;
;                                                       ;                           ; fused_aligned_output:FAO_RED|max_valid_idx_pipe[14][2], ;
;                                                       ;                           ; fused_aligned_output:FAO_RED|max_valid_idx_pipe[15][2], ;
;                                                       ;                           ; fused_aligned_output:FAO_RED|max_valid_idx_pipe[16][2], ;
;                                                       ;                           ; fused_aligned_output:FAO_RED|max_valid_idx_pipe[17][2], ;
;                                                       ;                           ; fused_aligned_output:FAO_RED|max_valid_idx_pipe[18][2], ;
;                                                       ;                           ; fused_aligned_output:FAO_RED|max_valid_idx_pipe[19][2], ;
;                                                       ;                           ; fused_aligned_output:FAO_RED|max_valid_idx_pipe[20][2], ;
;                                                       ;                           ; fused_aligned_output:FAO_RED|max_valid_idx_pipe[21][2], ;
;                                                       ;                           ; fused_aligned_output:FAO_RED|max_valid_idx_pipe[22][2], ;
;                                                       ;                           ; fused_aligned_output:FAO_RED|max_valid_idx_pipe[23][2], ;
;                                                       ;                           ; fused_aligned_output:FAO_RED|max_valid_idx_pipe[24][2], ;
;                                                       ;                           ; fused_aligned_output:FAO_RED|max_valid_idx_pipe[25][2], ;
;                                                       ;                           ; fused_aligned_output:FAO_RED|max_valid_idx_pipe[26][2], ;
;                                                       ;                           ; fused_aligned_output:FAO_RED|max_valid_idx_pipe[27][2], ;
;                                                       ;                           ; fused_aligned_output:FAO_RED|max_valid_idx_pipe[28][2], ;
;                                                       ;                           ; fused_aligned_output:FAO_RED|max_valid_idx_pipe[29][2], ;
;                                                       ;                           ; fused_aligned_output:FAO_RED|max_valid_idx_pipe[30][2], ;
;                                                       ;                           ; fused_aligned_output:FAO_RED|max_valid_idx_pipe[31][2], ;
;                                                       ;                           ; fused_aligned_output:FAO_RED|max_valid_idx_pipe[32][2], ;
;                                                       ;                           ; fused_aligned_output:FAO_RED|max_valid_idx_pipe[33][2], ;
;                                                       ;                           ; fused_aligned_output:FAO_RED|max_valid_idx_pipe[34][2], ;
;                                                       ;                           ; fused_aligned_output:FAO_RED|max_valid_idx_pipe[35][2], ;
;                                                       ;                           ; fused_aligned_output:FAO_RED|max_valid_idx_pipe[36][2], ;
;                                                       ;                           ; fused_aligned_output:FAO_RED|max_valid_idx_pipe[37][2], ;
;                                                       ;                           ; fused_aligned_output:FAO_RED|max_valid_idx_pipe[38][2], ;
;                                                       ;                           ; fused_aligned_output:FAO_RED|max_valid_idx_pipe[39][2], ;
;                                                       ;                           ; fused_aligned_output:FAO_RED|max_valid_idx_pipe[40][2]  ;
; fused_aligned_output:FAO_RED|trim_pixels_s0[1]        ; Stuck at GND              ; fused_aligned_output:FAO_RED|trim_pixels_2d[1],         ;
;                                                       ; due to stuck port data_in ; fused_aligned_output:FAO_RED|trim_pixels_3d[1],         ;
;                                                       ;                           ; fused_aligned_output:FAO_RED|trim_pixels_4d[1],         ;
;                                                       ;                           ; fused_aligned_output:FAO_RED|trim_pixels_pipe[0][1],    ;
;                                                       ;                           ; fused_aligned_output:FAO_RED|trim_pixels_pipe[1][1],    ;
;                                                       ;                           ; fused_aligned_output:FAO_RED|trim_pixels_pipe[2][1],    ;
;                                                       ;                           ; fused_aligned_output:FAO_RED|trim_pixels_pipe[3][1],    ;
;                                                       ;                           ; fused_aligned_output:FAO_RED|trim_pixels_pipe[4][1],    ;
;                                                       ;                           ; fused_aligned_output:FAO_RED|trim_pixels_pipe[5][1],    ;
;                                                       ;                           ; fused_aligned_output:FAO_RED|trim_pixels_pipe[6][1],    ;
;                                                       ;                           ; fused_aligned_output:FAO_RED|trim_pixels_pipe[7][1],    ;
;                                                       ;                           ; fused_aligned_output:FAO_RED|trim_pixels_pipe[8][1],    ;
;                                                       ;                           ; fused_aligned_output:FAO_RED|trim_pixels_pipe[9][1],    ;
;                                                       ;                           ; fused_aligned_output:FAO_RED|trim_pixels_pipe[10][1],   ;
;                                                       ;                           ; fused_aligned_output:FAO_RED|trim_pixels_pipe[11][1],   ;
;                                                       ;                           ; fused_aligned_output:FAO_RED|trim_pixels_pipe[12][1],   ;
;                                                       ;                           ; fused_aligned_output:FAO_RED|trim_pixels_pipe[13][1],   ;
;                                                       ;                           ; fused_aligned_output:FAO_RED|trim_pixels_pipe[14][1],   ;
;                                                       ;                           ; fused_aligned_output:FAO_RED|trim_pixels_pipe[15][1],   ;
;                                                       ;                           ; fused_aligned_output:FAO_RED|trim_pixels_pipe[16][1],   ;
;                                                       ;                           ; fused_aligned_output:FAO_RED|trim_pixels_pipe[17][1],   ;
;                                                       ;                           ; fused_aligned_output:FAO_RED|trim_pixels_pipe[18][1],   ;
;                                                       ;                           ; fused_aligned_output:FAO_RED|trim_pixels_pipe[19][1],   ;
;                                                       ;                           ; fused_aligned_output:FAO_RED|trim_pixels_pipe[20][1],   ;
;                                                       ;                           ; fused_aligned_output:FAO_RED|trim_pixels_pipe[21][1],   ;
;                                                       ;                           ; fused_aligned_output:FAO_RED|trim_pixels_pipe[22][1],   ;
;                                                       ;                           ; fused_aligned_output:FAO_RED|trim_pixels_pipe[23][1],   ;
;                                                       ;                           ; fused_aligned_output:FAO_RED|trim_pixels_pipe[24][1],   ;
;                                                       ;                           ; fused_aligned_output:FAO_RED|trim_pixels_pipe[25][1],   ;
;                                                       ;                           ; fused_aligned_output:FAO_RED|trim_pixels_pipe[26][1],   ;
;                                                       ;                           ; fused_aligned_output:FAO_RED|trim_pixels_pipe[27][1],   ;
;                                                       ;                           ; fused_aligned_output:FAO_RED|trim_pixels_pipe[28][1],   ;
;                                                       ;                           ; fused_aligned_output:FAO_RED|trim_pixels_pipe[29][1],   ;
;                                                       ;                           ; fused_aligned_output:FAO_RED|trim_pixels_pipe[30][1],   ;
;                                                       ;                           ; fused_aligned_output:FAO_RED|trim_pixels_pipe[31][1],   ;
;                                                       ;                           ; fused_aligned_output:FAO_RED|trim_pixels_pipe[32][1],   ;
;                                                       ;                           ; fused_aligned_output:FAO_RED|trim_pixels_pipe[33][1],   ;
;                                                       ;                           ; fused_aligned_output:FAO_RED|trim_pixels_pipe[34][1],   ;
;                                                       ;                           ; fused_aligned_output:FAO_RED|trim_pixels_pipe[35][1],   ;
;                                                       ;                           ; fused_aligned_output:FAO_RED|trim_pixels_pipe[36][1],   ;
;                                                       ;                           ; fused_aligned_output:FAO_RED|trim_pixels_pipe[37][1],   ;
;                                                       ;                           ; fused_aligned_output:FAO_RED|trim_pixels_pipe[38][1],   ;
;                                                       ;                           ; fused_aligned_output:FAO_RED|trim_pixels_pipe[39][1],   ;
;                                                       ;                           ; fused_aligned_output:FAO_RED|trim_pixels_pipe[40][1]    ;
; fused_aligned_output:FAO_RED|trim_pixels_s0[3]        ; Stuck at GND              ; fused_aligned_output:FAO_RED|trim_pixels_2d[3],         ;
;                                                       ; due to stuck port data_in ; fused_aligned_output:FAO_RED|trim_pixels_3d[3],         ;
;                                                       ;                           ; fused_aligned_output:FAO_RED|trim_pixels_4d[3],         ;
;                                                       ;                           ; fused_aligned_output:FAO_RED|trim_pixels_pipe[0][3],    ;
;                                                       ;                           ; fused_aligned_output:FAO_RED|trim_pixels_pipe[1][3],    ;
;                                                       ;                           ; fused_aligned_output:FAO_RED|trim_pixels_pipe[2][3],    ;
;                                                       ;                           ; fused_aligned_output:FAO_RED|trim_pixels_pipe[3][3],    ;
;                                                       ;                           ; fused_aligned_output:FAO_RED|trim_pixels_pipe[4][3],    ;
;                                                       ;                           ; fused_aligned_output:FAO_RED|trim_pixels_pipe[5][3],    ;
;                                                       ;                           ; fused_aligned_output:FAO_RED|trim_pixels_pipe[6][3],    ;
;                                                       ;                           ; fused_aligned_output:FAO_RED|trim_pixels_pipe[7][3],    ;
;                                                       ;                           ; fused_aligned_output:FAO_RED|trim_pixels_pipe[8][3],    ;
;                                                       ;                           ; fused_aligned_output:FAO_RED|trim_pixels_pipe[9][3],    ;
;                                                       ;                           ; fused_aligned_output:FAO_RED|trim_pixels_pipe[10][3],   ;
;                                                       ;                           ; fused_aligned_output:FAO_RED|trim_pixels_pipe[11][3],   ;
;                                                       ;                           ; fused_aligned_output:FAO_RED|trim_pixels_pipe[12][3],   ;
;                                                       ;                           ; fused_aligned_output:FAO_RED|trim_pixels_pipe[13][3],   ;
;                                                       ;                           ; fused_aligned_output:FAO_RED|trim_pixels_pipe[14][3],   ;
;                                                       ;                           ; fused_aligned_output:FAO_RED|trim_pixels_pipe[15][3],   ;
;                                                       ;                           ; fused_aligned_output:FAO_RED|trim_pixels_pipe[16][3],   ;
;                                                       ;                           ; fused_aligned_output:FAO_RED|trim_pixels_pipe[17][3],   ;
;                                                       ;                           ; fused_aligned_output:FAO_RED|trim_pixels_pipe[18][3],   ;
;                                                       ;                           ; fused_aligned_output:FAO_RED|trim_pixels_pipe[19][3],   ;
;                                                       ;                           ; fused_aligned_output:FAO_RED|trim_pixels_pipe[20][3],   ;
;                                                       ;                           ; fused_aligned_output:FAO_RED|trim_pixels_pipe[21][3],   ;
;                                                       ;                           ; fused_aligned_output:FAO_RED|trim_pixels_pipe[22][3],   ;
;                                                       ;                           ; fused_aligned_output:FAO_RED|trim_pixels_pipe[23][3],   ;
;                                                       ;                           ; fused_aligned_output:FAO_RED|trim_pixels_pipe[24][3],   ;
;                                                       ;                           ; fused_aligned_output:FAO_RED|trim_pixels_pipe[25][3],   ;
;                                                       ;                           ; fused_aligned_output:FAO_RED|trim_pixels_pipe[26][3],   ;
;                                                       ;                           ; fused_aligned_output:FAO_RED|trim_pixels_pipe[27][3],   ;
;                                                       ;                           ; fused_aligned_output:FAO_RED|trim_pixels_pipe[28][3],   ;
;                                                       ;                           ; fused_aligned_output:FAO_RED|trim_pixels_pipe[29][3],   ;
;                                                       ;                           ; fused_aligned_output:FAO_RED|trim_pixels_pipe[30][3],   ;
;                                                       ;                           ; fused_aligned_output:FAO_RED|trim_pixels_pipe[31][3],   ;
;                                                       ;                           ; fused_aligned_output:FAO_RED|trim_pixels_pipe[32][3],   ;
;                                                       ;                           ; fused_aligned_output:FAO_RED|trim_pixels_pipe[33][3],   ;
;                                                       ;                           ; fused_aligned_output:FAO_RED|trim_pixels_pipe[34][3],   ;
;                                                       ;                           ; fused_aligned_output:FAO_RED|trim_pixels_pipe[35][3],   ;
;                                                       ;                           ; fused_aligned_output:FAO_RED|trim_pixels_pipe[36][3],   ;
;                                                       ;                           ; fused_aligned_output:FAO_RED|trim_pixels_pipe[37][3],   ;
;                                                       ;                           ; fused_aligned_output:FAO_RED|trim_pixels_pipe[38][3],   ;
;                                                       ;                           ; fused_aligned_output:FAO_RED|trim_pixels_pipe[39][3],   ;
;                                                       ;                           ; fused_aligned_output:FAO_RED|trim_pixels_pipe[40][3]    ;
; fused_aligned_output:FAO_RED|trim_pixels_s0[4]        ; Stuck at GND              ; fused_aligned_output:FAO_RED|trim_pixels_2d[4],         ;
;                                                       ; due to stuck port data_in ; fused_aligned_output:FAO_RED|trim_pixels_3d[4],         ;
;                                                       ;                           ; fused_aligned_output:FAO_RED|trim_pixels_4d[4],         ;
;                                                       ;                           ; fused_aligned_output:FAO_RED|trim_pixels_pipe[0][4],    ;
;                                                       ;                           ; fused_aligned_output:FAO_RED|trim_pixels_pipe[1][4],    ;
;                                                       ;                           ; fused_aligned_output:FAO_RED|trim_pixels_pipe[2][4],    ;
;                                                       ;                           ; fused_aligned_output:FAO_RED|trim_pixels_pipe[3][4],    ;
;                                                       ;                           ; fused_aligned_output:FAO_RED|trim_pixels_pipe[4][4],    ;
;                                                       ;                           ; fused_aligned_output:FAO_RED|trim_pixels_pipe[5][4],    ;
;                                                       ;                           ; fused_aligned_output:FAO_RED|trim_pixels_pipe[6][4],    ;
;                                                       ;                           ; fused_aligned_output:FAO_RED|trim_pixels_pipe[7][4],    ;
;                                                       ;                           ; fused_aligned_output:FAO_RED|trim_pixels_pipe[8][4],    ;
;                                                       ;                           ; fused_aligned_output:FAO_RED|trim_pixels_pipe[9][4],    ;
;                                                       ;                           ; fused_aligned_output:FAO_RED|trim_pixels_pipe[10][4],   ;
;                                                       ;                           ; fused_aligned_output:FAO_RED|trim_pixels_pipe[11][4],   ;
;                                                       ;                           ; fused_aligned_output:FAO_RED|trim_pixels_pipe[12][4],   ;
;                                                       ;                           ; fused_aligned_output:FAO_RED|trim_pixels_pipe[13][4],   ;
;                                                       ;                           ; fused_aligned_output:FAO_RED|trim_pixels_pipe[14][4],   ;
;                                                       ;                           ; fused_aligned_output:FAO_RED|trim_pixels_pipe[15][4],   ;
;                                                       ;                           ; fused_aligned_output:FAO_RED|trim_pixels_pipe[16][4],   ;
;                                                       ;                           ; fused_aligned_output:FAO_RED|trim_pixels_pipe[17][4],   ;
;                                                       ;                           ; fused_aligned_output:FAO_RED|trim_pixels_pipe[18][4],   ;
;                                                       ;                           ; fused_aligned_output:FAO_RED|trim_pixels_pipe[19][4],   ;
;                                                       ;                           ; fused_aligned_output:FAO_RED|trim_pixels_pipe[20][4],   ;
;                                                       ;                           ; fused_aligned_output:FAO_RED|trim_pixels_pipe[21][4],   ;
;                                                       ;                           ; fused_aligned_output:FAO_RED|trim_pixels_pipe[22][4],   ;
;                                                       ;                           ; fused_aligned_output:FAO_RED|trim_pixels_pipe[23][4],   ;
;                                                       ;                           ; fused_aligned_output:FAO_RED|trim_pixels_pipe[24][4],   ;
;                                                       ;                           ; fused_aligned_output:FAO_RED|trim_pixels_pipe[25][4],   ;
;                                                       ;                           ; fused_aligned_output:FAO_RED|trim_pixels_pipe[26][4],   ;
;                                                       ;                           ; fused_aligned_output:FAO_RED|trim_pixels_pipe[27][4],   ;
;                                                       ;                           ; fused_aligned_output:FAO_RED|trim_pixels_pipe[28][4],   ;
;                                                       ;                           ; fused_aligned_output:FAO_RED|trim_pixels_pipe[29][4],   ;
;                                                       ;                           ; fused_aligned_output:FAO_RED|trim_pixels_pipe[30][4],   ;
;                                                       ;                           ; fused_aligned_output:FAO_RED|trim_pixels_pipe[31][4],   ;
;                                                       ;                           ; fused_aligned_output:FAO_RED|trim_pixels_pipe[32][4],   ;
;                                                       ;                           ; fused_aligned_output:FAO_RED|trim_pixels_pipe[33][4],   ;
;                                                       ;                           ; fused_aligned_output:FAO_RED|trim_pixels_pipe[34][4],   ;
;                                                       ;                           ; fused_aligned_output:FAO_RED|trim_pixels_pipe[35][4],   ;
;                                                       ;                           ; fused_aligned_output:FAO_RED|trim_pixels_pipe[36][4],   ;
;                                                       ;                           ; fused_aligned_output:FAO_RED|trim_pixels_pipe[37][4],   ;
;                                                       ;                           ; fused_aligned_output:FAO_RED|trim_pixels_pipe[38][4],   ;
;                                                       ;                           ; fused_aligned_output:FAO_RED|trim_pixels_pipe[39][4],   ;
;                                                       ;                           ; fused_aligned_output:FAO_RED|trim_pixels_pipe[40][4]    ;
; fused_aligned_output:FAO_RED|trim_pixels_s0[5]        ; Stuck at GND              ; fused_aligned_output:FAO_RED|trim_pixels_2d[5],         ;
;                                                       ; due to stuck port data_in ; fused_aligned_output:FAO_RED|trim_pixels_3d[5],         ;
;                                                       ;                           ; fused_aligned_output:FAO_RED|trim_pixels_4d[5],         ;
;                                                       ;                           ; fused_aligned_output:FAO_RED|trim_pixels_pipe[0][5],    ;
;                                                       ;                           ; fused_aligned_output:FAO_RED|trim_pixels_pipe[1][5],    ;
;                                                       ;                           ; fused_aligned_output:FAO_RED|trim_pixels_pipe[2][5],    ;
;                                                       ;                           ; fused_aligned_output:FAO_RED|trim_pixels_pipe[3][5],    ;
;                                                       ;                           ; fused_aligned_output:FAO_RED|trim_pixels_pipe[4][5],    ;
;                                                       ;                           ; fused_aligned_output:FAO_RED|trim_pixels_pipe[5][5],    ;
;                                                       ;                           ; fused_aligned_output:FAO_RED|trim_pixels_pipe[6][5],    ;
;                                                       ;                           ; fused_aligned_output:FAO_RED|trim_pixels_pipe[7][5],    ;
;                                                       ;                           ; fused_aligned_output:FAO_RED|trim_pixels_pipe[8][5],    ;
;                                                       ;                           ; fused_aligned_output:FAO_RED|trim_pixels_pipe[9][5],    ;
;                                                       ;                           ; fused_aligned_output:FAO_RED|trim_pixels_pipe[10][5],   ;
;                                                       ;                           ; fused_aligned_output:FAO_RED|trim_pixels_pipe[11][5],   ;
;                                                       ;                           ; fused_aligned_output:FAO_RED|trim_pixels_pipe[12][5],   ;
;                                                       ;                           ; fused_aligned_output:FAO_RED|trim_pixels_pipe[13][5],   ;
;                                                       ;                           ; fused_aligned_output:FAO_RED|trim_pixels_pipe[14][5],   ;
;                                                       ;                           ; fused_aligned_output:FAO_RED|trim_pixels_pipe[15][5],   ;
;                                                       ;                           ; fused_aligned_output:FAO_RED|trim_pixels_pipe[16][5],   ;
;                                                       ;                           ; fused_aligned_output:FAO_RED|trim_pixels_pipe[17][5],   ;
;                                                       ;                           ; fused_aligned_output:FAO_RED|trim_pixels_pipe[18][5],   ;
;                                                       ;                           ; fused_aligned_output:FAO_RED|trim_pixels_pipe[19][5],   ;
;                                                       ;                           ; fused_aligned_output:FAO_RED|trim_pixels_pipe[20][5],   ;
;                                                       ;                           ; fused_aligned_output:FAO_RED|trim_pixels_pipe[21][5],   ;
;                                                       ;                           ; fused_aligned_output:FAO_RED|trim_pixels_pipe[22][5],   ;
;                                                       ;                           ; fused_aligned_output:FAO_RED|trim_pixels_pipe[23][5],   ;
;                                                       ;                           ; fused_aligned_output:FAO_RED|trim_pixels_pipe[24][5],   ;
;                                                       ;                           ; fused_aligned_output:FAO_RED|trim_pixels_pipe[25][5],   ;
;                                                       ;                           ; fused_aligned_output:FAO_RED|trim_pixels_pipe[26][5],   ;
;                                                       ;                           ; fused_aligned_output:FAO_RED|trim_pixels_pipe[27][5],   ;
;                                                       ;                           ; fused_aligned_output:FAO_RED|trim_pixels_pipe[28][5],   ;
;                                                       ;                           ; fused_aligned_output:FAO_RED|trim_pixels_pipe[29][5],   ;
;                                                       ;                           ; fused_aligned_output:FAO_RED|trim_pixels_pipe[30][5],   ;
;                                                       ;                           ; fused_aligned_output:FAO_RED|trim_pixels_pipe[31][5],   ;
;                                                       ;                           ; fused_aligned_output:FAO_RED|trim_pixels_pipe[32][5],   ;
;                                                       ;                           ; fused_aligned_output:FAO_RED|trim_pixels_pipe[33][5],   ;
;                                                       ;                           ; fused_aligned_output:FAO_RED|trim_pixels_pipe[34][5],   ;
;                                                       ;                           ; fused_aligned_output:FAO_RED|trim_pixels_pipe[35][5],   ;
;                                                       ;                           ; fused_aligned_output:FAO_RED|trim_pixels_pipe[36][5],   ;
;                                                       ;                           ; fused_aligned_output:FAO_RED|trim_pixels_pipe[37][5],   ;
;                                                       ;                           ; fused_aligned_output:FAO_RED|trim_pixels_pipe[38][5],   ;
;                                                       ;                           ; fused_aligned_output:FAO_RED|trim_pixels_pipe[39][5],   ;
;                                                       ;                           ; fused_aligned_output:FAO_RED|trim_pixels_pipe[40][5]    ;
; fused_aligned_output:FAO_RED|trim_pixels_s0[6]        ; Stuck at GND              ; fused_aligned_output:FAO_RED|trim_pixels_2d[6],         ;
;                                                       ; due to stuck port data_in ; fused_aligned_output:FAO_RED|trim_pixels_3d[6],         ;
;                                                       ;                           ; fused_aligned_output:FAO_RED|trim_pixels_4d[6],         ;
;                                                       ;                           ; fused_aligned_output:FAO_RED|trim_pixels_pipe[0][6],    ;
;                                                       ;                           ; fused_aligned_output:FAO_RED|trim_pixels_pipe[1][6],    ;
;                                                       ;                           ; fused_aligned_output:FAO_RED|trim_pixels_pipe[2][6],    ;
;                                                       ;                           ; fused_aligned_output:FAO_RED|trim_pixels_pipe[3][6],    ;
;                                                       ;                           ; fused_aligned_output:FAO_RED|trim_pixels_pipe[4][6],    ;
;                                                       ;                           ; fused_aligned_output:FAO_RED|trim_pixels_pipe[5][6],    ;
;                                                       ;                           ; fused_aligned_output:FAO_RED|trim_pixels_pipe[6][6],    ;
;                                                       ;                           ; fused_aligned_output:FAO_RED|trim_pixels_pipe[7][6],    ;
;                                                       ;                           ; fused_aligned_output:FAO_RED|trim_pixels_pipe[8][6],    ;
;                                                       ;                           ; fused_aligned_output:FAO_RED|trim_pixels_pipe[9][6],    ;
;                                                       ;                           ; fused_aligned_output:FAO_RED|trim_pixels_pipe[10][6],   ;
;                                                       ;                           ; fused_aligned_output:FAO_RED|trim_pixels_pipe[11][6],   ;
;                                                       ;                           ; fused_aligned_output:FAO_RED|trim_pixels_pipe[12][6],   ;
;                                                       ;                           ; fused_aligned_output:FAO_RED|trim_pixels_pipe[13][6],   ;
;                                                       ;                           ; fused_aligned_output:FAO_RED|trim_pixels_pipe[14][6],   ;
;                                                       ;                           ; fused_aligned_output:FAO_RED|trim_pixels_pipe[15][6],   ;
;                                                       ;                           ; fused_aligned_output:FAO_RED|trim_pixels_pipe[16][6],   ;
;                                                       ;                           ; fused_aligned_output:FAO_RED|trim_pixels_pipe[17][6],   ;
;                                                       ;                           ; fused_aligned_output:FAO_RED|trim_pixels_pipe[18][6],   ;
;                                                       ;                           ; fused_aligned_output:FAO_RED|trim_pixels_pipe[19][6],   ;
;                                                       ;                           ; fused_aligned_output:FAO_RED|trim_pixels_pipe[20][6],   ;
;                                                       ;                           ; fused_aligned_output:FAO_RED|trim_pixels_pipe[21][6],   ;
;                                                       ;                           ; fused_aligned_output:FAO_RED|trim_pixels_pipe[22][6],   ;
;                                                       ;                           ; fused_aligned_output:FAO_RED|trim_pixels_pipe[23][6],   ;
;                                                       ;                           ; fused_aligned_output:FAO_RED|trim_pixels_pipe[24][6],   ;
;                                                       ;                           ; fused_aligned_output:FAO_RED|trim_pixels_pipe[25][6],   ;
;                                                       ;                           ; fused_aligned_output:FAO_RED|trim_pixels_pipe[26][6],   ;
;                                                       ;                           ; fused_aligned_output:FAO_RED|trim_pixels_pipe[27][6],   ;
;                                                       ;                           ; fused_aligned_output:FAO_RED|trim_pixels_pipe[28][6],   ;
;                                                       ;                           ; fused_aligned_output:FAO_RED|trim_pixels_pipe[29][6],   ;
;                                                       ;                           ; fused_aligned_output:FAO_RED|trim_pixels_pipe[30][6],   ;
;                                                       ;                           ; fused_aligned_output:FAO_RED|trim_pixels_pipe[31][6],   ;
;                                                       ;                           ; fused_aligned_output:FAO_RED|trim_pixels_pipe[32][6],   ;
;                                                       ;                           ; fused_aligned_output:FAO_RED|trim_pixels_pipe[33][6],   ;
;                                                       ;                           ; fused_aligned_output:FAO_RED|trim_pixels_pipe[34][6],   ;
;                                                       ;                           ; fused_aligned_output:FAO_RED|trim_pixels_pipe[35][6],   ;
;                                                       ;                           ; fused_aligned_output:FAO_RED|trim_pixels_pipe[36][6],   ;
;                                                       ;                           ; fused_aligned_output:FAO_RED|trim_pixels_pipe[37][6],   ;
;                                                       ;                           ; fused_aligned_output:FAO_RED|trim_pixels_pipe[38][6],   ;
;                                                       ;                           ; fused_aligned_output:FAO_RED|trim_pixels_pipe[39][6],   ;
;                                                       ;                           ; fused_aligned_output:FAO_RED|trim_pixels_pipe[40][6]    ;
; disparity_estimator:DISP_EST_RED|dividend_pipe[0][10] ; Stuck at GND              ; disparity_estimator:DISP_EST_RED|dividend_pipe[1][11],  ;
;                                                       ; due to stuck port data_in ; disparity_estimator:DISP_EST_RED|dividend_pipe[2][12],  ;
;                                                       ;                           ; disparity_estimator:DISP_EST_RED|dividend_pipe[3][13],  ;
;                                                       ;                           ; disparity_estimator:DISP_EST_RED|dividend_pipe[4][14],  ;
;                                                       ;                           ; disparity_estimator:DISP_EST_RED|dividend_pipe[5][15],  ;
;                                                       ;                           ; disparity_estimator:DISP_EST_RED|dividend_pipe[6][16],  ;
;                                                       ;                           ; disparity_estimator:DISP_EST_RED|dividend_pipe[7][17],  ;
;                                                       ;                           ; disparity_estimator:DISP_EST_RED|dividend_pipe[8][18],  ;
;                                                       ;                           ; disparity_estimator:DISP_EST_RED|dividend_pipe[9][19],  ;
;                                                       ;                           ; disparity_estimator:DISP_EST_RED|dividend_pipe[10][20], ;
;                                                       ;                           ; disparity_estimator:DISP_EST_RED|dividend_pipe[11][21], ;
;                                                       ;                           ; disparity_estimator:DISP_EST_RED|dividend_pipe[12][22], ;
;                                                       ;                           ; disparity_estimator:DISP_EST_RED|dividend_pipe[13][23], ;
;                                                       ;                           ; disparity_estimator:DISP_EST_RED|dividend_pipe[14][24], ;
;                                                       ;                           ; disparity_estimator:DISP_EST_RED|dividend_pipe[15][25], ;
;                                                       ;                           ; disparity_estimator:DISP_EST_RED|dividend_pipe[16][26], ;
;                                                       ;                           ; disparity_estimator:DISP_EST_RED|dividend_pipe[17][27], ;
;                                                       ;                           ; disparity_estimator:DISP_EST_RED|dividend_pipe[18][28], ;
;                                                       ;                           ; disparity_estimator:DISP_EST_RED|dividend_pipe[19][29], ;
;                                                       ;                           ; disparity_estimator:DISP_EST_RED|dividend_pipe[20][30], ;
;                                                       ;                           ; disparity_estimator:DISP_EST_RED|dividend_pipe[21][31], ;
;                                                       ;                           ; disparity_estimator:DISP_EST_RED|dividend_pipe[22][32], ;
;                                                       ;                           ; disparity_estimator:DISP_EST_RED|dividend_pipe[23][33], ;
;                                                       ;                           ; disparity_estimator:DISP_EST_RED|dividend_pipe[24][34], ;
;                                                       ;                           ; disparity_estimator:DISP_EST_RED|dividend_pipe[25][35], ;
;                                                       ;                           ; disparity_estimator:DISP_EST_RED|dividend_pipe[26][36], ;
;                                                       ;                           ; disparity_estimator:DISP_EST_RED|dividend_pipe[27][37], ;
;                                                       ;                           ; disparity_estimator:DISP_EST_RED|dividend_pipe[28][38], ;
;                                                       ;                           ; disparity_estimator:DISP_EST_RED|dividend_pipe[29][39], ;
;                                                       ;                           ; disparity_estimator:DISP_EST_RED|dividend_pipe[30][40], ;
;                                                       ;                           ; disparity_estimator:DISP_EST_RED|dividend_pipe[31][41], ;
;                                                       ;                           ; disparity_estimator:DISP_EST_RED|dividend_pipe[32][42], ;
;                                                       ;                           ; disparity_estimator:DISP_EST_RED|dividend_pipe[33][43], ;
;                                                       ;                           ; disparity_estimator:DISP_EST_RED|dividend_pipe[34][44], ;
;                                                       ;                           ; disparity_estimator:DISP_EST_RED|dividend_pipe[35][45], ;
;                                                       ;                           ; disparity_estimator:DISP_EST_RED|dividend_pipe[36][46], ;
;                                                       ;                           ; disparity_estimator:DISP_EST_RED|dividend_pipe[37][47], ;
;                                                       ;                           ; disparity_estimator:DISP_EST_RED|dividend_pipe[38][48], ;
;                                                       ;                           ; disparity_estimator:DISP_EST_RED|dividend_pipe[39][49], ;
;                                                       ;                           ; disparity_estimator:DISP_EST_RED|dividend_pipe[40][50], ;
;                                                       ;                           ; disparity_estimator:DISP_EST_RED|dividend_pipe[41][51], ;
;                                                       ;                           ; disparity_estimator:DISP_EST_RED|dividend_pipe[42][52], ;
;                                                       ;                           ; disparity_estimator:DISP_EST_RED|dividend_pipe[43][53]  ;
; disparity_estimator:DISP_EST_RED|dividend_pipe[0][11] ; Stuck at GND              ; disparity_estimator:DISP_EST_RED|dividend_pipe[1][12],  ;
;                                                       ; due to stuck port data_in ; disparity_estimator:DISP_EST_RED|dividend_pipe[2][13],  ;
;                                                       ;                           ; disparity_estimator:DISP_EST_RED|dividend_pipe[3][14],  ;
;                                                       ;                           ; disparity_estimator:DISP_EST_RED|dividend_pipe[4][15],  ;
;                                                       ;                           ; disparity_estimator:DISP_EST_RED|dividend_pipe[5][16],  ;
;                                                       ;                           ; disparity_estimator:DISP_EST_RED|dividend_pipe[6][17],  ;
;                                                       ;                           ; disparity_estimator:DISP_EST_RED|dividend_pipe[7][18],  ;
;                                                       ;                           ; disparity_estimator:DISP_EST_RED|dividend_pipe[8][19],  ;
;                                                       ;                           ; disparity_estimator:DISP_EST_RED|dividend_pipe[9][20],  ;
;                                                       ;                           ; disparity_estimator:DISP_EST_RED|dividend_pipe[10][21], ;
;                                                       ;                           ; disparity_estimator:DISP_EST_RED|dividend_pipe[11][22], ;
;                                                       ;                           ; disparity_estimator:DISP_EST_RED|dividend_pipe[12][23], ;
;                                                       ;                           ; disparity_estimator:DISP_EST_RED|dividend_pipe[13][24], ;
;                                                       ;                           ; disparity_estimator:DISP_EST_RED|dividend_pipe[14][25], ;
;                                                       ;                           ; disparity_estimator:DISP_EST_RED|dividend_pipe[15][26], ;
;                                                       ;                           ; disparity_estimator:DISP_EST_RED|dividend_pipe[16][27], ;
;                                                       ;                           ; disparity_estimator:DISP_EST_RED|dividend_pipe[17][28], ;
;                                                       ;                           ; disparity_estimator:DISP_EST_RED|dividend_pipe[18][29], ;
;                                                       ;                           ; disparity_estimator:DISP_EST_RED|dividend_pipe[19][30], ;
;                                                       ;                           ; disparity_estimator:DISP_EST_RED|dividend_pipe[20][31], ;
;                                                       ;                           ; disparity_estimator:DISP_EST_RED|dividend_pipe[21][32], ;
;                                                       ;                           ; disparity_estimator:DISP_EST_RED|dividend_pipe[22][33], ;
;                                                       ;                           ; disparity_estimator:DISP_EST_RED|dividend_pipe[23][34], ;
;                                                       ;                           ; disparity_estimator:DISP_EST_RED|dividend_pipe[24][35], ;
;                                                       ;                           ; disparity_estimator:DISP_EST_RED|dividend_pipe[25][36], ;
;                                                       ;                           ; disparity_estimator:DISP_EST_RED|dividend_pipe[26][37], ;
;                                                       ;                           ; disparity_estimator:DISP_EST_RED|dividend_pipe[27][38], ;
;                                                       ;                           ; disparity_estimator:DISP_EST_RED|dividend_pipe[28][39], ;
;                                                       ;                           ; disparity_estimator:DISP_EST_RED|dividend_pipe[29][40], ;
;                                                       ;                           ; disparity_estimator:DISP_EST_RED|dividend_pipe[30][41], ;
;                                                       ;                           ; disparity_estimator:DISP_EST_RED|dividend_pipe[31][42], ;
;                                                       ;                           ; disparity_estimator:DISP_EST_RED|dividend_pipe[32][43], ;
;                                                       ;                           ; disparity_estimator:DISP_EST_RED|dividend_pipe[33][44], ;
;                                                       ;                           ; disparity_estimator:DISP_EST_RED|dividend_pipe[34][45], ;
;                                                       ;                           ; disparity_estimator:DISP_EST_RED|dividend_pipe[35][46], ;
;                                                       ;                           ; disparity_estimator:DISP_EST_RED|dividend_pipe[36][47], ;
;                                                       ;                           ; disparity_estimator:DISP_EST_RED|dividend_pipe[37][48], ;
;                                                       ;                           ; disparity_estimator:DISP_EST_RED|dividend_pipe[38][49], ;
;                                                       ;                           ; disparity_estimator:DISP_EST_RED|dividend_pipe[39][50], ;
;                                                       ;                           ; disparity_estimator:DISP_EST_RED|dividend_pipe[40][51], ;
;                                                       ;                           ; disparity_estimator:DISP_EST_RED|dividend_pipe[41][52], ;
;                                                       ;                           ; disparity_estimator:DISP_EST_RED|dividend_pipe[42][53]  ;
; disparity_estimator:DISP_EST_RED|dividend_pipe[0][12] ; Stuck at GND              ; disparity_estimator:DISP_EST_RED|dividend_pipe[1][13],  ;
;                                                       ; due to stuck port data_in ; disparity_estimator:DISP_EST_RED|dividend_pipe[2][14],  ;
;                                                       ;                           ; disparity_estimator:DISP_EST_RED|dividend_pipe[3][15],  ;
;                                                       ;                           ; disparity_estimator:DISP_EST_RED|dividend_pipe[4][16],  ;
;                                                       ;                           ; disparity_estimator:DISP_EST_RED|dividend_pipe[5][17],  ;
;                                                       ;                           ; disparity_estimator:DISP_EST_RED|dividend_pipe[6][18],  ;
;                                                       ;                           ; disparity_estimator:DISP_EST_RED|dividend_pipe[7][19],  ;
;                                                       ;                           ; disparity_estimator:DISP_EST_RED|dividend_pipe[8][20],  ;
;                                                       ;                           ; disparity_estimator:DISP_EST_RED|dividend_pipe[9][21],  ;
;                                                       ;                           ; disparity_estimator:DISP_EST_RED|dividend_pipe[10][22], ;
;                                                       ;                           ; disparity_estimator:DISP_EST_RED|dividend_pipe[11][23], ;
;                                                       ;                           ; disparity_estimator:DISP_EST_RED|dividend_pipe[12][24], ;
;                                                       ;                           ; disparity_estimator:DISP_EST_RED|dividend_pipe[13][25], ;
;                                                       ;                           ; disparity_estimator:DISP_EST_RED|dividend_pipe[14][26], ;
;                                                       ;                           ; disparity_estimator:DISP_EST_RED|dividend_pipe[15][27], ;
;                                                       ;                           ; disparity_estimator:DISP_EST_RED|dividend_pipe[16][28], ;
;                                                       ;                           ; disparity_estimator:DISP_EST_RED|dividend_pipe[17][29], ;
;                                                       ;                           ; disparity_estimator:DISP_EST_RED|dividend_pipe[18][30], ;
;                                                       ;                           ; disparity_estimator:DISP_EST_RED|dividend_pipe[19][31], ;
;                                                       ;                           ; disparity_estimator:DISP_EST_RED|dividend_pipe[20][32], ;
;                                                       ;                           ; disparity_estimator:DISP_EST_RED|dividend_pipe[21][33], ;
;                                                       ;                           ; disparity_estimator:DISP_EST_RED|dividend_pipe[22][34], ;
;                                                       ;                           ; disparity_estimator:DISP_EST_RED|dividend_pipe[23][35], ;
;                                                       ;                           ; disparity_estimator:DISP_EST_RED|dividend_pipe[24][36], ;
;                                                       ;                           ; disparity_estimator:DISP_EST_RED|dividend_pipe[25][37], ;
;                                                       ;                           ; disparity_estimator:DISP_EST_RED|dividend_pipe[26][38], ;
;                                                       ;                           ; disparity_estimator:DISP_EST_RED|dividend_pipe[27][39], ;
;                                                       ;                           ; disparity_estimator:DISP_EST_RED|dividend_pipe[28][40], ;
;                                                       ;                           ; disparity_estimator:DISP_EST_RED|dividend_pipe[29][41], ;
;                                                       ;                           ; disparity_estimator:DISP_EST_RED|dividend_pipe[30][42], ;
;                                                       ;                           ; disparity_estimator:DISP_EST_RED|dividend_pipe[31][43], ;
;                                                       ;                           ; disparity_estimator:DISP_EST_RED|dividend_pipe[32][44], ;
;                                                       ;                           ; disparity_estimator:DISP_EST_RED|dividend_pipe[33][45], ;
;                                                       ;                           ; disparity_estimator:DISP_EST_RED|dividend_pipe[34][46], ;
;                                                       ;                           ; disparity_estimator:DISP_EST_RED|dividend_pipe[35][47], ;
;                                                       ;                           ; disparity_estimator:DISP_EST_RED|dividend_pipe[36][48], ;
;                                                       ;                           ; disparity_estimator:DISP_EST_RED|dividend_pipe[37][49], ;
;                                                       ;                           ; disparity_estimator:DISP_EST_RED|dividend_pipe[38][50], ;
;                                                       ;                           ; disparity_estimator:DISP_EST_RED|dividend_pipe[39][51], ;
;                                                       ;                           ; disparity_estimator:DISP_EST_RED|dividend_pipe[40][52], ;
;                                                       ;                           ; disparity_estimator:DISP_EST_RED|dividend_pipe[41][53]  ;
; disparity_estimator:DISP_EST_RED|dividend_pipe[0][13] ; Stuck at GND              ; disparity_estimator:DISP_EST_RED|dividend_pipe[1][14],  ;
;                                                       ; due to stuck port data_in ; disparity_estimator:DISP_EST_RED|dividend_pipe[2][15],  ;
;                                                       ;                           ; disparity_estimator:DISP_EST_RED|dividend_pipe[3][16],  ;
;                                                       ;                           ; disparity_estimator:DISP_EST_RED|dividend_pipe[4][17],  ;
;                                                       ;                           ; disparity_estimator:DISP_EST_RED|dividend_pipe[5][18],  ;
;                                                       ;                           ; disparity_estimator:DISP_EST_RED|dividend_pipe[6][19],  ;
;                                                       ;                           ; disparity_estimator:DISP_EST_RED|dividend_pipe[7][20],  ;
;                                                       ;                           ; disparity_estimator:DISP_EST_RED|dividend_pipe[8][21],  ;
;                                                       ;                           ; disparity_estimator:DISP_EST_RED|dividend_pipe[9][22],  ;
;                                                       ;                           ; disparity_estimator:DISP_EST_RED|dividend_pipe[10][23], ;
;                                                       ;                           ; disparity_estimator:DISP_EST_RED|dividend_pipe[11][24], ;
;                                                       ;                           ; disparity_estimator:DISP_EST_RED|dividend_pipe[12][25], ;
;                                                       ;                           ; disparity_estimator:DISP_EST_RED|dividend_pipe[13][26], ;
;                                                       ;                           ; disparity_estimator:DISP_EST_RED|dividend_pipe[14][27], ;
;                                                       ;                           ; disparity_estimator:DISP_EST_RED|dividend_pipe[15][28], ;
;                                                       ;                           ; disparity_estimator:DISP_EST_RED|dividend_pipe[16][29], ;
;                                                       ;                           ; disparity_estimator:DISP_EST_RED|dividend_pipe[17][30], ;
;                                                       ;                           ; disparity_estimator:DISP_EST_RED|dividend_pipe[18][31], ;
;                                                       ;                           ; disparity_estimator:DISP_EST_RED|dividend_pipe[19][32], ;
;                                                       ;                           ; disparity_estimator:DISP_EST_RED|dividend_pipe[20][33], ;
;                                                       ;                           ; disparity_estimator:DISP_EST_RED|dividend_pipe[21][34], ;
;                                                       ;                           ; disparity_estimator:DISP_EST_RED|dividend_pipe[22][35], ;
;                                                       ;                           ; disparity_estimator:DISP_EST_RED|dividend_pipe[23][36], ;
;                                                       ;                           ; disparity_estimator:DISP_EST_RED|dividend_pipe[24][37], ;
;                                                       ;                           ; disparity_estimator:DISP_EST_RED|dividend_pipe[25][38], ;
;                                                       ;                           ; disparity_estimator:DISP_EST_RED|dividend_pipe[26][39], ;
;                                                       ;                           ; disparity_estimator:DISP_EST_RED|dividend_pipe[27][40], ;
;                                                       ;                           ; disparity_estimator:DISP_EST_RED|dividend_pipe[28][41], ;
;                                                       ;                           ; disparity_estimator:DISP_EST_RED|dividend_pipe[29][42], ;
;                                                       ;                           ; disparity_estimator:DISP_EST_RED|dividend_pipe[30][43], ;
;                                                       ;                           ; disparity_estimator:DISP_EST_RED|dividend_pipe[31][44], ;
;                                                       ;                           ; disparity_estimator:DISP_EST_RED|dividend_pipe[32][45], ;
;                                                       ;                           ; disparity_estimator:DISP_EST_RED|dividend_pipe[33][46], ;
;                                                       ;                           ; disparity_estimator:DISP_EST_RED|dividend_pipe[34][47], ;
;                                                       ;                           ; disparity_estimator:DISP_EST_RED|dividend_pipe[35][48], ;
;                                                       ;                           ; disparity_estimator:DISP_EST_RED|dividend_pipe[36][49], ;
;                                                       ;                           ; disparity_estimator:DISP_EST_RED|dividend_pipe[37][50], ;
;                                                       ;                           ; disparity_estimator:DISP_EST_RED|dividend_pipe[38][51], ;
;                                                       ;                           ; disparity_estimator:DISP_EST_RED|dividend_pipe[39][52], ;
;                                                       ;                           ; disparity_estimator:DISP_EST_RED|dividend_pipe[40][53]  ;
; disparity_estimator:DISP_EST_RED|dividend_pipe[0][14] ; Stuck at GND              ; disparity_estimator:DISP_EST_RED|dividend_pipe[1][15],  ;
;                                                       ; due to stuck port data_in ; disparity_estimator:DISP_EST_RED|dividend_pipe[2][16],  ;
;                                                       ;                           ; disparity_estimator:DISP_EST_RED|dividend_pipe[3][17],  ;
;                                                       ;                           ; disparity_estimator:DISP_EST_RED|dividend_pipe[4][18],  ;
;                                                       ;                           ; disparity_estimator:DISP_EST_RED|dividend_pipe[5][19],  ;
;                                                       ;                           ; disparity_estimator:DISP_EST_RED|dividend_pipe[6][20],  ;
;                                                       ;                           ; disparity_estimator:DISP_EST_RED|dividend_pipe[7][21],  ;
;                                                       ;                           ; disparity_estimator:DISP_EST_RED|dividend_pipe[8][22],  ;
;                                                       ;                           ; disparity_estimator:DISP_EST_RED|dividend_pipe[9][23],  ;
;                                                       ;                           ; disparity_estimator:DISP_EST_RED|dividend_pipe[10][24], ;
;                                                       ;                           ; disparity_estimator:DISP_EST_RED|dividend_pipe[11][25], ;
;                                                       ;                           ; disparity_estimator:DISP_EST_RED|dividend_pipe[12][26], ;
;                                                       ;                           ; disparity_estimator:DISP_EST_RED|dividend_pipe[13][27], ;
;                                                       ;                           ; disparity_estimator:DISP_EST_RED|dividend_pipe[14][28], ;
;                                                       ;                           ; disparity_estimator:DISP_EST_RED|dividend_pipe[15][29], ;
;                                                       ;                           ; disparity_estimator:DISP_EST_RED|dividend_pipe[16][30], ;
;                                                       ;                           ; disparity_estimator:DISP_EST_RED|dividend_pipe[17][31], ;
;                                                       ;                           ; disparity_estimator:DISP_EST_RED|dividend_pipe[18][32], ;
;                                                       ;                           ; disparity_estimator:DISP_EST_RED|dividend_pipe[19][33], ;
;                                                       ;                           ; disparity_estimator:DISP_EST_RED|dividend_pipe[20][34], ;
;                                                       ;                           ; disparity_estimator:DISP_EST_RED|dividend_pipe[21][35], ;
;                                                       ;                           ; disparity_estimator:DISP_EST_RED|dividend_pipe[22][36], ;
;                                                       ;                           ; disparity_estimator:DISP_EST_RED|dividend_pipe[23][37], ;
;                                                       ;                           ; disparity_estimator:DISP_EST_RED|dividend_pipe[24][38], ;
;                                                       ;                           ; disparity_estimator:DISP_EST_RED|dividend_pipe[25][39], ;
;                                                       ;                           ; disparity_estimator:DISP_EST_RED|dividend_pipe[26][40], ;
;                                                       ;                           ; disparity_estimator:DISP_EST_RED|dividend_pipe[27][41], ;
;                                                       ;                           ; disparity_estimator:DISP_EST_RED|dividend_pipe[28][42], ;
;                                                       ;                           ; disparity_estimator:DISP_EST_RED|dividend_pipe[29][43], ;
;                                                       ;                           ; disparity_estimator:DISP_EST_RED|dividend_pipe[30][44], ;
;                                                       ;                           ; disparity_estimator:DISP_EST_RED|dividend_pipe[31][45], ;
;                                                       ;                           ; disparity_estimator:DISP_EST_RED|dividend_pipe[32][46], ;
;                                                       ;                           ; disparity_estimator:DISP_EST_RED|dividend_pipe[33][47], ;
;                                                       ;                           ; disparity_estimator:DISP_EST_RED|dividend_pipe[34][48], ;
;                                                       ;                           ; disparity_estimator:DISP_EST_RED|dividend_pipe[35][49], ;
;                                                       ;                           ; disparity_estimator:DISP_EST_RED|dividend_pipe[36][50], ;
;                                                       ;                           ; disparity_estimator:DISP_EST_RED|dividend_pipe[37][51], ;
;                                                       ;                           ; disparity_estimator:DISP_EST_RED|dividend_pipe[38][52], ;
;                                                       ;                           ; disparity_estimator:DISP_EST_RED|dividend_pipe[39][53]  ;
; disparity_estimator:DISP_EST_RED|dividend_pipe[0][15] ; Stuck at GND              ; disparity_estimator:DISP_EST_RED|dividend_pipe[1][16],  ;
;                                                       ; due to stuck port data_in ; disparity_estimator:DISP_EST_RED|dividend_pipe[2][17],  ;
;                                                       ;                           ; disparity_estimator:DISP_EST_RED|dividend_pipe[3][18],  ;
;                                                       ;                           ; disparity_estimator:DISP_EST_RED|dividend_pipe[4][19],  ;
;                                                       ;                           ; disparity_estimator:DISP_EST_RED|dividend_pipe[5][20],  ;
;                                                       ;                           ; disparity_estimator:DISP_EST_RED|dividend_pipe[6][21],  ;
;                                                       ;                           ; disparity_estimator:DISP_EST_RED|dividend_pipe[7][22],  ;
;                                                       ;                           ; disparity_estimator:DISP_EST_RED|dividend_pipe[8][23],  ;
;                                                       ;                           ; disparity_estimator:DISP_EST_RED|dividend_pipe[9][24],  ;
;                                                       ;                           ; disparity_estimator:DISP_EST_RED|dividend_pipe[10][25], ;
;                                                       ;                           ; disparity_estimator:DISP_EST_RED|dividend_pipe[11][26], ;
;                                                       ;                           ; disparity_estimator:DISP_EST_RED|dividend_pipe[12][27], ;
;                                                       ;                           ; disparity_estimator:DISP_EST_RED|dividend_pipe[13][28], ;
;                                                       ;                           ; disparity_estimator:DISP_EST_RED|dividend_pipe[14][29], ;
;                                                       ;                           ; disparity_estimator:DISP_EST_RED|dividend_pipe[15][30], ;
;                                                       ;                           ; disparity_estimator:DISP_EST_RED|dividend_pipe[16][31], ;
;                                                       ;                           ; disparity_estimator:DISP_EST_RED|dividend_pipe[17][32], ;
;                                                       ;                           ; disparity_estimator:DISP_EST_RED|dividend_pipe[18][33], ;
;                                                       ;                           ; disparity_estimator:DISP_EST_RED|dividend_pipe[19][34], ;
;                                                       ;                           ; disparity_estimator:DISP_EST_RED|dividend_pipe[20][35], ;
;                                                       ;                           ; disparity_estimator:DISP_EST_RED|dividend_pipe[21][36], ;
;                                                       ;                           ; disparity_estimator:DISP_EST_RED|dividend_pipe[22][37], ;
;                                                       ;                           ; disparity_estimator:DISP_EST_RED|dividend_pipe[23][38], ;
;                                                       ;                           ; disparity_estimator:DISP_EST_RED|dividend_pipe[24][39], ;
;                                                       ;                           ; disparity_estimator:DISP_EST_RED|dividend_pipe[25][40], ;
;                                                       ;                           ; disparity_estimator:DISP_EST_RED|dividend_pipe[26][41], ;
;                                                       ;                           ; disparity_estimator:DISP_EST_RED|dividend_pipe[27][42], ;
;                                                       ;                           ; disparity_estimator:DISP_EST_RED|dividend_pipe[28][43], ;
;                                                       ;                           ; disparity_estimator:DISP_EST_RED|dividend_pipe[29][44], ;
;                                                       ;                           ; disparity_estimator:DISP_EST_RED|dividend_pipe[30][45], ;
;                                                       ;                           ; disparity_estimator:DISP_EST_RED|dividend_pipe[31][46], ;
;                                                       ;                           ; disparity_estimator:DISP_EST_RED|dividend_pipe[32][47], ;
;                                                       ;                           ; disparity_estimator:DISP_EST_RED|dividend_pipe[33][48], ;
;                                                       ;                           ; disparity_estimator:DISP_EST_RED|dividend_pipe[34][49], ;
;                                                       ;                           ; disparity_estimator:DISP_EST_RED|dividend_pipe[35][50], ;
;                                                       ;                           ; disparity_estimator:DISP_EST_RED|dividend_pipe[36][51], ;
;                                                       ;                           ; disparity_estimator:DISP_EST_RED|dividend_pipe[37][52], ;
;                                                       ;                           ; disparity_estimator:DISP_EST_RED|dividend_pipe[38][53]  ;
; bit_shift_low_pass_filter:BSLPF_RED|raw_s0[5]         ; Stuck at GND              ; bit_shift_low_pass_filter:BSLPF_RED|raw_s1[5],          ;
;                                                       ; due to stuck port data_in ; bit_shift_low_pass_filter:BSLPF_RED|raw_s2[5]           ;
; bit_shift_low_pass_filter:BSLPF_RED|raw_s0[4]         ; Stuck at GND              ; bit_shift_low_pass_filter:BSLPF_RED|raw_s1[4],          ;
;                                                       ; due to stuck port data_in ; bit_shift_low_pass_filter:BSLPF_RED|raw_s2[4]           ;
; bit_shift_low_pass_filter:BSLPF_RED|raw_s0[3]         ; Stuck at GND              ; bit_shift_low_pass_filter:BSLPF_RED|raw_s1[3],          ;
;                                                       ; due to stuck port data_in ; bit_shift_low_pass_filter:BSLPF_RED|raw_s2[3]           ;
; bit_shift_low_pass_filter:BSLPF_RED|raw_s0[2]         ; Stuck at GND              ; bit_shift_low_pass_filter:BSLPF_RED|raw_s1[2],          ;
;                                                       ; due to stuck port data_in ; bit_shift_low_pass_filter:BSLPF_RED|raw_s2[2]           ;
; bit_shift_low_pass_filter:BSLPF_RED|raw_s0[1]         ; Stuck at GND              ; bit_shift_low_pass_filter:BSLPF_RED|raw_s1[1],          ;
;                                                       ; due to stuck port data_in ; bit_shift_low_pass_filter:BSLPF_RED|raw_s2[1]           ;
; bit_shift_low_pass_filter:BSLPF_RED|raw_s0[0]         ; Stuck at GND              ; bit_shift_low_pass_filter:BSLPF_RED|raw_s1[0],          ;
;                                                       ; due to stuck port data_in ; bit_shift_low_pass_filter:BSLPF_RED|raw_s2[0]           ;
; bit_shift_low_pass_filter:BSLPF_RED|raw_s0[6]         ; Stuck at GND              ; bit_shift_low_pass_filter:BSLPF_RED|raw_s1[6],          ;
;                                                       ; due to stuck port data_in ; bit_shift_low_pass_filter:BSLPF_RED|raw_s2[6]           ;
; bit_shift_low_pass_filter:BSLPF_RED|sum56_s0[13]      ; Stuck at GND              ; bit_shift_low_pass_filter:BSLPF_RED|sum56_s1[13],       ;
;                                                       ; due to stuck port data_in ; bit_shift_low_pass_filter:BSLPF_RED|sum56_s2[13]        ;
; bit_shift_low_pass_filter:BSLPF_RED|sum56_s0[14]      ; Stuck at GND              ; bit_shift_low_pass_filter:BSLPF_RED|sum56_s1[14],       ;
;                                                       ; due to stuck port data_in ; bit_shift_low_pass_filter:BSLPF_RED|sum56_s2[14]        ;
; bit_shift_low_pass_filter:BSLPF_RED|sum4_s0[0]        ; Stuck at GND              ; bit_shift_low_pass_filter:BSLPF_RED|sum34_s1[14]        ;
;                                                       ; due to stuck port data_in ;                                                         ;
; bit_shift_low_pass_filter:BSLPF_RED|sum012_s0[14]     ; Stuck at GND              ; bit_shift_low_pass_filter:BSLPF_RED|sum012_s1[14]       ;
;                                                       ; due to stuck port data_in ;                                                         ;
+-------------------------------------------------------+---------------------------+---------------------------------------------------------+


+------------------------------------------------------+
; General Register Statistics                          ;
+----------------------------------------------+-------+
; Statistic                                    ; Value ;
+----------------------------------------------+-------+
; Total registers                              ; 12769 ;
; Number of registers using Synchronous Clear  ; 6958  ;
; Number of registers using Synchronous Load   ; 768   ;
; Number of registers using Asynchronous Clear ; 0     ;
; Number of registers using Asynchronous Load  ; 0     ;
; Number of registers using Clock Enable       ; 1074  ;
; Number of registers using Preset             ; 0     ;
+----------------------------------------------+-------+


+-------------------------------------------------------------------------------------------------------------------------------------------------------------------------------------------+
; Registers Packed Into Inferred Megafunctions                                                                                                                                              ;
+-------------------------------------------------------------------------------------------------------------+----------------------------------------------------------------+------------+
; Register Name                                                                                               ; Megafunction                                                   ; Type       ;
+-------------------------------------------------------------------------------------------------------------+----------------------------------------------------------------+------------+
; shared_frame_storage:SHARED_RED|frame_ram:bank_8|rd_data[0..14]                                             ; shared_frame_storage:SHARED_RED|frame_ram:bank_8|mem_rtl_0     ; RAM        ;
; shared_frame_storage:SHARED_RED|frame_ram:bank_7|rd_data[0..14]                                             ; shared_frame_storage:SHARED_RED|frame_ram:bank_7|mem_rtl_0     ; RAM        ;
; shared_frame_storage:SHARED_RED|frame_ram:bank_6|rd_data[0..14]                                             ; shared_frame_storage:SHARED_RED|frame_ram:bank_6|mem_rtl_0     ; RAM        ;
; shared_frame_storage:SHARED_RED|frame_ram:bank_5|rd_data[0..14]                                             ; shared_frame_storage:SHARED_RED|frame_ram:bank_5|mem_rtl_0     ; RAM        ;
; shared_frame_storage:SHARED_RED|frame_ram:bank_11|rd_data[0..14]                                            ; shared_frame_storage:SHARED_RED|frame_ram:bank_11|mem_rtl_0    ; RAM        ;
; shared_frame_storage:SHARED_RED|frame_ram:bank_10|rd_data[0..14]                                            ; shared_frame_storage:SHARED_RED|frame_ram:bank_10|mem_rtl_0    ; RAM        ;
; shared_frame_storage:SHARED_RED|frame_ram:bank_9|rd_data[0..14]                                             ; shared_frame_storage:SHARED_RED|frame_ram:bank_9|mem_rtl_0     ; RAM        ;
; shared_frame_storage:SHARED_RED|frame_ram:bank_8v|rd_data[0..14]                                            ; shared_frame_storage:SHARED_RED|frame_ram:bank_8v|mem_rtl_0    ; RAM        ;
; shared_frame_storage:SHARED_RED|frame_ram:bank_4|rd_data[0..14]                                             ; shared_frame_storage:SHARED_RED|frame_ram:bank_4|mem_rtl_0     ; RAM        ;
; shared_frame_storage:SHARED_RED|frame_ram:bank_3|rd_data[0..14]                                             ; shared_frame_storage:SHARED_RED|frame_ram:bank_3|mem_rtl_0     ; RAM        ;
; shared_frame_storage:SHARED_RED|frame_ram:bank_2|rd_data[0..14]                                             ; shared_frame_storage:SHARED_RED|frame_ram:bank_2|mem_rtl_0     ; RAM        ;
; shared_frame_storage:SHARED_RED|frame_ram:bank_1|rd_data[0..14]                                             ; shared_frame_storage:SHARED_RED|frame_ram:bank_1|mem_rtl_0     ; RAM        ;
; shared_frame_storage:SHARED_RED|frame_ram:bank_0|rd_data[0..14]                                             ; shared_frame_storage:SHARED_RED|frame_ram:bank_0|mem_rtl_0     ; RAM        ;
; bit_shift_low_pass_filter:BSLPF_RED|pixel_buffer[6..127,134..255,262..383,390..511,518..639,646..767][0..7] ; bit_shift_low_pass_filter:BSLPF_RED|pixel_buffer_rtl_0         ; SHIFT_TAPS ;
; disparity_estimator:DISP_EST_RED|orientation_pipe[0..54]                                                    ; disparity_estimator:DISP_EST_RED|sum1_orientation_rtl_0        ; SHIFT_TAPS ;
; disparity_estimator:DISP_EST_RED|sum_orientation                                                            ; disparity_estimator:DISP_EST_RED|sum1_orientation_rtl_0        ; SHIFT_TAPS ;
; disparity_estimator:DISP_EST_RED|sum2_orientation                                                           ; disparity_estimator:DISP_EST_RED|sum1_orientation_rtl_0        ; SHIFT_TAPS ;
; disparity_estimator:DISP_EST_RED|sum1_orientation                                                           ; disparity_estimator:DISP_EST_RED|sum1_orientation_rtl_0        ; SHIFT_TAPS ;
; disparity_estimator:DISP_EST_RED|row_idx_pipe[0..54][0..6]                                                  ; disparity_estimator:DISP_EST_RED|sum1_orientation_rtl_0        ; SHIFT_TAPS ;
; disparity_estimator:DISP_EST_RED|sum_row_idx[0..6]                                                          ; disparity_estimator:DISP_EST_RED|sum1_orientation_rtl_0        ; SHIFT_TAPS ;
; disparity_estimator:DISP_EST_RED|sum2_row_idx[0..6]                                                         ; disparity_estimator:DISP_EST_RED|sum1_orientation_rtl_0        ; SHIFT_TAPS ;
; disparity_estimator:DISP_EST_RED|sum1_row_idx[0..6]                                                         ; disparity_estimator:DISP_EST_RED|sum1_orientation_rtl_0        ; SHIFT_TAPS ;
; disparity_estimator:DISP_EST_RED|column_idx_pipe[0..54][0..6]                                               ; disparity_estimator:DISP_EST_RED|sum1_orientation_rtl_0        ; SHIFT_TAPS ;
; disparity_estimator:DISP_EST_RED|sum_column_idx[0..6]                                                       ; disparity_estimator:DISP_EST_RED|sum1_orientation_rtl_0        ; SHIFT_TAPS ;
; disparity_estimator:DISP_EST_RED|sum2_column_idx[0..6]                                                      ; disparity_estimator:DISP_EST_RED|sum1_orientation_rtl_0        ; SHIFT_TAPS ;
; disparity_estimator:DISP_EST_RED|sum1_column_idx[0..6]                                                      ; disparity_estimator:DISP_EST_RED|sum1_orientation_rtl_0        ; SHIFT_TAPS ;
; fused_aligned_output:FAO_RED|crop_ok_pipe[0..40]                                                            ; fused_aligned_output:FAO_RED|crop_ok_4d_rtl_0                  ; SHIFT_TAPS ;
; fused_aligned_output:FAO_RED|crop_ok_4d                                                                     ; fused_aligned_output:FAO_RED|crop_ok_4d_rtl_0                  ; SHIFT_TAPS ;
; fused_aligned_output:FAO_RED|row_idx_pipe[0..40][0..6]                                                      ; fused_aligned_output:FAO_RED|crop_ok_4d_rtl_0                  ; SHIFT_TAPS ;
; fused_aligned_output:FAO_RED|fuse_row_idx_4d[0..6]                                                          ; fused_aligned_output:FAO_RED|crop_ok_4d_rtl_0                  ; SHIFT_TAPS ;
; fused_aligned_output:FAO_RED|column_idx_pipe[0..40][0..6]                                                   ; fused_aligned_output:FAO_RED|crop_ok_4d_rtl_0                  ; SHIFT_TAPS ;
; fused_aligned_output:FAO_RED|fuse_column_idx_4d[0..6]                                                       ; fused_aligned_output:FAO_RED|crop_ok_4d_rtl_0                  ; SHIFT_TAPS ;
; fused_aligned_output:FAO_RED|max_valid_idx_pipe[0..40][0]                                                   ; fused_aligned_output:FAO_RED|crop_ok_4d_rtl_0                  ; SHIFT_TAPS ;
; fused_aligned_output:FAO_RED|max_valid_idx_4d[0]                                                            ; fused_aligned_output:FAO_RED|crop_ok_4d_rtl_0                  ; SHIFT_TAPS ;
; fused_aligned_output:FAO_RED|conf_sum_pipe[0..40][0..14]                                                    ; fused_aligned_output:FAO_RED|crop_ok_4d_rtl_0                  ; SHIFT_TAPS ;
; fused_aligned_output:FAO_RED|conf_sum_4d[0..14]                                                             ; fused_aligned_output:FAO_RED|crop_ok_4d_rtl_0                  ; SHIFT_TAPS ;
; confidence_computer:CONF_COMP_RED|derivative_idx_2d[0..6]                                                   ; confidence_computer:CONF_COMP_RED|derivative_row_idx_out_rtl_0 ; SHIFT_TAPS ;
; disparity_estimator:DISP_EST_RED|angular_derivative_row_idx_in_d[0..6]                                      ; confidence_computer:CONF_COMP_RED|derivative_row_idx_out_rtl_0 ; SHIFT_TAPS ;
; confidence_computer:CONF_COMP_RED|derivative_row_idx_out[0..6]                                              ; confidence_computer:CONF_COMP_RED|derivative_row_idx_out_rtl_0 ; SHIFT_TAPS ;
; confidence_computer:CONF_COMP_RED|derivative_orientation_2d                                                 ; confidence_computer:CONF_COMP_RED|derivative_row_idx_out_rtl_0 ; SHIFT_TAPS ;
; disparity_estimator:DISP_EST_RED|angular_derivative_orientation_in_d                                        ; confidence_computer:CONF_COMP_RED|derivative_row_idx_out_rtl_0 ; SHIFT_TAPS ;
; confidence_computer:CONF_COMP_RED|derivative_orientation_out                                                ; confidence_computer:CONF_COMP_RED|derivative_row_idx_out_rtl_0 ; SHIFT_TAPS ;
; pixel_red_epi_in[0..14]                                                                                     ; confidence_computer:CONF_COMP_RED|derivative_row_idx_out_rtl_0 ; SHIFT_TAPS ;
; bit_shift_low_pass_filter:BSLPF_RED|pixel_out[0..14]                                                        ; confidence_computer:CONF_COMP_RED|derivative_row_idx_out_rtl_0 ; SHIFT_TAPS ;
; bit_shift_low_pass_filter:BSLPF_RED|pixel_s3[0..14]                                                         ; confidence_computer:CONF_COMP_RED|derivative_row_idx_out_rtl_0 ; SHIFT_TAPS ;
; bit_shift_low_pass_filter:BSLPF_RED|raw_s2[7..14]                                                           ; confidence_computer:CONF_COMP_RED|derivative_row_idx_out_rtl_0 ; SHIFT_TAPS ;
; bit_shift_low_pass_filter:BSLPF_RED|raw_s1[7..14]                                                           ; confidence_computer:CONF_COMP_RED|derivative_row_idx_out_rtl_0 ; SHIFT_TAPS ;
; bit_shift_low_pass_filter:BSLPF_RED|raw_s0[7..14]                                                           ; confidence_computer:CONF_COMP_RED|derivative_row_idx_out_rtl_0 ; SHIFT_TAPS ;
; bit_shift_low_pass_filter:BSLPF_RED|conv_s2                                                                 ; confidence_computer:CONF_COMP_RED|derivative_row_idx_out_rtl_0 ; SHIFT_TAPS ;
; bit_shift_low_pass_filter:BSLPF_RED|conv_s1                                                                 ; confidence_computer:CONF_COMP_RED|derivative_row_idx_out_rtl_0 ; SHIFT_TAPS ;
; bit_shift_low_pass_filter:BSLPF_RED|conv_s0                                                                 ; confidence_computer:CONF_COMP_RED|derivative_row_idx_out_rtl_0 ; SHIFT_TAPS ;
+-------------------------------------------------------------------------------------------------------------+----------------------------------------------------------------+------------+


+--------------------------------------------------------------------------------------------------------------------------------------------------------------------------------------------+
; Multiplexer Restructuring Statistics (Restructuring Performed)                                                                                                                             ;
+--------------------+-----------+---------------+----------------------+------------------------+------------+------------------------------------------------------------------------------+
; Multiplexer Inputs ; Bus Width ; Baseline Area ; Area if Restructured ; Saving if Restructured ; Registered ; Example Multiplexer Output                                                   ;
+--------------------+-----------+---------------+----------------------+------------------------+------------+------------------------------------------------------------------------------+
; 3:1                ; 34 bits   ; 68 LEs        ; 0 LEs                ; 68 LEs                 ; Yes        ; |top_level|disparity_estimator:DISP_EST_RED|remainder_pipe[1][9]             ;
; 3:1                ; 38 bits   ; 76 LEs        ; 38 LEs               ; 38 LEs                 ; Yes        ; |top_level|disparity_estimator:DISP_EST_RED|remainder_pipe[2][18]            ;
; 3:1                ; 38 bits   ; 76 LEs        ; 38 LEs               ; 38 LEs                 ; Yes        ; |top_level|disparity_estimator:DISP_EST_RED|remainder_pipe[3][10]            ;
; 3:1                ; 38 bits   ; 76 LEs        ; 38 LEs               ; 38 LEs                 ; Yes        ; |top_level|disparity_estimator:DISP_EST_RED|remainder_pipe[4][9]             ;
; 3:1                ; 38 bits   ; 76 LEs        ; 38 LEs               ; 38 LEs                 ; Yes        ; |top_level|disparity_estimator:DISP_EST_RED|remainder_pipe[5][18]            ;
; 3:1                ; 38 bits   ; 76 LEs        ; 38 LEs               ; 38 LEs                 ; Yes        ; |top_level|disparity_estimator:DISP_EST_RED|remainder_pipe[6][19]            ;
; 3:1                ; 38 bits   ; 76 LEs        ; 38 LEs               ; 38 LEs                 ; Yes        ; |top_level|disparity_estimator:DISP_EST_RED|remainder_pipe[7][10]            ;
; 3:1                ; 38 bits   ; 76 LEs        ; 38 LEs               ; 38 LEs                 ; Yes        ; |top_level|disparity_estimator:DISP_EST_RED|remainder_pipe[8][18]            ;
; 3:1                ; 38 bits   ; 76 LEs        ; 38 LEs               ; 38 LEs                 ; Yes        ; |top_level|disparity_estimator:DISP_EST_RED|remainder_pipe[9][19]            ;
; 3:1                ; 38 bits   ; 76 LEs        ; 38 LEs               ; 38 LEs                 ; Yes        ; |top_level|disparity_estimator:DISP_EST_RED|remainder_pipe[10][10]           ;
; 3:1                ; 38 bits   ; 76 LEs        ; 38 LEs               ; 38 LEs                 ; Yes        ; |top_level|disparity_estimator:DISP_EST_RED|remainder_pipe[11][10]           ;
; 3:1                ; 38 bits   ; 76 LEs        ; 38 LEs               ; 38 LEs                 ; Yes        ; |top_level|disparity_estimator:DISP_EST_RED|remainder_pipe[12][10]           ;
; 3:1                ; 38 bits   ; 76 LEs        ; 38 LEs               ; 38 LEs                 ; Yes        ; |top_level|disparity_estimator:DISP_EST_RED|remainder_pipe[13][18]           ;
; 3:1                ; 38 bits   ; 76 LEs        ; 38 LEs               ; 38 LEs                 ; Yes        ; |top_level|disparity_estimator:DISP_EST_RED|remainder_pipe[14][9]            ;
; 3:1                ; 38 bits   ; 76 LEs        ; 38 LEs               ; 38 LEs                 ; Yes        ; |top_level|disparity_estimator:DISP_EST_RED|remainder_pipe[15][17]           ;
; 3:1                ; 38 bits   ; 76 LEs        ; 38 LEs               ; 38 LEs                 ; Yes        ; |top_level|disparity_estimator:DISP_EST_RED|remainder_pipe[16][9]            ;
; 3:1                ; 38 bits   ; 76 LEs        ; 38 LEs               ; 38 LEs                 ; Yes        ; |top_level|disparity_estimator:DISP_EST_RED|remainder_pipe[17][9]            ;
; 3:1                ; 38 bits   ; 76 LEs        ; 38 LEs               ; 38 LEs                 ; Yes        ; |top_level|disparity_estimator:DISP_EST_RED|remainder_pipe[18][18]           ;
; 3:1                ; 38 bits   ; 76 LEs        ; 38 LEs               ; 38 LEs                 ; Yes        ; |top_level|disparity_estimator:DISP_EST_RED|remainder_pipe[19][19]           ;
; 3:1                ; 38 bits   ; 76 LEs        ; 38 LEs               ; 38 LEs                 ; Yes        ; |top_level|disparity_estimator:DISP_EST_RED|remainder_pipe[20][10]           ;
; 3:1                ; 38 bits   ; 76 LEs        ; 38 LEs               ; 38 LEs                 ; Yes        ; |top_level|disparity_estimator:DISP_EST_RED|remainder_pipe[21][18]           ;
; 3:1                ; 38 bits   ; 76 LEs        ; 38 LEs               ; 38 LEs                 ; Yes        ; |top_level|disparity_estimator:DISP_EST_RED|remainder_pipe[22][19]           ;
; 3:1                ; 38 bits   ; 76 LEs        ; 38 LEs               ; 38 LEs                 ; Yes        ; |top_level|disparity_estimator:DISP_EST_RED|remainder_pipe[23][10]           ;
; 3:1                ; 38 bits   ; 76 LEs        ; 38 LEs               ; 38 LEs                 ; Yes        ; |top_level|disparity_estimator:DISP_EST_RED|remainder_pipe[24][10]           ;
; 3:1                ; 38 bits   ; 76 LEs        ; 38 LEs               ; 38 LEs                 ; Yes        ; |top_level|disparity_estimator:DISP_EST_RED|remainder_pipe[25][10]           ;
; 3:1                ; 38 bits   ; 76 LEs        ; 38 LEs               ; 38 LEs                 ; Yes        ; |top_level|disparity_estimator:DISP_EST_RED|remainder_pipe[26][10]           ;
; 3:1                ; 38 bits   ; 76 LEs        ; 38 LEs               ; 38 LEs                 ; Yes        ; |top_level|disparity_estimator:DISP_EST_RED|remainder_pipe[27][9]            ;
; 3:1                ; 38 bits   ; 76 LEs        ; 38 LEs               ; 38 LEs                 ; Yes        ; |top_level|disparity_estimator:DISP_EST_RED|remainder_pipe[28][18]           ;
; 3:1                ; 38 bits   ; 76 LEs        ; 38 LEs               ; 38 LEs                 ; Yes        ; |top_level|disparity_estimator:DISP_EST_RED|remainder_pipe[29][19]           ;
; 3:1                ; 38 bits   ; 76 LEs        ; 38 LEs               ; 38 LEs                 ; Yes        ; |top_level|disparity_estimator:DISP_EST_RED|remainder_pipe[30][9]            ;
; 3:1                ; 38 bits   ; 76 LEs        ; 38 LEs               ; 38 LEs                 ; Yes        ; |top_level|disparity_estimator:DISP_EST_RED|remainder_pipe[31][18]           ;
; 3:1                ; 38 bits   ; 76 LEs        ; 38 LEs               ; 38 LEs                 ; Yes        ; |top_level|disparity_estimator:DISP_EST_RED|remainder_pipe[32][19]           ;
; 3:1                ; 38 bits   ; 76 LEs        ; 38 LEs               ; 38 LEs                 ; Yes        ; |top_level|disparity_estimator:DISP_EST_RED|remainder_pipe[33][10]           ;
; 3:1                ; 38 bits   ; 76 LEs        ; 38 LEs               ; 38 LEs                 ; Yes        ; |top_level|disparity_estimator:DISP_EST_RED|remainder_pipe[34][18]           ;
; 3:1                ; 38 bits   ; 76 LEs        ; 38 LEs               ; 38 LEs                 ; Yes        ; |top_level|disparity_estimator:DISP_EST_RED|remainder_pipe[35][19]           ;
; 3:1                ; 38 bits   ; 76 LEs        ; 38 LEs               ; 38 LEs                 ; Yes        ; |top_level|disparity_estimator:DISP_EST_RED|remainder_pipe[36][10]           ;
; 3:1                ; 38 bits   ; 76 LEs        ; 38 LEs               ; 38 LEs                 ; Yes        ; |top_level|disparity_estimator:DISP_EST_RED|remainder_pipe[37][10]           ;
; 3:1                ; 38 bits   ; 76 LEs        ; 38 LEs               ; 38 LEs                 ; Yes        ; |top_level|disparity_estimator:DISP_EST_RED|remainder_pipe[38][10]           ;
; 3:1                ; 37 bits   ; 74 LEs        ; 0 LEs                ; 74 LEs                 ; Yes        ; |top_level|disparity_estimator:DISP_EST_RED|remainder_pipe[39][19]           ;
; 3:1                ; 37 bits   ; 74 LEs        ; 0 LEs                ; 74 LEs                 ; Yes        ; |top_level|disparity_estimator:DISP_EST_RED|remainder_pipe[40][17]           ;
; 3:1                ; 37 bits   ; 74 LEs        ; 0 LEs                ; 74 LEs                 ; Yes        ; |top_level|disparity_estimator:DISP_EST_RED|remainder_pipe[41][18]           ;
; 3:1                ; 37 bits   ; 74 LEs        ; 0 LEs                ; 74 LEs                 ; Yes        ; |top_level|disparity_estimator:DISP_EST_RED|remainder_pipe[42][9]            ;
; 3:1                ; 37 bits   ; 74 LEs        ; 0 LEs                ; 74 LEs                 ; Yes        ; |top_level|disparity_estimator:DISP_EST_RED|remainder_pipe[43][8]            ;
; 3:1                ; 37 bits   ; 74 LEs        ; 0 LEs                ; 74 LEs                 ; Yes        ; |top_level|disparity_estimator:DISP_EST_RED|remainder_pipe[44][9]            ;
; 3:1                ; 37 bits   ; 74 LEs        ; 0 LEs                ; 74 LEs                 ; Yes        ; |top_level|disparity_estimator:DISP_EST_RED|remainder_pipe[45][17]           ;
; 3:1                ; 37 bits   ; 74 LEs        ; 0 LEs                ; 74 LEs                 ; Yes        ; |top_level|disparity_estimator:DISP_EST_RED|remainder_pipe[46][18]           ;
; 3:1                ; 37 bits   ; 74 LEs        ; 0 LEs                ; 74 LEs                 ; Yes        ; |top_level|disparity_estimator:DISP_EST_RED|remainder_pipe[47][17]           ;
; 3:1                ; 37 bits   ; 74 LEs        ; 0 LEs                ; 74 LEs                 ; Yes        ; |top_level|disparity_estimator:DISP_EST_RED|remainder_pipe[48][8]            ;
; 3:1                ; 37 bits   ; 74 LEs        ; 0 LEs                ; 74 LEs                 ; Yes        ; |top_level|disparity_estimator:DISP_EST_RED|remainder_pipe[49][10]           ;
; 3:1                ; 37 bits   ; 74 LEs        ; 0 LEs                ; 74 LEs                 ; Yes        ; |top_level|disparity_estimator:DISP_EST_RED|remainder_pipe[50][17]           ;
; 3:1                ; 37 bits   ; 74 LEs        ; 0 LEs                ; 74 LEs                 ; Yes        ; |top_level|disparity_estimator:DISP_EST_RED|remainder_pipe[51][18]           ;
; 3:1                ; 37 bits   ; 74 LEs        ; 0 LEs                ; 74 LEs                 ; Yes        ; |top_level|disparity_estimator:DISP_EST_RED|remainder_pipe[52][28]           ;
; 3:1                ; 37 bits   ; 74 LEs        ; 0 LEs                ; 74 LEs                 ; Yes        ; |top_level|disparity_estimator:DISP_EST_RED|remainder_pipe[53][9]            ;
; 3:1                ; 15 bits   ; 30 LEs        ; 0 LEs                ; 30 LEs                 ; Yes        ; |top_level|fused_aligned_output:FAO_RED|remainder_pipe[1][14]                ;
; 3:1                ; 16 bits   ; 32 LEs        ; 16 LEs               ; 16 LEs                 ; Yes        ; |top_level|fused_aligned_output:FAO_RED|remainder_pipe[2][7]                 ;
; 3:1                ; 16 bits   ; 32 LEs        ; 16 LEs               ; 16 LEs                 ; Yes        ; |top_level|fused_aligned_output:FAO_RED|remainder_pipe[3][15]                ;
; 3:1                ; 16 bits   ; 32 LEs        ; 16 LEs               ; 16 LEs                 ; Yes        ; |top_level|fused_aligned_output:FAO_RED|remainder_pipe[4][15]                ;
; 3:1                ; 16 bits   ; 32 LEs        ; 16 LEs               ; 16 LEs                 ; Yes        ; |top_level|fused_aligned_output:FAO_RED|remainder_pipe[5][7]                 ;
; 3:1                ; 16 bits   ; 32 LEs        ; 16 LEs               ; 16 LEs                 ; Yes        ; |top_level|fused_aligned_output:FAO_RED|remainder_pipe[6][7]                 ;
; 3:1                ; 16 bits   ; 32 LEs        ; 16 LEs               ; 16 LEs                 ; Yes        ; |top_level|fused_aligned_output:FAO_RED|remainder_pipe[7][7]                 ;
; 3:1                ; 16 bits   ; 32 LEs        ; 16 LEs               ; 16 LEs                 ; Yes        ; |top_level|fused_aligned_output:FAO_RED|remainder_pipe[8][15]                ;
; 3:1                ; 16 bits   ; 32 LEs        ; 16 LEs               ; 16 LEs                 ; Yes        ; |top_level|fused_aligned_output:FAO_RED|remainder_pipe[9][15]                ;
; 3:1                ; 16 bits   ; 32 LEs        ; 16 LEs               ; 16 LEs                 ; Yes        ; |top_level|fused_aligned_output:FAO_RED|remainder_pipe[10][7]                ;
; 3:1                ; 16 bits   ; 32 LEs        ; 16 LEs               ; 16 LEs                 ; Yes        ; |top_level|fused_aligned_output:FAO_RED|remainder_pipe[11][15]               ;
; 3:1                ; 16 bits   ; 32 LEs        ; 16 LEs               ; 16 LEs                 ; Yes        ; |top_level|fused_aligned_output:FAO_RED|remainder_pipe[12][7]                ;
; 3:1                ; 16 bits   ; 32 LEs        ; 16 LEs               ; 16 LEs                 ; Yes        ; |top_level|fused_aligned_output:FAO_RED|remainder_pipe[13][15]               ;
; 3:1                ; 16 bits   ; 32 LEs        ; 16 LEs               ; 16 LEs                 ; Yes        ; |top_level|fused_aligned_output:FAO_RED|remainder_pipe[14][15]               ;
; 3:1                ; 16 bits   ; 32 LEs        ; 16 LEs               ; 16 LEs                 ; Yes        ; |top_level|fused_aligned_output:FAO_RED|remainder_pipe[15][7]                ;
; 3:1                ; 16 bits   ; 32 LEs        ; 16 LEs               ; 16 LEs                 ; Yes        ; |top_level|fused_aligned_output:FAO_RED|remainder_pipe[16][15]               ;
; 3:1                ; 16 bits   ; 32 LEs        ; 16 LEs               ; 16 LEs                 ; Yes        ; |top_level|fused_aligned_output:FAO_RED|remainder_pipe[17][5]                ;
; 3:1                ; 16 bits   ; 32 LEs        ; 16 LEs               ; 16 LEs                 ; Yes        ; |top_level|fused_aligned_output:FAO_RED|remainder_pipe[18][0]                ;
; 3:1                ; 16 bits   ; 32 LEs        ; 16 LEs               ; 16 LEs                 ; Yes        ; |top_level|fused_aligned_output:FAO_RED|remainder_pipe[19][7]                ;
; 3:1                ; 16 bits   ; 32 LEs        ; 16 LEs               ; 16 LEs                 ; Yes        ; |top_level|fused_aligned_output:FAO_RED|remainder_pipe[20][0]                ;
; 3:1                ; 16 bits   ; 32 LEs        ; 16 LEs               ; 16 LEs                 ; Yes        ; |top_level|fused_aligned_output:FAO_RED|remainder_pipe[21][7]                ;
; 3:1                ; 16 bits   ; 32 LEs        ; 16 LEs               ; 16 LEs                 ; Yes        ; |top_level|fused_aligned_output:FAO_RED|remainder_pipe[22][15]               ;
; 3:1                ; 16 bits   ; 32 LEs        ; 16 LEs               ; 16 LEs                 ; Yes        ; |top_level|fused_aligned_output:FAO_RED|remainder_pipe[23][15]               ;
; 3:1                ; 16 bits   ; 32 LEs        ; 16 LEs               ; 16 LEs                 ; Yes        ; |top_level|fused_aligned_output:FAO_RED|remainder_pipe[24][7]                ;
; 3:1                ; 16 bits   ; 32 LEs        ; 16 LEs               ; 16 LEs                 ; Yes        ; |top_level|fused_aligned_output:FAO_RED|remainder_pipe[25][7]                ;
; 3:1                ; 16 bits   ; 32 LEs        ; 16 LEs               ; 16 LEs                 ; Yes        ; |top_level|fused_aligned_output:FAO_RED|remainder_pipe[26][7]                ;
; 3:1                ; 16 bits   ; 32 LEs        ; 16 LEs               ; 16 LEs                 ; Yes        ; |top_level|fused_aligned_output:FAO_RED|remainder_pipe[27][15]               ;
; 3:1                ; 16 bits   ; 32 LEs        ; 16 LEs               ; 16 LEs                 ; Yes        ; |top_level|fused_aligned_output:FAO_RED|remainder_pipe[28][15]               ;
; 3:1                ; 16 bits   ; 32 LEs        ; 16 LEs               ; 16 LEs                 ; Yes        ; |top_level|fused_aligned_output:FAO_RED|remainder_pipe[29][7]                ;
; 3:1                ; 16 bits   ; 32 LEs        ; 16 LEs               ; 16 LEs                 ; Yes        ; |top_level|fused_aligned_output:FAO_RED|remainder_pipe[30][0]                ;
; 3:1                ; 16 bits   ; 32 LEs        ; 16 LEs               ; 16 LEs                 ; Yes        ; |top_level|fused_aligned_output:FAO_RED|remainder_pipe[31][7]                ;
; 3:1                ; 16 bits   ; 32 LEs        ; 16 LEs               ; 16 LEs                 ; Yes        ; |top_level|fused_aligned_output:FAO_RED|remainder_pipe[32][15]               ;
; 3:1                ; 16 bits   ; 32 LEs        ; 16 LEs               ; 16 LEs                 ; Yes        ; |top_level|fused_aligned_output:FAO_RED|remainder_pipe[33][15]               ;
; 3:1                ; 16 bits   ; 32 LEs        ; 16 LEs               ; 16 LEs                 ; Yes        ; |top_level|fused_aligned_output:FAO_RED|remainder_pipe[34][7]                ;
; 3:1                ; 16 bits   ; 32 LEs        ; 16 LEs               ; 16 LEs                 ; Yes        ; |top_level|fused_aligned_output:FAO_RED|remainder_pipe[35][0]                ;
; 3:1                ; 16 bits   ; 32 LEs        ; 16 LEs               ; 16 LEs                 ; Yes        ; |top_level|fused_aligned_output:FAO_RED|remainder_pipe[36][7]                ;
; 3:1                ; 16 bits   ; 32 LEs        ; 16 LEs               ; 16 LEs                 ; Yes        ; |top_level|fused_aligned_output:FAO_RED|remainder_pipe[37][3]                ;
; 3:1                ; 16 bits   ; 32 LEs        ; 16 LEs               ; 16 LEs                 ; Yes        ; |top_level|fused_aligned_output:FAO_RED|remainder_pipe[38][3]                ;
; 3:1                ; 16 bits   ; 32 LEs        ; 16 LEs               ; 16 LEs                 ; Yes        ; |top_level|fused_aligned_output:FAO_RED|remainder_pipe[39][0]                ;
; 3:1                ; 35 bits   ; 70 LEs        ; 0 LEs                ; 70 LEs                 ; Yes        ; |top_level|disparity_estimator:DISP_EST_RED|dividend_pipe[0][34]             ;
; 3:1                ; 40 bits   ; 80 LEs        ; 40 LEs               ; 40 LEs                 ; Yes        ; |top_level|fused_aligned_output:FAO_RED|dividend_pipe[0][3]                  ;
; 3:1                ; 14 bits   ; 28 LEs        ; 0 LEs                ; 28 LEs                 ; Yes        ; |top_level|epi_compiler:EPIC_RED|epi_column_idx_out[2]                       ;
; 3:1                ; 7 bits    ; 14 LEs        ; 7 LEs                ; 7 LEs                  ; Yes        ; |top_level|bit_shift_low_pass_filter:BSLPF_RED|row_out_count[6]              ;
; 4:1                ; 7 bits    ; 14 LEs        ; 14 LEs               ; 0 LEs                  ; Yes        ; |top_level|bit_shift_low_pass_filter:BSLPF_RED|column_out_count[0]           ;
; 4:1                ; 9 bits    ; 18 LEs        ; 9 LEs                ; 9 LEs                  ; Yes        ; |top_level|bit_shift_low_pass_filter:BSLPF_RED|start_lag_buffer_count[0]     ;
; 4:1                ; 10 bits   ; 20 LEs        ; 0 LEs                ; 20 LEs                 ; Yes        ; |top_level|bit_shift_low_pass_filter:BSLPF_RED|end_lag_buffer_count[1]       ;
; 5:1                ; 7 bits    ; 21 LEs        ; 14 LEs               ; 7 LEs                  ; Yes        ; |top_level|bit_shift_low_pass_filter:BSLPF_RED|row_in_count[4]               ;
; 6:1                ; 7 bits    ; 28 LEs        ; 21 LEs               ; 7 LEs                  ; Yes        ; |top_level|bit_shift_low_pass_filter:BSLPF_RED|column_in_count[5]            ;
; 3:1                ; 90 bits   ; 180 LEs       ; 90 LEs               ; 90 LEs                 ; Yes        ; |top_level|epi_compiler:EPIC_RED|epi_column_out[1][3]                        ;
; 6:1                ; 28 bits   ; 112 LEs       ; 56 LEs               ; 56 LEs                 ; Yes        ; |top_level|disparity_estimator:DISP_EST_RED|disparity_pixel_out[10]          ;
; 3:1                ; 14 bits   ; 28 LEs        ; 0 LEs                ; 28 LEs                 ; Yes        ; |top_level|fused_aligned_output:FAO_RED|shared_rd_addr[3][3]                 ;
; 3:1                ; 38 bits   ; 76 LEs        ; 0 LEs                ; 76 LEs                 ; Yes        ; |top_level|fused_aligned_output:FAO_RED|shared_wr_data[2][12]                ;
; 3:1                ; 29 bits   ; 58 LEs        ; 0 LEs                ; 58 LEs                 ; Yes        ; |top_level|fused_aligned_output:FAO_RED|shared_wr_data[1][5]                 ;
; 3:1                ; 29 bits   ; 58 LEs        ; 0 LEs                ; 58 LEs                 ; Yes        ; |top_level|fused_aligned_output:FAO_RED|shared_wr_addr[0][2]                 ;
; 3:1                ; 15 bits   ; 30 LEs        ; 0 LEs                ; 30 LEs                 ; Yes        ; |top_level|fused_aligned_output:FAO_RED|v_conf_bypass_pixel_d[14]            ;
; 3:1                ; 23 bits   ; 46 LEs        ; 46 LEs               ; 0 LEs                  ; No         ; |top_level|fused_aligned_output:FAO_RED|disparity_q12_12_tmp[2]              ;
; 3:1                ; 15 bits   ; 30 LEs        ; 15 LEs               ; 15 LEs                 ; Yes        ; |top_level|fused_aligned_output:FAO_RED|conf_sum_3d[2]                       ;
; 5:1                ; 24 bits   ; 72 LEs        ; 48 LEs               ; 24 LEs                 ; Yes        ; |top_level|fused_aligned_output:FAO_RED|weighted_disparity_pixel_bit_data[6] ;
; 3:1                ; 14 bits   ; 28 LEs        ; 0 LEs                ; 28 LEs                 ; Yes        ; |top_level|epi_compiler:EPIC_RED|v_spatial_idx_d[5]                          ;
; 4:1                ; 5 bits    ; 10 LEs        ; 10 LEs               ; 0 LEs                  ; Yes        ; |top_level|epi_compiler:EPIC_RED|capture_in_count[0]                         ;
; 5:1                ; 7 bits    ; 21 LEs        ; 14 LEs               ; 7 LEs                  ; Yes        ; |top_level|epi_compiler:EPIC_RED|v_spatial_idx[3]                            ;
; 5:1                ; 7 bits    ; 21 LEs        ; 14 LEs               ; 7 LEs                  ; Yes        ; |top_level|epi_compiler:EPIC_RED|v_epi_idx[1]                                ;
; 6:1                ; 7 bits    ; 28 LEs        ; 21 LEs               ; 7 LEs                  ; Yes        ; |top_level|epi_compiler:EPIC_RED|row_in_count[4]                             ;
; 7:1                ; 7 bits    ; 28 LEs        ; 28 LEs               ; 0 LEs                  ; Yes        ; |top_level|epi_compiler:EPIC_RED|column_in_count[0]                          ;
+--------------------+-----------+---------------+----------------------+------------------------+------------+------------------------------------------------------------------------------+


+---------------------------------------------------------+
; Source assignments for shared_frame_storage:SHARED_RED  ;
+-------------------+-------+------+----------------------+
; Assignment        ; Value ; From ; To                   ;
+-------------------+-------+------+----------------------+
; PRESERVE_REGISTER ; on    ; -    ; bank8_rd_addr_q[0]   ;
; MAX_FANOUT        ; 4     ; -    ; bank8_rd_addr_q[0]   ;
; PRESERVE_REGISTER ; on    ; -    ; bank8_rd_addr_q[1]   ;
; MAX_FANOUT        ; 4     ; -    ; bank8_rd_addr_q[1]   ;
; PRESERVE_REGISTER ; on    ; -    ; bank8_rd_addr_q[2]   ;
; MAX_FANOUT        ; 4     ; -    ; bank8_rd_addr_q[2]   ;
; PRESERVE_REGISTER ; on    ; -    ; bank8_rd_addr_q[3]   ;
; MAX_FANOUT        ; 4     ; -    ; bank8_rd_addr_q[3]   ;
; PRESERVE_REGISTER ; on    ; -    ; bank8_rd_addr_q[4]   ;
; MAX_FANOUT        ; 4     ; -    ; bank8_rd_addr_q[4]   ;
; PRESERVE_REGISTER ; on    ; -    ; bank8_rd_addr_q[5]   ;
; MAX_FANOUT        ; 4     ; -    ; bank8_rd_addr_q[5]   ;
; PRESERVE_REGISTER ; on    ; -    ; bank8_rd_addr_q[6]   ;
; MAX_FANOUT        ; 4     ; -    ; bank8_rd_addr_q[6]   ;
; PRESERVE_REGISTER ; on    ; -    ; bank8_rd_addr_q[7]   ;
; MAX_FANOUT        ; 4     ; -    ; bank8_rd_addr_q[7]   ;
; PRESERVE_REGISTER ; on    ; -    ; bank8_rd_addr_q[8]   ;
; MAX_FANOUT        ; 4     ; -    ; bank8_rd_addr_q[8]   ;
; PRESERVE_REGISTER ; on    ; -    ; bank8_rd_addr_q[9]   ;
; MAX_FANOUT        ; 4     ; -    ; bank8_rd_addr_q[9]   ;
; PRESERVE_REGISTER ; on    ; -    ; bank8_rd_addr_q[10]  ;
; MAX_FANOUT        ; 4     ; -    ; bank8_rd_addr_q[10]  ;
; PRESERVE_REGISTER ; on    ; -    ; bank8_rd_addr_q[11]  ;
; MAX_FANOUT        ; 4     ; -    ; bank8_rd_addr_q[11]  ;
; PRESERVE_REGISTER ; on    ; -    ; bank8_rd_addr_q[12]  ;
; MAX_FANOUT        ; 4     ; -    ; bank8_rd_addr_q[12]  ;
; PRESERVE_REGISTER ; on    ; -    ; bank8_rd_addr_q[13]  ;
; MAX_FANOUT        ; 4     ; -    ; bank8_rd_addr_q[13]  ;
; PRESERVE_REGISTER ; on    ; -    ; bank7_rd_addr_q[0]   ;
; MAX_FANOUT        ; 4     ; -    ; bank7_rd_addr_q[0]   ;
; PRESERVE_REGISTER ; on    ; -    ; bank7_rd_addr_q[1]   ;
; MAX_FANOUT        ; 4     ; -    ; bank7_rd_addr_q[1]   ;
; PRESERVE_REGISTER ; on    ; -    ; bank7_rd_addr_q[2]   ;
; MAX_FANOUT        ; 4     ; -    ; bank7_rd_addr_q[2]   ;
; PRESERVE_REGISTER ; on    ; -    ; bank7_rd_addr_q[3]   ;
; MAX_FANOUT        ; 4     ; -    ; bank7_rd_addr_q[3]   ;
; PRESERVE_REGISTER ; on    ; -    ; bank7_rd_addr_q[4]   ;
; MAX_FANOUT        ; 4     ; -    ; bank7_rd_addr_q[4]   ;
; PRESERVE_REGISTER ; on    ; -    ; bank7_rd_addr_q[5]   ;
; MAX_FANOUT        ; 4     ; -    ; bank7_rd_addr_q[5]   ;
; PRESERVE_REGISTER ; on    ; -    ; bank7_rd_addr_q[6]   ;
; MAX_FANOUT        ; 4     ; -    ; bank7_rd_addr_q[6]   ;
; PRESERVE_REGISTER ; on    ; -    ; bank7_rd_addr_q[7]   ;
; MAX_FANOUT        ; 4     ; -    ; bank7_rd_addr_q[7]   ;
; PRESERVE_REGISTER ; on    ; -    ; bank7_rd_addr_q[8]   ;
; MAX_FANOUT        ; 4     ; -    ; bank7_rd_addr_q[8]   ;
; PRESERVE_REGISTER ; on    ; -    ; bank7_rd_addr_q[9]   ;
; MAX_FANOUT        ; 4     ; -    ; bank7_rd_addr_q[9]   ;
; PRESERVE_REGISTER ; on    ; -    ; bank7_rd_addr_q[10]  ;
; MAX_FANOUT        ; 4     ; -    ; bank7_rd_addr_q[10]  ;
; PRESERVE_REGISTER ; on    ; -    ; bank7_rd_addr_q[11]  ;
; MAX_FANOUT        ; 4     ; -    ; bank7_rd_addr_q[11]  ;
; PRESERVE_REGISTER ; on    ; -    ; bank7_rd_addr_q[12]  ;
; MAX_FANOUT        ; 4     ; -    ; bank7_rd_addr_q[12]  ;
; PRESERVE_REGISTER ; on    ; -    ; bank7_rd_addr_q[13]  ;
; MAX_FANOUT        ; 4     ; -    ; bank7_rd_addr_q[13]  ;
; PRESERVE_REGISTER ; on    ; -    ; bank6_rd_addr_q[0]   ;
; MAX_FANOUT        ; 4     ; -    ; bank6_rd_addr_q[0]   ;
; PRESERVE_REGISTER ; on    ; -    ; bank6_rd_addr_q[1]   ;
; MAX_FANOUT        ; 4     ; -    ; bank6_rd_addr_q[1]   ;
; PRESERVE_REGISTER ; on    ; -    ; bank6_rd_addr_q[2]   ;
; MAX_FANOUT        ; 4     ; -    ; bank6_rd_addr_q[2]   ;
; PRESERVE_REGISTER ; on    ; -    ; bank6_rd_addr_q[3]   ;
; MAX_FANOUT        ; 4     ; -    ; bank6_rd_addr_q[3]   ;
; PRESERVE_REGISTER ; on    ; -    ; bank6_rd_addr_q[4]   ;
; MAX_FANOUT        ; 4     ; -    ; bank6_rd_addr_q[4]   ;
; PRESERVE_REGISTER ; on    ; -    ; bank6_rd_addr_q[5]   ;
; MAX_FANOUT        ; 4     ; -    ; bank6_rd_addr_q[5]   ;
; PRESERVE_REGISTER ; on    ; -    ; bank6_rd_addr_q[6]   ;
; MAX_FANOUT        ; 4     ; -    ; bank6_rd_addr_q[6]   ;
; PRESERVE_REGISTER ; on    ; -    ; bank6_rd_addr_q[7]   ;
; MAX_FANOUT        ; 4     ; -    ; bank6_rd_addr_q[7]   ;
; PRESERVE_REGISTER ; on    ; -    ; bank6_rd_addr_q[8]   ;
; MAX_FANOUT        ; 4     ; -    ; bank6_rd_addr_q[8]   ;
; PRESERVE_REGISTER ; on    ; -    ; bank6_rd_addr_q[9]   ;
; MAX_FANOUT        ; 4     ; -    ; bank6_rd_addr_q[9]   ;
; PRESERVE_REGISTER ; on    ; -    ; bank6_rd_addr_q[10]  ;
; MAX_FANOUT        ; 4     ; -    ; bank6_rd_addr_q[10]  ;
; PRESERVE_REGISTER ; on    ; -    ; bank6_rd_addr_q[11]  ;
; MAX_FANOUT        ; 4     ; -    ; bank6_rd_addr_q[11]  ;
; PRESERVE_REGISTER ; on    ; -    ; bank6_rd_addr_q[12]  ;
; MAX_FANOUT        ; 4     ; -    ; bank6_rd_addr_q[12]  ;
; PRESERVE_REGISTER ; on    ; -    ; bank6_rd_addr_q[13]  ;
; MAX_FANOUT        ; 4     ; -    ; bank6_rd_addr_q[13]  ;
; PRESERVE_REGISTER ; on    ; -    ; bank5_rd_addr_q[0]   ;
; MAX_FANOUT        ; 4     ; -    ; bank5_rd_addr_q[0]   ;
; PRESERVE_REGISTER ; on    ; -    ; bank5_rd_addr_q[1]   ;
; MAX_FANOUT        ; 4     ; -    ; bank5_rd_addr_q[1]   ;
; PRESERVE_REGISTER ; on    ; -    ; bank5_rd_addr_q[2]   ;
; MAX_FANOUT        ; 4     ; -    ; bank5_rd_addr_q[2]   ;
; PRESERVE_REGISTER ; on    ; -    ; bank5_rd_addr_q[3]   ;
; MAX_FANOUT        ; 4     ; -    ; bank5_rd_addr_q[3]   ;
; PRESERVE_REGISTER ; on    ; -    ; bank5_rd_addr_q[4]   ;
; MAX_FANOUT        ; 4     ; -    ; bank5_rd_addr_q[4]   ;
; PRESERVE_REGISTER ; on    ; -    ; bank5_rd_addr_q[5]   ;
; MAX_FANOUT        ; 4     ; -    ; bank5_rd_addr_q[5]   ;
; PRESERVE_REGISTER ; on    ; -    ; bank5_rd_addr_q[6]   ;
; MAX_FANOUT        ; 4     ; -    ; bank5_rd_addr_q[6]   ;
; PRESERVE_REGISTER ; on    ; -    ; bank5_rd_addr_q[7]   ;
; MAX_FANOUT        ; 4     ; -    ; bank5_rd_addr_q[7]   ;
; PRESERVE_REGISTER ; on    ; -    ; bank5_rd_addr_q[8]   ;
; MAX_FANOUT        ; 4     ; -    ; bank5_rd_addr_q[8]   ;
; PRESERVE_REGISTER ; on    ; -    ; bank5_rd_addr_q[9]   ;
; MAX_FANOUT        ; 4     ; -    ; bank5_rd_addr_q[9]   ;
; PRESERVE_REGISTER ; on    ; -    ; bank5_rd_addr_q[10]  ;
; MAX_FANOUT        ; 4     ; -    ; bank5_rd_addr_q[10]  ;
; PRESERVE_REGISTER ; on    ; -    ; bank5_rd_addr_q[11]  ;
; MAX_FANOUT        ; 4     ; -    ; bank5_rd_addr_q[11]  ;
; PRESERVE_REGISTER ; on    ; -    ; bank5_rd_addr_q[12]  ;
; MAX_FANOUT        ; 4     ; -    ; bank5_rd_addr_q[12]  ;
; PRESERVE_REGISTER ; on    ; -    ; bank5_rd_addr_q[13]  ;
; MAX_FANOUT        ; 4     ; -    ; bank5_rd_addr_q[13]  ;
; PRESERVE_REGISTER ; on    ; -    ; bank11_rd_addr_q[0]  ;
; MAX_FANOUT        ; 2     ; -    ; bank11_rd_addr_q[0]  ;
; PRESERVE_REGISTER ; on    ; -    ; bank11_rd_addr_q[1]  ;
; MAX_FANOUT        ; 2     ; -    ; bank11_rd_addr_q[1]  ;
; PRESERVE_REGISTER ; on    ; -    ; bank11_rd_addr_q[2]  ;
; MAX_FANOUT        ; 2     ; -    ; bank11_rd_addr_q[2]  ;
; PRESERVE_REGISTER ; on    ; -    ; bank11_rd_addr_q[3]  ;
; MAX_FANOUT        ; 2     ; -    ; bank11_rd_addr_q[3]  ;
; PRESERVE_REGISTER ; on    ; -    ; bank11_rd_addr_q[4]  ;
; MAX_FANOUT        ; 2     ; -    ; bank11_rd_addr_q[4]  ;
; PRESERVE_REGISTER ; on    ; -    ; bank11_rd_addr_q[5]  ;
; MAX_FANOUT        ; 2     ; -    ; bank11_rd_addr_q[5]  ;
; PRESERVE_REGISTER ; on    ; -    ; bank11_rd_addr_q[6]  ;
; MAX_FANOUT        ; 2     ; -    ; bank11_rd_addr_q[6]  ;
; PRESERVE_REGISTER ; on    ; -    ; bank11_rd_addr_q[7]  ;
; MAX_FANOUT        ; 2     ; -    ; bank11_rd_addr_q[7]  ;
; PRESERVE_REGISTER ; on    ; -    ; bank11_rd_addr_q[8]  ;
; MAX_FANOUT        ; 2     ; -    ; bank11_rd_addr_q[8]  ;
; PRESERVE_REGISTER ; on    ; -    ; bank11_rd_addr_q[9]  ;
; MAX_FANOUT        ; 2     ; -    ; bank11_rd_addr_q[9]  ;
; PRESERVE_REGISTER ; on    ; -    ; bank11_rd_addr_q[10] ;
; MAX_FANOUT        ; 2     ; -    ; bank11_rd_addr_q[10] ;
; PRESERVE_REGISTER ; on    ; -    ; bank11_rd_addr_q[11] ;
; MAX_FANOUT        ; 2     ; -    ; bank11_rd_addr_q[11] ;
; PRESERVE_REGISTER ; on    ; -    ; bank11_rd_addr_q[12] ;
; MAX_FANOUT        ; 2     ; -    ; bank11_rd_addr_q[12] ;
; PRESERVE_REGISTER ; on    ; -    ; bank11_rd_addr_q[13] ;
; MAX_FANOUT        ; 2     ; -    ; bank11_rd_addr_q[13] ;
; PRESERVE_REGISTER ; on    ; -    ; bank10_rd_addr_q[0]  ;
; MAX_FANOUT        ; 4     ; -    ; bank10_rd_addr_q[0]  ;
; PRESERVE_REGISTER ; on    ; -    ; bank10_rd_addr_q[1]  ;
; MAX_FANOUT        ; 4     ; -    ; bank10_rd_addr_q[1]  ;
; PRESERVE_REGISTER ; on    ; -    ; bank10_rd_addr_q[2]  ;
; MAX_FANOUT        ; 4     ; -    ; bank10_rd_addr_q[2]  ;
; PRESERVE_REGISTER ; on    ; -    ; bank10_rd_addr_q[3]  ;
; MAX_FANOUT        ; 4     ; -    ; bank10_rd_addr_q[3]  ;
; PRESERVE_REGISTER ; on    ; -    ; bank10_rd_addr_q[4]  ;
; MAX_FANOUT        ; 4     ; -    ; bank10_rd_addr_q[4]  ;
; PRESERVE_REGISTER ; on    ; -    ; bank10_rd_addr_q[5]  ;
; MAX_FANOUT        ; 4     ; -    ; bank10_rd_addr_q[5]  ;
; PRESERVE_REGISTER ; on    ; -    ; bank10_rd_addr_q[6]  ;
; MAX_FANOUT        ; 4     ; -    ; bank10_rd_addr_q[6]  ;
; PRESERVE_REGISTER ; on    ; -    ; bank10_rd_addr_q[7]  ;
; MAX_FANOUT        ; 4     ; -    ; bank10_rd_addr_q[7]  ;
; PRESERVE_REGISTER ; on    ; -    ; bank10_rd_addr_q[8]  ;
; MAX_FANOUT        ; 4     ; -    ; bank10_rd_addr_q[8]  ;
; PRESERVE_REGISTER ; on    ; -    ; bank10_rd_addr_q[9]  ;
; MAX_FANOUT        ; 4     ; -    ; bank10_rd_addr_q[9]  ;
; PRESERVE_REGISTER ; on    ; -    ; bank10_rd_addr_q[10] ;
; MAX_FANOUT        ; 4     ; -    ; bank10_rd_addr_q[10] ;
; PRESERVE_REGISTER ; on    ; -    ; bank10_rd_addr_q[11] ;
; MAX_FANOUT        ; 4     ; -    ; bank10_rd_addr_q[11] ;
; PRESERVE_REGISTER ; on    ; -    ; bank10_rd_addr_q[12] ;
; MAX_FANOUT        ; 4     ; -    ; bank10_rd_addr_q[12] ;
; PRESERVE_REGISTER ; on    ; -    ; bank10_rd_addr_q[13] ;
; MAX_FANOUT        ; 4     ; -    ; bank10_rd_addr_q[13] ;
; PRESERVE_REGISTER ; on    ; -    ; bank9_rd_addr_q[0]   ;
; MAX_FANOUT        ; 4     ; -    ; bank9_rd_addr_q[0]   ;
; PRESERVE_REGISTER ; on    ; -    ; bank9_rd_addr_q[1]   ;
; MAX_FANOUT        ; 4     ; -    ; bank9_rd_addr_q[1]   ;
; PRESERVE_REGISTER ; on    ; -    ; bank9_rd_addr_q[2]   ;
; MAX_FANOUT        ; 4     ; -    ; bank9_rd_addr_q[2]   ;
; PRESERVE_REGISTER ; on    ; -    ; bank9_rd_addr_q[3]   ;
; MAX_FANOUT        ; 4     ; -    ; bank9_rd_addr_q[3]   ;
; PRESERVE_REGISTER ; on    ; -    ; bank9_rd_addr_q[4]   ;
; MAX_FANOUT        ; 4     ; -    ; bank9_rd_addr_q[4]   ;
; PRESERVE_REGISTER ; on    ; -    ; bank9_rd_addr_q[5]   ;
; MAX_FANOUT        ; 4     ; -    ; bank9_rd_addr_q[5]   ;
; PRESERVE_REGISTER ; on    ; -    ; bank9_rd_addr_q[6]   ;
; MAX_FANOUT        ; 4     ; -    ; bank9_rd_addr_q[6]   ;
; PRESERVE_REGISTER ; on    ; -    ; bank9_rd_addr_q[7]   ;
; MAX_FANOUT        ; 4     ; -    ; bank9_rd_addr_q[7]   ;
; PRESERVE_REGISTER ; on    ; -    ; bank9_rd_addr_q[8]   ;
; MAX_FANOUT        ; 4     ; -    ; bank9_rd_addr_q[8]   ;
; PRESERVE_REGISTER ; on    ; -    ; bank9_rd_addr_q[9]   ;
; MAX_FANOUT        ; 4     ; -    ; bank9_rd_addr_q[9]   ;
; PRESERVE_REGISTER ; on    ; -    ; bank9_rd_addr_q[10]  ;
; MAX_FANOUT        ; 4     ; -    ; bank9_rd_addr_q[10]  ;
; PRESERVE_REGISTER ; on    ; -    ; bank9_rd_addr_q[11]  ;
; MAX_FANOUT        ; 4     ; -    ; bank9_rd_addr_q[11]  ;
; PRESERVE_REGISTER ; on    ; -    ; bank9_rd_addr_q[12]  ;
; MAX_FANOUT        ; 4     ; -    ; bank9_rd_addr_q[12]  ;
; PRESERVE_REGISTER ; on    ; -    ; bank9_rd_addr_q[13]  ;
; MAX_FANOUT        ; 4     ; -    ; bank9_rd_addr_q[13]  ;
; PRESERVE_REGISTER ; on    ; -    ; bank8v_rd_addr_q[0]  ;
; MAX_FANOUT        ; 4     ; -    ; bank8v_rd_addr_q[0]  ;
; PRESERVE_REGISTER ; on    ; -    ; bank8v_rd_addr_q[1]  ;
; MAX_FANOUT        ; 4     ; -    ; bank8v_rd_addr_q[1]  ;
; PRESERVE_REGISTER ; on    ; -    ; bank8v_rd_addr_q[2]  ;
; MAX_FANOUT        ; 4     ; -    ; bank8v_rd_addr_q[2]  ;
; PRESERVE_REGISTER ; on    ; -    ; bank8v_rd_addr_q[3]  ;
; MAX_FANOUT        ; 4     ; -    ; bank8v_rd_addr_q[3]  ;
; PRESERVE_REGISTER ; on    ; -    ; bank8v_rd_addr_q[4]  ;
; MAX_FANOUT        ; 4     ; -    ; bank8v_rd_addr_q[4]  ;
; PRESERVE_REGISTER ; on    ; -    ; bank8v_rd_addr_q[5]  ;
; MAX_FANOUT        ; 4     ; -    ; bank8v_rd_addr_q[5]  ;
; PRESERVE_REGISTER ; on    ; -    ; bank8v_rd_addr_q[6]  ;
; MAX_FANOUT        ; 4     ; -    ; bank8v_rd_addr_q[6]  ;
; PRESERVE_REGISTER ; on    ; -    ; bank8v_rd_addr_q[7]  ;
; MAX_FANOUT        ; 4     ; -    ; bank8v_rd_addr_q[7]  ;
; PRESERVE_REGISTER ; on    ; -    ; bank8v_rd_addr_q[8]  ;
; MAX_FANOUT        ; 4     ; -    ; bank8v_rd_addr_q[8]  ;
; PRESERVE_REGISTER ; on    ; -    ; bank8v_rd_addr_q[9]  ;
; MAX_FANOUT        ; 4     ; -    ; bank8v_rd_addr_q[9]  ;
; PRESERVE_REGISTER ; on    ; -    ; bank8v_rd_addr_q[10] ;
; MAX_FANOUT        ; 4     ; -    ; bank8v_rd_addr_q[10] ;
; PRESERVE_REGISTER ; on    ; -    ; bank8v_rd_addr_q[11] ;
; MAX_FANOUT        ; 4     ; -    ; bank8v_rd_addr_q[11] ;
; PRESERVE_REGISTER ; on    ; -    ; bank8v_rd_addr_q[12] ;
; MAX_FANOUT        ; 4     ; -    ; bank8v_rd_addr_q[12] ;
; PRESERVE_REGISTER ; on    ; -    ; bank8v_rd_addr_q[13] ;
; MAX_FANOUT        ; 4     ; -    ; bank8v_rd_addr_q[13] ;
; PRESERVE_REGISTER ; on    ; -    ; bank4_rd_addr_q[0]   ;
; MAX_FANOUT        ; 4     ; -    ; bank4_rd_addr_q[0]   ;
; PRESERVE_REGISTER ; on    ; -    ; bank4_rd_addr_q[1]   ;
; MAX_FANOUT        ; 4     ; -    ; bank4_rd_addr_q[1]   ;
; PRESERVE_REGISTER ; on    ; -    ; bank4_rd_addr_q[2]   ;
; MAX_FANOUT        ; 4     ; -    ; bank4_rd_addr_q[2]   ;
; PRESERVE_REGISTER ; on    ; -    ; bank4_rd_addr_q[3]   ;
; MAX_FANOUT        ; 4     ; -    ; bank4_rd_addr_q[3]   ;
; PRESERVE_REGISTER ; on    ; -    ; bank4_rd_addr_q[4]   ;
; MAX_FANOUT        ; 4     ; -    ; bank4_rd_addr_q[4]   ;
; PRESERVE_REGISTER ; on    ; -    ; bank4_rd_addr_q[5]   ;
; MAX_FANOUT        ; 4     ; -    ; bank4_rd_addr_q[5]   ;
; PRESERVE_REGISTER ; on    ; -    ; bank4_rd_addr_q[6]   ;
; MAX_FANOUT        ; 4     ; -    ; bank4_rd_addr_q[6]   ;
; PRESERVE_REGISTER ; on    ; -    ; bank4_rd_addr_q[7]   ;
; MAX_FANOUT        ; 4     ; -    ; bank4_rd_addr_q[7]   ;
; PRESERVE_REGISTER ; on    ; -    ; bank4_rd_addr_q[8]   ;
; MAX_FANOUT        ; 4     ; -    ; bank4_rd_addr_q[8]   ;
; PRESERVE_REGISTER ; on    ; -    ; bank4_rd_addr_q[9]   ;
; MAX_FANOUT        ; 4     ; -    ; bank4_rd_addr_q[9]   ;
; PRESERVE_REGISTER ; on    ; -    ; bank4_rd_addr_q[10]  ;
; MAX_FANOUT        ; 4     ; -    ; bank4_rd_addr_q[10]  ;
; PRESERVE_REGISTER ; on    ; -    ; bank4_rd_addr_q[11]  ;
; MAX_FANOUT        ; 4     ; -    ; bank4_rd_addr_q[11]  ;
; PRESERVE_REGISTER ; on    ; -    ; bank4_rd_addr_q[12]  ;
; MAX_FANOUT        ; 4     ; -    ; bank4_rd_addr_q[12]  ;
; PRESERVE_REGISTER ; on    ; -    ; bank4_rd_addr_q[13]  ;
; MAX_FANOUT        ; 4     ; -    ; bank4_rd_addr_q[13]  ;
; PRESERVE_REGISTER ; on    ; -    ; bank3_rd_addr_q[0]   ;
; MAX_FANOUT        ; 4     ; -    ; bank3_rd_addr_q[0]   ;
; PRESERVE_REGISTER ; on    ; -    ; bank3_rd_addr_q[1]   ;
; MAX_FANOUT        ; 4     ; -    ; bank3_rd_addr_q[1]   ;
; PRESERVE_REGISTER ; on    ; -    ; bank3_rd_addr_q[2]   ;
; MAX_FANOUT        ; 4     ; -    ; bank3_rd_addr_q[2]   ;
; PRESERVE_REGISTER ; on    ; -    ; bank3_rd_addr_q[3]   ;
; MAX_FANOUT        ; 4     ; -    ; bank3_rd_addr_q[3]   ;
; PRESERVE_REGISTER ; on    ; -    ; bank3_rd_addr_q[4]   ;
; MAX_FANOUT        ; 4     ; -    ; bank3_rd_addr_q[4]   ;
; PRESERVE_REGISTER ; on    ; -    ; bank3_rd_addr_q[5]   ;
; MAX_FANOUT        ; 4     ; -    ; bank3_rd_addr_q[5]   ;
; PRESERVE_REGISTER ; on    ; -    ; bank3_rd_addr_q[6]   ;
; MAX_FANOUT        ; 4     ; -    ; bank3_rd_addr_q[6]   ;
; PRESERVE_REGISTER ; on    ; -    ; bank3_rd_addr_q[7]   ;
; MAX_FANOUT        ; 4     ; -    ; bank3_rd_addr_q[7]   ;
; PRESERVE_REGISTER ; on    ; -    ; bank3_rd_addr_q[8]   ;
; MAX_FANOUT        ; 4     ; -    ; bank3_rd_addr_q[8]   ;
; PRESERVE_REGISTER ; on    ; -    ; bank3_rd_addr_q[9]   ;
; MAX_FANOUT        ; 4     ; -    ; bank3_rd_addr_q[9]   ;
; PRESERVE_REGISTER ; on    ; -    ; bank3_rd_addr_q[10]  ;
; MAX_FANOUT        ; 4     ; -    ; bank3_rd_addr_q[10]  ;
; PRESERVE_REGISTER ; on    ; -    ; bank3_rd_addr_q[11]  ;
; MAX_FANOUT        ; 4     ; -    ; bank3_rd_addr_q[11]  ;
; PRESERVE_REGISTER ; on    ; -    ; bank3_rd_addr_q[12]  ;
; MAX_FANOUT        ; 4     ; -    ; bank3_rd_addr_q[12]  ;
; PRESERVE_REGISTER ; on    ; -    ; bank3_rd_addr_q[13]  ;
; MAX_FANOUT        ; 4     ; -    ; bank3_rd_addr_q[13]  ;
; PRESERVE_REGISTER ; on    ; -    ; bank2_rd_addr_q[0]   ;
; MAX_FANOUT        ; 4     ; -    ; bank2_rd_addr_q[0]   ;
; PRESERVE_REGISTER ; on    ; -    ; bank2_rd_addr_q[1]   ;
; MAX_FANOUT        ; 4     ; -    ; bank2_rd_addr_q[1]   ;
; PRESERVE_REGISTER ; on    ; -    ; bank2_rd_addr_q[2]   ;
; MAX_FANOUT        ; 4     ; -    ; bank2_rd_addr_q[2]   ;
; PRESERVE_REGISTER ; on    ; -    ; bank2_rd_addr_q[3]   ;
; MAX_FANOUT        ; 4     ; -    ; bank2_rd_addr_q[3]   ;
; PRESERVE_REGISTER ; on    ; -    ; bank2_rd_addr_q[4]   ;
; MAX_FANOUT        ; 4     ; -    ; bank2_rd_addr_q[4]   ;
; PRESERVE_REGISTER ; on    ; -    ; bank2_rd_addr_q[5]   ;
; MAX_FANOUT        ; 4     ; -    ; bank2_rd_addr_q[5]   ;
; PRESERVE_REGISTER ; on    ; -    ; bank2_rd_addr_q[6]   ;
; MAX_FANOUT        ; 4     ; -    ; bank2_rd_addr_q[6]   ;
; PRESERVE_REGISTER ; on    ; -    ; bank2_rd_addr_q[7]   ;
; MAX_FANOUT        ; 4     ; -    ; bank2_rd_addr_q[7]   ;
; PRESERVE_REGISTER ; on    ; -    ; bank2_rd_addr_q[8]   ;
; MAX_FANOUT        ; 4     ; -    ; bank2_rd_addr_q[8]   ;
; PRESERVE_REGISTER ; on    ; -    ; bank2_rd_addr_q[9]   ;
; MAX_FANOUT        ; 4     ; -    ; bank2_rd_addr_q[9]   ;
; PRESERVE_REGISTER ; on    ; -    ; bank2_rd_addr_q[10]  ;
; MAX_FANOUT        ; 4     ; -    ; bank2_rd_addr_q[10]  ;
; PRESERVE_REGISTER ; on    ; -    ; bank2_rd_addr_q[11]  ;
; MAX_FANOUT        ; 4     ; -    ; bank2_rd_addr_q[11]  ;
; PRESERVE_REGISTER ; on    ; -    ; bank2_rd_addr_q[12]  ;
; MAX_FANOUT        ; 4     ; -    ; bank2_rd_addr_q[12]  ;
; PRESERVE_REGISTER ; on    ; -    ; bank2_rd_addr_q[13]  ;
; MAX_FANOUT        ; 4     ; -    ; bank2_rd_addr_q[13]  ;
; PRESERVE_REGISTER ; on    ; -    ; bank1_rd_addr_q[0]   ;
; MAX_FANOUT        ; 4     ; -    ; bank1_rd_addr_q[0]   ;
; PRESERVE_REGISTER ; on    ; -    ; bank1_rd_addr_q[1]   ;
; MAX_FANOUT        ; 4     ; -    ; bank1_rd_addr_q[1]   ;
; PRESERVE_REGISTER ; on    ; -    ; bank1_rd_addr_q[2]   ;
; MAX_FANOUT        ; 4     ; -    ; bank1_rd_addr_q[2]   ;
; PRESERVE_REGISTER ; on    ; -    ; bank1_rd_addr_q[3]   ;
; MAX_FANOUT        ; 4     ; -    ; bank1_rd_addr_q[3]   ;
; PRESERVE_REGISTER ; on    ; -    ; bank1_rd_addr_q[4]   ;
; MAX_FANOUT        ; 4     ; -    ; bank1_rd_addr_q[4]   ;
; PRESERVE_REGISTER ; on    ; -    ; bank1_rd_addr_q[5]   ;
; MAX_FANOUT        ; 4     ; -    ; bank1_rd_addr_q[5]   ;
; PRESERVE_REGISTER ; on    ; -    ; bank1_rd_addr_q[6]   ;
; MAX_FANOUT        ; 4     ; -    ; bank1_rd_addr_q[6]   ;
; PRESERVE_REGISTER ; on    ; -    ; bank1_rd_addr_q[7]   ;
; MAX_FANOUT        ; 4     ; -    ; bank1_rd_addr_q[7]   ;
; PRESERVE_REGISTER ; on    ; -    ; bank1_rd_addr_q[8]   ;
; MAX_FANOUT        ; 4     ; -    ; bank1_rd_addr_q[8]   ;
; PRESERVE_REGISTER ; on    ; -    ; bank1_rd_addr_q[9]   ;
; MAX_FANOUT        ; 4     ; -    ; bank1_rd_addr_q[9]   ;
; PRESERVE_REGISTER ; on    ; -    ; bank1_rd_addr_q[10]  ;
; MAX_FANOUT        ; 4     ; -    ; bank1_rd_addr_q[10]  ;
; PRESERVE_REGISTER ; on    ; -    ; bank1_rd_addr_q[11]  ;
; MAX_FANOUT        ; 4     ; -    ; bank1_rd_addr_q[11]  ;
; PRESERVE_REGISTER ; on    ; -    ; bank1_rd_addr_q[12]  ;
; MAX_FANOUT        ; 4     ; -    ; bank1_rd_addr_q[12]  ;
; PRESERVE_REGISTER ; on    ; -    ; bank1_rd_addr_q[13]  ;
; MAX_FANOUT        ; 4     ; -    ; bank1_rd_addr_q[13]  ;
; PRESERVE_REGISTER ; on    ; -    ; bank0_rd_addr_q[0]   ;
; MAX_FANOUT        ; 4     ; -    ; bank0_rd_addr_q[0]   ;
; PRESERVE_REGISTER ; on    ; -    ; bank0_rd_addr_q[1]   ;
; MAX_FANOUT        ; 4     ; -    ; bank0_rd_addr_q[1]   ;
; PRESERVE_REGISTER ; on    ; -    ; bank0_rd_addr_q[2]   ;
; MAX_FANOUT        ; 4     ; -    ; bank0_rd_addr_q[2]   ;
; PRESERVE_REGISTER ; on    ; -    ; bank0_rd_addr_q[3]   ;
; MAX_FANOUT        ; 4     ; -    ; bank0_rd_addr_q[3]   ;
; PRESERVE_REGISTER ; on    ; -    ; bank0_rd_addr_q[4]   ;
; MAX_FANOUT        ; 4     ; -    ; bank0_rd_addr_q[4]   ;
; PRESERVE_REGISTER ; on    ; -    ; bank0_rd_addr_q[5]   ;
; MAX_FANOUT        ; 4     ; -    ; bank0_rd_addr_q[5]   ;
; PRESERVE_REGISTER ; on    ; -    ; bank0_rd_addr_q[6]   ;
; MAX_FANOUT        ; 4     ; -    ; bank0_rd_addr_q[6]   ;
; PRESERVE_REGISTER ; on    ; -    ; bank0_rd_addr_q[7]   ;
; MAX_FANOUT        ; 4     ; -    ; bank0_rd_addr_q[7]   ;
; PRESERVE_REGISTER ; on    ; -    ; bank0_rd_addr_q[8]   ;
; MAX_FANOUT        ; 4     ; -    ; bank0_rd_addr_q[8]   ;
; PRESERVE_REGISTER ; on    ; -    ; bank0_rd_addr_q[9]   ;
; MAX_FANOUT        ; 4     ; -    ; bank0_rd_addr_q[9]   ;
; PRESERVE_REGISTER ; on    ; -    ; bank0_rd_addr_q[10]  ;
; MAX_FANOUT        ; 4     ; -    ; bank0_rd_addr_q[10]  ;
; PRESERVE_REGISTER ; on    ; -    ; bank0_rd_addr_q[11]  ;
; MAX_FANOUT        ; 4     ; -    ; bank0_rd_addr_q[11]  ;
; PRESERVE_REGISTER ; on    ; -    ; bank0_rd_addr_q[12]  ;
; MAX_FANOUT        ; 4     ; -    ; bank0_rd_addr_q[12]  ;
; PRESERVE_REGISTER ; on    ; -    ; bank0_rd_addr_q[13]  ;
; MAX_FANOUT        ; 4     ; -    ; bank0_rd_addr_q[13]  ;
+-------------------+-------+------+----------------------+


+-----------------------------------------------------------------------------------------------------------------------------+
; Source assignments for shared_frame_storage:SHARED_RED|frame_ram:bank_8|altsyncram:mem_rtl_0|altsyncram_7dp1:auto_generated ;
+---------------------------------+--------------------+------+---------------------------------------------------------------+
; Assignment                      ; Value              ; From ; To                                                            ;
+---------------------------------+--------------------+------+---------------------------------------------------------------+
; OPTIMIZE_POWER_DURING_SYNTHESIS ; NORMAL_COMPILATION ; -    ; -                                                             ;
+---------------------------------+--------------------+------+---------------------------------------------------------------+


+------------------------------------------------------------------------------------------------------------------------------+
; Source assignments for shared_frame_storage:SHARED_RED|frame_ram:bank_11|altsyncram:mem_rtl_0|altsyncram_7dp1:auto_generated ;
+---------------------------------+--------------------+------+----------------------------------------------------------------+
; Assignment                      ; Value              ; From ; To                                                             ;
+---------------------------------+--------------------+------+----------------------------------------------------------------+
; OPTIMIZE_POWER_DURING_SYNTHESIS ; NORMAL_COMPILATION ; -    ; -                                                              ;
+---------------------------------+--------------------+------+----------------------------------------------------------------+


+------------------------------------------------------------------------------------------------------------------------------+
; Source assignments for shared_frame_storage:SHARED_RED|frame_ram:bank_10|altsyncram:mem_rtl_0|altsyncram_7dp1:auto_generated ;
+---------------------------------+--------------------+------+----------------------------------------------------------------+
; Assignment                      ; Value              ; From ; To                                                             ;
+---------------------------------+--------------------+------+----------------------------------------------------------------+
; OPTIMIZE_POWER_DURING_SYNTHESIS ; NORMAL_COMPILATION ; -    ; -                                                              ;
+---------------------------------+--------------------+------+----------------------------------------------------------------+


+-----------------------------------------------------------------------------------------------------------------------------+
; Source assignments for shared_frame_storage:SHARED_RED|frame_ram:bank_9|altsyncram:mem_rtl_0|altsyncram_7dp1:auto_generated ;
+---------------------------------+--------------------+------+---------------------------------------------------------------+
; Assignment                      ; Value              ; From ; To                                                            ;
+---------------------------------+--------------------+------+---------------------------------------------------------------+
; OPTIMIZE_POWER_DURING_SYNTHESIS ; NORMAL_COMPILATION ; -    ; -                                                             ;
+---------------------------------+--------------------+------+---------------------------------------------------------------+


+------------------------------------------------------------------------------------------------------------------------------+
; Source assignments for shared_frame_storage:SHARED_RED|frame_ram:bank_8v|altsyncram:mem_rtl_0|altsyncram_7dp1:auto_generated ;
+---------------------------------+--------------------+------+----------------------------------------------------------------+
; Assignment                      ; Value              ; From ; To                                                             ;
+---------------------------------+--------------------+------+----------------------------------------------------------------+
; OPTIMIZE_POWER_DURING_SYNTHESIS ; NORMAL_COMPILATION ; -    ; -                                                              ;
+---------------------------------+--------------------+------+----------------------------------------------------------------+


+-----------------------------------------------------------------------------------------------------------------------------+
; Source assignments for shared_frame_storage:SHARED_RED|frame_ram:bank_4|altsyncram:mem_rtl_0|altsyncram_7dp1:auto_generated ;
+---------------------------------+--------------------+------+---------------------------------------------------------------+
; Assignment                      ; Value              ; From ; To                                                            ;
+---------------------------------+--------------------+------+---------------------------------------------------------------+
; OPTIMIZE_POWER_DURING_SYNTHESIS ; NORMAL_COMPILATION ; -    ; -                                                             ;
+---------------------------------+--------------------+------+---------------------------------------------------------------+


+-----------------------------------------------------------------------------------------------------------------------------+
; Source assignments for shared_frame_storage:SHARED_RED|frame_ram:bank_3|altsyncram:mem_rtl_0|altsyncram_7dp1:auto_generated ;
+---------------------------------+--------------------+------+---------------------------------------------------------------+
; Assignment                      ; Value              ; From ; To                                                            ;
+---------------------------------+--------------------+------+---------------------------------------------------------------+
; OPTIMIZE_POWER_DURING_SYNTHESIS ; NORMAL_COMPILATION ; -    ; -                                                             ;
+---------------------------------+--------------------+------+---------------------------------------------------------------+


+-----------------------------------------------------------------------------------------------------------------------------+
; Source assignments for shared_frame_storage:SHARED_RED|frame_ram:bank_2|altsyncram:mem_rtl_0|altsyncram_7dp1:auto_generated ;
+---------------------------------+--------------------+------+---------------------------------------------------------------+
; Assignment                      ; Value              ; From ; To                                                            ;
+---------------------------------+--------------------+------+---------------------------------------------------------------+
; OPTIMIZE_POWER_DURING_SYNTHESIS ; NORMAL_COMPILATION ; -    ; -                                                             ;
+---------------------------------+--------------------+------+---------------------------------------------------------------+


+-----------------------------------------------------------------------------------------------------------------------------+
; Source assignments for shared_frame_storage:SHARED_RED|frame_ram:bank_1|altsyncram:mem_rtl_0|altsyncram_7dp1:auto_generated ;
+---------------------------------+--------------------+------+---------------------------------------------------------------+
; Assignment                      ; Value              ; From ; To                                                            ;
+---------------------------------+--------------------+------+---------------------------------------------------------------+
; OPTIMIZE_POWER_DURING_SYNTHESIS ; NORMAL_COMPILATION ; -    ; -                                                             ;
+---------------------------------+--------------------+------+---------------------------------------------------------------+


+-----------------------------------------------------------------------------------------------------------------------------+
; Source assignments for shared_frame_storage:SHARED_RED|frame_ram:bank_0|altsyncram:mem_rtl_0|altsyncram_7dp1:auto_generated ;
+---------------------------------+--------------------+------+---------------------------------------------------------------+
; Assignment                      ; Value              ; From ; To                                                            ;
+---------------------------------+--------------------+------+---------------------------------------------------------------+
; OPTIMIZE_POWER_DURING_SYNTHESIS ; NORMAL_COMPILATION ; -    ; -                                                             ;
+---------------------------------+--------------------+------+---------------------------------------------------------------+


+-------------------------------------------------------------------------------------------------------------------------------------------------------+
; Source assignments for bit_shift_low_pass_filter:BSLPF_RED|altshift_taps:pixel_buffer_rtl_0|shift_taps_hjv:auto_generated|altsyncram_b2a1:altsyncram5 ;
+---------------------------------+--------------------+------+-----------------------------------------------------------------------------------------+
; Assignment                      ; Value              ; From ; To                                                                                      ;
+---------------------------------+--------------------+------+-----------------------------------------------------------------------------------------+
; OPTIMIZE_POWER_DURING_SYNTHESIS ; NORMAL_COMPILATION ; -    ; -                                                                                       ;
+---------------------------------+--------------------+------+-----------------------------------------------------------------------------------------+


+--------------------------------------------------------------------------------------------------------------------------------------------------------+
; Source assignments for disparity_estimator:DISP_EST_RED|altshift_taps:sum1_orientation_rtl_0|shift_taps_o0v:auto_generated|altsyncram_dv91:altsyncram5 ;
+---------------------------------+--------------------+------+------------------------------------------------------------------------------------------+
; Assignment                      ; Value              ; From ; To                                                                                       ;
+---------------------------------+--------------------+------+------------------------------------------------------------------------------------------+
; OPTIMIZE_POWER_DURING_SYNTHESIS ; NORMAL_COMPILATION ; -    ; -                                                                                        ;
+---------------------------------+--------------------+------+------------------------------------------------------------------------------------------+


+---------------------------------------------------------------------------------------------------------------------------------------------------------------+
; Source assignments for confidence_computer:CONF_COMP_RED|altshift_taps:derivative_row_idx_out_rtl_0|shift_taps_9vu:auto_generated|altsyncram_gr91:altsyncram4 ;
+---------------------------------+--------------------+------+-------------------------------------------------------------------------------------------------+
; Assignment                      ; Value              ; From ; To                                                                                              ;
+---------------------------------+--------------------+------+-------------------------------------------------------------------------------------------------+
; OPTIMIZE_POWER_DURING_SYNTHESIS ; NORMAL_COMPILATION ; -    ; -                                                                                               ;
+---------------------------------+--------------------+------+-------------------------------------------------------------------------------------------------+


+-----------------------------------------------------------------------------------------------------------------------------+
; Source assignments for shared_frame_storage:SHARED_RED|frame_ram:bank_7|altsyncram:mem_rtl_0|altsyncram_7dp1:auto_generated ;
+---------------------------------+--------------------+------+---------------------------------------------------------------+
; Assignment                      ; Value              ; From ; To                                                            ;
+---------------------------------+--------------------+------+---------------------------------------------------------------+
; OPTIMIZE_POWER_DURING_SYNTHESIS ; NORMAL_COMPILATION ; -    ; -                                                             ;
+---------------------------------+--------------------+------+---------------------------------------------------------------+


+-----------------------------------------------------------------------------------------------------------------------------+
; Source assignments for shared_frame_storage:SHARED_RED|frame_ram:bank_6|altsyncram:mem_rtl_0|altsyncram_7dp1:auto_generated ;
+---------------------------------+--------------------+------+---------------------------------------------------------------+
; Assignment                      ; Value              ; From ; To                                                            ;
+---------------------------------+--------------------+------+---------------------------------------------------------------+
; OPTIMIZE_POWER_DURING_SYNTHESIS ; NORMAL_COMPILATION ; -    ; -                                                             ;
+---------------------------------+--------------------+------+---------------------------------------------------------------+


+-----------------------------------------------------------------------------------------------------------------------------+
; Source assignments for shared_frame_storage:SHARED_RED|frame_ram:bank_5|altsyncram:mem_rtl_0|altsyncram_7dp1:auto_generated ;
+---------------------------------+--------------------+------+---------------------------------------------------------------+
; Assignment                      ; Value              ; From ; To                                                            ;
+---------------------------------+--------------------+------+---------------------------------------------------------------+
; OPTIMIZE_POWER_DURING_SYNTHESIS ; NORMAL_COMPILATION ; -    ; -                                                             ;
+---------------------------------+--------------------+------+---------------------------------------------------------------+


+----------------------------------------------------------------------------------------------------------------------------------------------+
; Source assignments for fused_aligned_output:FAO_RED|altshift_taps:crop_ok_4d_rtl_0|shift_taps_d0v:auto_generated|altsyncram_ru91:altsyncram5 ;
+---------------------------------+--------------------+------+--------------------------------------------------------------------------------+
; Assignment                      ; Value              ; From ; To                                                                             ;
+---------------------------------+--------------------+------+--------------------------------------------------------------------------------+
; OPTIMIZE_POWER_DURING_SYNTHESIS ; NORMAL_COMPILATION ; -    ; -                                                                              ;
+---------------------------------+--------------------+------+--------------------------------------------------------------------------------+


+---------------------------------------------------------------------------+
; Parameter Settings for User Entity Instance: Top-level Entity: |top_level ;
+----------------+----------------------------------+-----------------------+
; Parameter Name ; Value                            ; Type                  ;
+----------------+----------------------------------+-----------------------+
; IMAGE_DIM      ; 00000000000000000000000010000000 ; Unsigned Binary       ;
; IMAGE_DIM_BS   ; 00000000000000000000000000000111 ; Unsigned Binary       ;
+----------------+----------------------------------+-----------------------+
Note: In order to hide this table in the UI and the text report file, please set the "Show Parameter Settings in Synthesis Report" option in "Analysis and Synthesis Settings -> More Settings" to "Off".


+----------------------------------------------------------------------------------+
; Parameter Settings for User Entity Instance: bit_shift_low_pass_filter:BSLPF_RED ;
+----------------+----------------------------------+------------------------------+
; Parameter Name ; Value                            ; Type                         ;
+----------------+----------------------------------+------------------------------+
; IMAGE_DIM      ; 00000000000000000000000010000000 ; Unsigned Binary              ;
; IMAGE_DIM_BS   ; 00000000000000000000000000000111 ; Unsigned Binary              ;
+----------------+----------------------------------+------------------------------+
Note: In order to hide this table in the UI and the text report file, please set the "Show Parameter Settings in Synthesis Report" option in "Analysis and Synthesis Settings -> More Settings" to "Off".


+------------------------------------------------------------------------------+
; Parameter Settings for User Entity Instance: shared_frame_storage:SHARED_RED ;
+----------------+----------------------------------+--------------------------+
; Parameter Name ; Value                            ; Type                     ;
+----------------+----------------------------------+--------------------------+
; IMAGE_DIM      ; 00000000000000000000000010000000 ; Unsigned Binary          ;
; IMAGE_DIM_BS   ; 00000000000000000000000000000111 ; Unsigned Binary          ;
+----------------+----------------------------------+--------------------------+
Note: In order to hide this table in the UI and the text report file, please set the "Show Parameter Settings in Synthesis Report" option in "Analysis and Synthesis Settings -> More Settings" to "Off".


+-----------------------------------------------------------------------------------------------+
; Parameter Settings for User Entity Instance: shared_frame_storage:SHARED_RED|frame_ram:bank_0 ;
+----------------+----------------------------------+-------------------------------------------+
; Parameter Name ; Value                            ; Type                                      ;
+----------------+----------------------------------+-------------------------------------------+
; DATA_W         ; 15                               ; Signed Integer                            ;
; DEPTH          ; 00000000000000000100000000000000 ; Unsigned Binary                           ;
; ADDR_W         ; 00000000000000000000000000001110 ; Unsigned Binary                           ;
+----------------+----------------------------------+-------------------------------------------+
Note: In order to hide this table in the UI and the text report file, please set the "Show Parameter Settings in Synthesis Report" option in "Analysis and Synthesis Settings -> More Settings" to "Off".


+-----------------------------------------------------------------------------------------------+
; Parameter Settings for User Entity Instance: shared_frame_storage:SHARED_RED|frame_ram:bank_1 ;
+----------------+----------------------------------+-------------------------------------------+
; Parameter Name ; Value                            ; Type                                      ;
+----------------+----------------------------------+-------------------------------------------+
; DATA_W         ; 15                               ; Signed Integer                            ;
; DEPTH          ; 00000000000000000100000000000000 ; Unsigned Binary                           ;
; ADDR_W         ; 00000000000000000000000000001110 ; Unsigned Binary                           ;
+----------------+----------------------------------+-------------------------------------------+
Note: In order to hide this table in the UI and the text report file, please set the "Show Parameter Settings in Synthesis Report" option in "Analysis and Synthesis Settings -> More Settings" to "Off".


+-----------------------------------------------------------------------------------------------+
; Parameter Settings for User Entity Instance: shared_frame_storage:SHARED_RED|frame_ram:bank_2 ;
+----------------+----------------------------------+-------------------------------------------+
; Parameter Name ; Value                            ; Type                                      ;
+----------------+----------------------------------+-------------------------------------------+
; DATA_W         ; 15                               ; Signed Integer                            ;
; DEPTH          ; 00000000000000000100000000000000 ; Unsigned Binary                           ;
; ADDR_W         ; 00000000000000000000000000001110 ; Unsigned Binary                           ;
+----------------+----------------------------------+-------------------------------------------+
Note: In order to hide this table in the UI and the text report file, please set the "Show Parameter Settings in Synthesis Report" option in "Analysis and Synthesis Settings -> More Settings" to "Off".


+-----------------------------------------------------------------------------------------------+
; Parameter Settings for User Entity Instance: shared_frame_storage:SHARED_RED|frame_ram:bank_3 ;
+----------------+----------------------------------+-------------------------------------------+
; Parameter Name ; Value                            ; Type                                      ;
+----------------+----------------------------------+-------------------------------------------+
; DATA_W         ; 15                               ; Signed Integer                            ;
; DEPTH          ; 00000000000000000100000000000000 ; Unsigned Binary                           ;
; ADDR_W         ; 00000000000000000000000000001110 ; Unsigned Binary                           ;
+----------------+----------------------------------+-------------------------------------------+
Note: In order to hide this table in the UI and the text report file, please set the "Show Parameter Settings in Synthesis Report" option in "Analysis and Synthesis Settings -> More Settings" to "Off".


+-----------------------------------------------------------------------------------------------+
; Parameter Settings for User Entity Instance: shared_frame_storage:SHARED_RED|frame_ram:bank_4 ;
+----------------+----------------------------------+-------------------------------------------+
; Parameter Name ; Value                            ; Type                                      ;
+----------------+----------------------------------+-------------------------------------------+
; DATA_W         ; 15                               ; Signed Integer                            ;
; DEPTH          ; 00000000000000000100000000000000 ; Unsigned Binary                           ;
; ADDR_W         ; 00000000000000000000000000001110 ; Unsigned Binary                           ;
+----------------+----------------------------------+-------------------------------------------+
Note: In order to hide this table in the UI and the text report file, please set the "Show Parameter Settings in Synthesis Report" option in "Analysis and Synthesis Settings -> More Settings" to "Off".


+------------------------------------------------------------------------------------------------+
; Parameter Settings for User Entity Instance: shared_frame_storage:SHARED_RED|frame_ram:bank_8v ;
+----------------+----------------------------------+--------------------------------------------+
; Parameter Name ; Value                            ; Type                                       ;
+----------------+----------------------------------+--------------------------------------------+
; DATA_W         ; 15                               ; Signed Integer                             ;
; DEPTH          ; 00000000000000000100000000000000 ; Unsigned Binary                            ;
; ADDR_W         ; 00000000000000000000000000001110 ; Unsigned Binary                            ;
+----------------+----------------------------------+--------------------------------------------+
Note: In order to hide this table in the UI and the text report file, please set the "Show Parameter Settings in Synthesis Report" option in "Analysis and Synthesis Settings -> More Settings" to "Off".


+-----------------------------------------------------------------------------------------------+
; Parameter Settings for User Entity Instance: shared_frame_storage:SHARED_RED|frame_ram:bank_9 ;
+----------------+----------------------------------+-------------------------------------------+
; Parameter Name ; Value                            ; Type                                      ;
+----------------+----------------------------------+-------------------------------------------+
; DATA_W         ; 15                               ; Signed Integer                            ;
; DEPTH          ; 00000000000000000100000000000000 ; Unsigned Binary                           ;
; ADDR_W         ; 00000000000000000000000000001110 ; Unsigned Binary                           ;
+----------------+----------------------------------+-------------------------------------------+
Note: In order to hide this table in the UI and the text report file, please set the "Show Parameter Settings in Synthesis Report" option in "Analysis and Synthesis Settings -> More Settings" to "Off".


+------------------------------------------------------------------------------------------------+
; Parameter Settings for User Entity Instance: shared_frame_storage:SHARED_RED|frame_ram:bank_10 ;
+----------------+----------------------------------+--------------------------------------------+
; Parameter Name ; Value                            ; Type                                       ;
+----------------+----------------------------------+--------------------------------------------+
; DATA_W         ; 15                               ; Signed Integer                             ;
; DEPTH          ; 00000000000000000100000000000000 ; Unsigned Binary                            ;
; ADDR_W         ; 00000000000000000000000000001110 ; Unsigned Binary                            ;
+----------------+----------------------------------+--------------------------------------------+
Note: In order to hide this table in the UI and the text report file, please set the "Show Parameter Settings in Synthesis Report" option in "Analysis and Synthesis Settings -> More Settings" to "Off".


+------------------------------------------------------------------------------------------------+
; Parameter Settings for User Entity Instance: shared_frame_storage:SHARED_RED|frame_ram:bank_11 ;
+----------------+----------------------------------+--------------------------------------------+
; Parameter Name ; Value                            ; Type                                       ;
+----------------+----------------------------------+--------------------------------------------+
; DATA_W         ; 15                               ; Signed Integer                             ;
; DEPTH          ; 00000000000000000100000000000000 ; Unsigned Binary                            ;
; ADDR_W         ; 00000000000000000000000000001110 ; Unsigned Binary                            ;
+----------------+----------------------------------+--------------------------------------------+
Note: In order to hide this table in the UI and the text report file, please set the "Show Parameter Settings in Synthesis Report" option in "Analysis and Synthesis Settings -> More Settings" to "Off".


+-----------------------------------------------------------------------------------------------+
; Parameter Settings for User Entity Instance: shared_frame_storage:SHARED_RED|frame_ram:bank_5 ;
+----------------+----------------------------------+-------------------------------------------+
; Parameter Name ; Value                            ; Type                                      ;
+----------------+----------------------------------+-------------------------------------------+
; DATA_W         ; 15                               ; Signed Integer                            ;
; DEPTH          ; 00000000000000000100000000000000 ; Unsigned Binary                           ;
; ADDR_W         ; 00000000000000000000000000001110 ; Unsigned Binary                           ;
+----------------+----------------------------------+-------------------------------------------+
Note: In order to hide this table in the UI and the text report file, please set the "Show Parameter Settings in Synthesis Report" option in "Analysis and Synthesis Settings -> More Settings" to "Off".


+-----------------------------------------------------------------------------------------------+
; Parameter Settings for User Entity Instance: shared_frame_storage:SHARED_RED|frame_ram:bank_6 ;
+----------------+----------------------------------+-------------------------------------------+
; Parameter Name ; Value                            ; Type                                      ;
+----------------+----------------------------------+-------------------------------------------+
; DATA_W         ; 15                               ; Signed Integer                            ;
; DEPTH          ; 00000000000000000100000000000000 ; Unsigned Binary                           ;
; ADDR_W         ; 00000000000000000000000000001110 ; Unsigned Binary                           ;
+----------------+----------------------------------+-------------------------------------------+
Note: In order to hide this table in the UI and the text report file, please set the "Show Parameter Settings in Synthesis Report" option in "Analysis and Synthesis Settings -> More Settings" to "Off".


+-----------------------------------------------------------------------------------------------+
; Parameter Settings for User Entity Instance: shared_frame_storage:SHARED_RED|frame_ram:bank_7 ;
+----------------+----------------------------------+-------------------------------------------+
; Parameter Name ; Value                            ; Type                                      ;
+----------------+----------------------------------+-------------------------------------------+
; DATA_W         ; 15                               ; Signed Integer                            ;
; DEPTH          ; 00000000000000000100000000000000 ; Unsigned Binary                           ;
; ADDR_W         ; 00000000000000000000000000001110 ; Unsigned Binary                           ;
+----------------+----------------------------------+-------------------------------------------+
Note: In order to hide this table in the UI and the text report file, please set the "Show Parameter Settings in Synthesis Report" option in "Analysis and Synthesis Settings -> More Settings" to "Off".


+-----------------------------------------------------------------------------------------------+
; Parameter Settings for User Entity Instance: shared_frame_storage:SHARED_RED|frame_ram:bank_8 ;
+----------------+----------------------------------+-------------------------------------------+
; Parameter Name ; Value                            ; Type                                      ;
+----------------+----------------------------------+-------------------------------------------+
; DATA_W         ; 15                               ; Signed Integer                            ;
; DEPTH          ; 00000000000000000100000000000000 ; Unsigned Binary                           ;
; ADDR_W         ; 00000000000000000000000000001110 ; Unsigned Binary                           ;
+----------------+----------------------------------+-------------------------------------------+
Note: In order to hide this table in the UI and the text report file, please set the "Show Parameter Settings in Synthesis Report" option in "Analysis and Synthesis Settings -> More Settings" to "Off".


+---------------------------------------------------------------------+
; Parameter Settings for User Entity Instance: epi_compiler:EPIC_RED  ;
+----------------+----------------------------------+-----------------+
; Parameter Name ; Value                            ; Type            ;
+----------------+----------------------------------+-----------------+
; IMAGE_DIM      ; 00000000000000000000000010000000 ; Unsigned Binary ;
; IMAGE_DIM_BS   ; 00000000000000000000000000000111 ; Unsigned Binary ;
+----------------+----------------------------------+-----------------+
Note: In order to hide this table in the UI and the text report file, please set the "Show Parameter Settings in Synthesis Report" option in "Analysis and Synthesis Settings -> More Settings" to "Off".


+--------------------------------------------------------------------------------+
; Parameter Settings for User Entity Instance: confidence_computer:CONF_COMP_RED ;
+----------------+----------------------------------+----------------------------+
; Parameter Name ; Value                            ; Type                       ;
+----------------+----------------------------------+----------------------------+
; IMAGE_DIM      ; 00000000000000000000000010000000 ; Unsigned Binary            ;
; IMAGE_DIM_BS   ; 00000000000000000000000000000111 ; Unsigned Binary            ;
+----------------+----------------------------------+----------------------------+
Note: In order to hide this table in the UI and the text report file, please set the "Show Parameter Settings in Synthesis Report" option in "Analysis and Synthesis Settings -> More Settings" to "Off".


+-------------------------------------------------------------------------------+
; Parameter Settings for User Entity Instance: disparity_estimator:DISP_EST_RED ;
+----------------+----------------------------------+---------------------------+
; Parameter Name ; Value                            ; Type                      ;
+----------------+----------------------------------+---------------------------+
; IMAGE_DIM      ; 00000000000000000000000010000000 ; Unsigned Binary           ;
; IMAGE_DIM_BS   ; 00000000000000000000000000000111 ; Unsigned Binary           ;
+----------------+----------------------------------+---------------------------+
Note: In order to hide this table in the UI and the text report file, please set the "Show Parameter Settings in Synthesis Report" option in "Analysis and Synthesis Settings -> More Settings" to "Off".


+---------------------------------------------------------------------------+
; Parameter Settings for User Entity Instance: fused_aligned_output:FAO_RED ;
+----------------+----------------------------------+-----------------------+
; Parameter Name ; Value                            ; Type                  ;
+----------------+----------------------------------+-----------------------+
; IMAGE_DIM      ; 00000000000000000000000010000000 ; Unsigned Binary       ;
; IMAGE_DIM_BS   ; 00000000000000000000000000000111 ; Unsigned Binary       ;
+----------------+----------------------------------+-----------------------+
Note: In order to hide this table in the UI and the text report file, please set the "Show Parameter Settings in Synthesis Report" option in "Analysis and Synthesis Settings -> More Settings" to "Off".


+------------------------------------------------------------------------------------------------------------------------+
; Parameter Settings for Inferred Entity Instance: shared_frame_storage:SHARED_RED|frame_ram:bank_8|altsyncram:mem_rtl_0 ;
+------------------------------------+----------------------+------------------------------------------------------------+
; Parameter Name                     ; Value                ; Type                                                       ;
+------------------------------------+----------------------+------------------------------------------------------------+
; BYTE_SIZE_BLOCK                    ; 8                    ; Untyped                                                    ;
; AUTO_CARRY_CHAINS                  ; ON                   ; AUTO_CARRY                                                 ;
; IGNORE_CARRY_BUFFERS               ; OFF                  ; IGNORE_CARRY                                               ;
; AUTO_CASCADE_CHAINS                ; ON                   ; AUTO_CASCADE                                               ;
; IGNORE_CASCADE_BUFFERS             ; OFF                  ; IGNORE_CASCADE                                             ;
; WIDTH_BYTEENA                      ; 1                    ; Untyped                                                    ;
; OPERATION_MODE                     ; DUAL_PORT            ; Untyped                                                    ;
; WIDTH_A                            ; 15                   ; Untyped                                                    ;
; WIDTHAD_A                          ; 14                   ; Untyped                                                    ;
; NUMWORDS_A                         ; 16384                ; Untyped                                                    ;
; OUTDATA_REG_A                      ; UNREGISTERED         ; Untyped                                                    ;
; ADDRESS_ACLR_A                     ; NONE                 ; Untyped                                                    ;
; OUTDATA_ACLR_A                     ; NONE                 ; Untyped                                                    ;
; WRCONTROL_ACLR_A                   ; NONE                 ; Untyped                                                    ;
; INDATA_ACLR_A                      ; NONE                 ; Untyped                                                    ;
; BYTEENA_ACLR_A                     ; NONE                 ; Untyped                                                    ;
; WIDTH_B                            ; 15                   ; Untyped                                                    ;
; WIDTHAD_B                          ; 14                   ; Untyped                                                    ;
; NUMWORDS_B                         ; 16384                ; Untyped                                                    ;
; INDATA_REG_B                       ; CLOCK1               ; Untyped                                                    ;
; WRCONTROL_WRADDRESS_REG_B          ; CLOCK1               ; Untyped                                                    ;
; RDCONTROL_REG_B                    ; CLOCK1               ; Untyped                                                    ;
; ADDRESS_REG_B                      ; CLOCK0               ; Untyped                                                    ;
; OUTDATA_REG_B                      ; UNREGISTERED         ; Untyped                                                    ;
; BYTEENA_REG_B                      ; CLOCK1               ; Untyped                                                    ;
; INDATA_ACLR_B                      ; NONE                 ; Untyped                                                    ;
; WRCONTROL_ACLR_B                   ; NONE                 ; Untyped                                                    ;
; ADDRESS_ACLR_B                     ; NONE                 ; Untyped                                                    ;
; OUTDATA_ACLR_B                     ; NONE                 ; Untyped                                                    ;
; RDCONTROL_ACLR_B                   ; NONE                 ; Untyped                                                    ;
; BYTEENA_ACLR_B                     ; NONE                 ; Untyped                                                    ;
; WIDTH_BYTEENA_A                    ; 1                    ; Untyped                                                    ;
; WIDTH_BYTEENA_B                    ; 1                    ; Untyped                                                    ;
; RAM_BLOCK_TYPE                     ; M10K                 ; Untyped                                                    ;
; BYTE_SIZE                          ; 8                    ; Untyped                                                    ;
; READ_DURING_WRITE_MODE_MIXED_PORTS ; OLD_DATA             ; Untyped                                                    ;
; READ_DURING_WRITE_MODE_PORT_A      ; NEW_DATA_NO_NBE_READ ; Untyped                                                    ;
; READ_DURING_WRITE_MODE_PORT_B      ; NEW_DATA_NO_NBE_READ ; Untyped                                                    ;
; INIT_FILE                          ; UNUSED               ; Untyped                                                    ;
; INIT_FILE_LAYOUT                   ; PORT_A               ; Untyped                                                    ;
; MAXIMUM_DEPTH                      ; 0                    ; Untyped                                                    ;
; CLOCK_ENABLE_INPUT_A               ; NORMAL               ; Untyped                                                    ;
; CLOCK_ENABLE_INPUT_B               ; NORMAL               ; Untyped                                                    ;
; CLOCK_ENABLE_OUTPUT_A              ; NORMAL               ; Untyped                                                    ;
; CLOCK_ENABLE_OUTPUT_B              ; NORMAL               ; Untyped                                                    ;
; CLOCK_ENABLE_CORE_A                ; USE_INPUT_CLKEN      ; Untyped                                                    ;
; CLOCK_ENABLE_CORE_B                ; USE_INPUT_CLKEN      ; Untyped                                                    ;
; ENABLE_ECC                         ; FALSE                ; Untyped                                                    ;
; ECC_PIPELINE_STAGE_ENABLED         ; FALSE                ; Untyped                                                    ;
; WIDTH_ECCSTATUS                    ; 3                    ; Untyped                                                    ;
; DEVICE_FAMILY                      ; Cyclone V            ; Untyped                                                    ;
; CBXI_PARAMETER                     ; altsyncram_7dp1      ; Untyped                                                    ;
+------------------------------------+----------------------+------------------------------------------------------------+
Note: In order to hide this table in the UI and the text report file, please set the "Show Parameter Settings in Synthesis Report" option in "Analysis and Synthesis Settings -> More Settings" to "Off".


+-------------------------------------------------------------------------------------------------------------------------+
; Parameter Settings for Inferred Entity Instance: shared_frame_storage:SHARED_RED|frame_ram:bank_11|altsyncram:mem_rtl_0 ;
+------------------------------------+----------------------+-------------------------------------------------------------+
; Parameter Name                     ; Value                ; Type                                                        ;
+------------------------------------+----------------------+-------------------------------------------------------------+
; BYTE_SIZE_BLOCK                    ; 8                    ; Untyped                                                     ;
; AUTO_CARRY_CHAINS                  ; ON                   ; AUTO_CARRY                                                  ;
; IGNORE_CARRY_BUFFERS               ; OFF                  ; IGNORE_CARRY                                                ;
; AUTO_CASCADE_CHAINS                ; ON                   ; AUTO_CASCADE                                                ;
; IGNORE_CASCADE_BUFFERS             ; OFF                  ; IGNORE_CASCADE                                              ;
; WIDTH_BYTEENA                      ; 1                    ; Untyped                                                     ;
; OPERATION_MODE                     ; DUAL_PORT            ; Untyped                                                     ;
; WIDTH_A                            ; 15                   ; Untyped                                                     ;
; WIDTHAD_A                          ; 14                   ; Untyped                                                     ;
; NUMWORDS_A                         ; 16384                ; Untyped                                                     ;
; OUTDATA_REG_A                      ; UNREGISTERED         ; Untyped                                                     ;
; ADDRESS_ACLR_A                     ; NONE                 ; Untyped                                                     ;
; OUTDATA_ACLR_A                     ; NONE                 ; Untyped                                                     ;
; WRCONTROL_ACLR_A                   ; NONE                 ; Untyped                                                     ;
; INDATA_ACLR_A                      ; NONE                 ; Untyped                                                     ;
; BYTEENA_ACLR_A                     ; NONE                 ; Untyped                                                     ;
; WIDTH_B                            ; 15                   ; Untyped                                                     ;
; WIDTHAD_B                          ; 14                   ; Untyped                                                     ;
; NUMWORDS_B                         ; 16384                ; Untyped                                                     ;
; INDATA_REG_B                       ; CLOCK1               ; Untyped                                                     ;
; WRCONTROL_WRADDRESS_REG_B          ; CLOCK1               ; Untyped                                                     ;
; RDCONTROL_REG_B                    ; CLOCK1               ; Untyped                                                     ;
; ADDRESS_REG_B                      ; CLOCK0               ; Untyped                                                     ;
; OUTDATA_REG_B                      ; UNREGISTERED         ; Untyped                                                     ;
; BYTEENA_REG_B                      ; CLOCK1               ; Untyped                                                     ;
; INDATA_ACLR_B                      ; NONE                 ; Untyped                                                     ;
; WRCONTROL_ACLR_B                   ; NONE                 ; Untyped                                                     ;
; ADDRESS_ACLR_B                     ; NONE                 ; Untyped                                                     ;
; OUTDATA_ACLR_B                     ; NONE                 ; Untyped                                                     ;
; RDCONTROL_ACLR_B                   ; NONE                 ; Untyped                                                     ;
; BYTEENA_ACLR_B                     ; NONE                 ; Untyped                                                     ;
; WIDTH_BYTEENA_A                    ; 1                    ; Untyped                                                     ;
; WIDTH_BYTEENA_B                    ; 1                    ; Untyped                                                     ;
; RAM_BLOCK_TYPE                     ; M10K                 ; Untyped                                                     ;
; BYTE_SIZE                          ; 8                    ; Untyped                                                     ;
; READ_DURING_WRITE_MODE_MIXED_PORTS ; OLD_DATA             ; Untyped                                                     ;
; READ_DURING_WRITE_MODE_PORT_A      ; NEW_DATA_NO_NBE_READ ; Untyped                                                     ;
; READ_DURING_WRITE_MODE_PORT_B      ; NEW_DATA_NO_NBE_READ ; Untyped                                                     ;
; INIT_FILE                          ; UNUSED               ; Untyped                                                     ;
; INIT_FILE_LAYOUT                   ; PORT_A               ; Untyped                                                     ;
; MAXIMUM_DEPTH                      ; 0                    ; Untyped                                                     ;
; CLOCK_ENABLE_INPUT_A               ; NORMAL               ; Untyped                                                     ;
; CLOCK_ENABLE_INPUT_B               ; NORMAL               ; Untyped                                                     ;
; CLOCK_ENABLE_OUTPUT_A              ; NORMAL               ; Untyped                                                     ;
; CLOCK_ENABLE_OUTPUT_B              ; NORMAL               ; Untyped                                                     ;
; CLOCK_ENABLE_CORE_A                ; USE_INPUT_CLKEN      ; Untyped                                                     ;
; CLOCK_ENABLE_CORE_B                ; USE_INPUT_CLKEN      ; Untyped                                                     ;
; ENABLE_ECC                         ; FALSE                ; Untyped                                                     ;
; ECC_PIPELINE_STAGE_ENABLED         ; FALSE                ; Untyped                                                     ;
; WIDTH_ECCSTATUS                    ; 3                    ; Untyped                                                     ;
; DEVICE_FAMILY                      ; Cyclone V            ; Untyped                                                     ;
; CBXI_PARAMETER                     ; altsyncram_7dp1      ; Untyped                                                     ;
+------------------------------------+----------------------+-------------------------------------------------------------+
Note: In order to hide this table in the UI and the text report file, please set the "Show Parameter Settings in Synthesis Report" option in "Analysis and Synthesis Settings -> More Settings" to "Off".


+-------------------------------------------------------------------------------------------------------------------------+
; Parameter Settings for Inferred Entity Instance: shared_frame_storage:SHARED_RED|frame_ram:bank_10|altsyncram:mem_rtl_0 ;
+------------------------------------+----------------------+-------------------------------------------------------------+
; Parameter Name                     ; Value                ; Type                                                        ;
+------------------------------------+----------------------+-------------------------------------------------------------+
; BYTE_SIZE_BLOCK                    ; 8                    ; Untyped                                                     ;
; AUTO_CARRY_CHAINS                  ; ON                   ; AUTO_CARRY                                                  ;
; IGNORE_CARRY_BUFFERS               ; OFF                  ; IGNORE_CARRY                                                ;
; AUTO_CASCADE_CHAINS                ; ON                   ; AUTO_CASCADE                                                ;
; IGNORE_CASCADE_BUFFERS             ; OFF                  ; IGNORE_CASCADE                                              ;
; WIDTH_BYTEENA                      ; 1                    ; Untyped                                                     ;
; OPERATION_MODE                     ; DUAL_PORT            ; Untyped                                                     ;
; WIDTH_A                            ; 15                   ; Untyped                                                     ;
; WIDTHAD_A                          ; 14                   ; Untyped                                                     ;
; NUMWORDS_A                         ; 16384                ; Untyped                                                     ;
; OUTDATA_REG_A                      ; UNREGISTERED         ; Untyped                                                     ;
; ADDRESS_ACLR_A                     ; NONE                 ; Untyped                                                     ;
; OUTDATA_ACLR_A                     ; NONE                 ; Untyped                                                     ;
; WRCONTROL_ACLR_A                   ; NONE                 ; Untyped                                                     ;
; INDATA_ACLR_A                      ; NONE                 ; Untyped                                                     ;
; BYTEENA_ACLR_A                     ; NONE                 ; Untyped                                                     ;
; WIDTH_B                            ; 15                   ; Untyped                                                     ;
; WIDTHAD_B                          ; 14                   ; Untyped                                                     ;
; NUMWORDS_B                         ; 16384                ; Untyped                                                     ;
; INDATA_REG_B                       ; CLOCK1               ; Untyped                                                     ;
; WRCONTROL_WRADDRESS_REG_B          ; CLOCK1               ; Untyped                                                     ;
; RDCONTROL_REG_B                    ; CLOCK1               ; Untyped                                                     ;
; ADDRESS_REG_B                      ; CLOCK0               ; Untyped                                                     ;
; OUTDATA_REG_B                      ; UNREGISTERED         ; Untyped                                                     ;
; BYTEENA_REG_B                      ; CLOCK1               ; Untyped                                                     ;
; INDATA_ACLR_B                      ; NONE                 ; Untyped                                                     ;
; WRCONTROL_ACLR_B                   ; NONE                 ; Untyped                                                     ;
; ADDRESS_ACLR_B                     ; NONE                 ; Untyped                                                     ;
; OUTDATA_ACLR_B                     ; NONE                 ; Untyped                                                     ;
; RDCONTROL_ACLR_B                   ; NONE                 ; Untyped                                                     ;
; BYTEENA_ACLR_B                     ; NONE                 ; Untyped                                                     ;
; WIDTH_BYTEENA_A                    ; 1                    ; Untyped                                                     ;
; WIDTH_BYTEENA_B                    ; 1                    ; Untyped                                                     ;
; RAM_BLOCK_TYPE                     ; M10K                 ; Untyped                                                     ;
; BYTE_SIZE                          ; 8                    ; Untyped                                                     ;
; READ_DURING_WRITE_MODE_MIXED_PORTS ; OLD_DATA             ; Untyped                                                     ;
; READ_DURING_WRITE_MODE_PORT_A      ; NEW_DATA_NO_NBE_READ ; Untyped                                                     ;
; READ_DURING_WRITE_MODE_PORT_B      ; NEW_DATA_NO_NBE_READ ; Untyped                                                     ;
; INIT_FILE                          ; UNUSED               ; Untyped                                                     ;
; INIT_FILE_LAYOUT                   ; PORT_A               ; Untyped                                                     ;
; MAXIMUM_DEPTH                      ; 0                    ; Untyped                                                     ;
; CLOCK_ENABLE_INPUT_A               ; NORMAL               ; Untyped                                                     ;
; CLOCK_ENABLE_INPUT_B               ; NORMAL               ; Untyped                                                     ;
; CLOCK_ENABLE_OUTPUT_A              ; NORMAL               ; Untyped                                                     ;
; CLOCK_ENABLE_OUTPUT_B              ; NORMAL               ; Untyped                                                     ;
; CLOCK_ENABLE_CORE_A                ; USE_INPUT_CLKEN      ; Untyped                                                     ;
; CLOCK_ENABLE_CORE_B                ; USE_INPUT_CLKEN      ; Untyped                                                     ;
; ENABLE_ECC                         ; FALSE                ; Untyped                                                     ;
; ECC_PIPELINE_STAGE_ENABLED         ; FALSE                ; Untyped                                                     ;
; WIDTH_ECCSTATUS                    ; 3                    ; Untyped                                                     ;
; DEVICE_FAMILY                      ; Cyclone V            ; Untyped                                                     ;
; CBXI_PARAMETER                     ; altsyncram_7dp1      ; Untyped                                                     ;
+------------------------------------+----------------------+-------------------------------------------------------------+
Note: In order to hide this table in the UI and the text report file, please set the "Show Parameter Settings in Synthesis Report" option in "Analysis and Synthesis Settings -> More Settings" to "Off".


+------------------------------------------------------------------------------------------------------------------------+
; Parameter Settings for Inferred Entity Instance: shared_frame_storage:SHARED_RED|frame_ram:bank_9|altsyncram:mem_rtl_0 ;
+------------------------------------+----------------------+------------------------------------------------------------+
; Parameter Name                     ; Value                ; Type                                                       ;
+------------------------------------+----------------------+------------------------------------------------------------+
; BYTE_SIZE_BLOCK                    ; 8                    ; Untyped                                                    ;
; AUTO_CARRY_CHAINS                  ; ON                   ; AUTO_CARRY                                                 ;
; IGNORE_CARRY_BUFFERS               ; OFF                  ; IGNORE_CARRY                                               ;
; AUTO_CASCADE_CHAINS                ; ON                   ; AUTO_CASCADE                                               ;
; IGNORE_CASCADE_BUFFERS             ; OFF                  ; IGNORE_CASCADE                                             ;
; WIDTH_BYTEENA                      ; 1                    ; Untyped                                                    ;
; OPERATION_MODE                     ; DUAL_PORT            ; Untyped                                                    ;
; WIDTH_A                            ; 15                   ; Untyped                                                    ;
; WIDTHAD_A                          ; 14                   ; Untyped                                                    ;
; NUMWORDS_A                         ; 16384                ; Untyped                                                    ;
; OUTDATA_REG_A                      ; UNREGISTERED         ; Untyped                                                    ;
; ADDRESS_ACLR_A                     ; NONE                 ; Untyped                                                    ;
; OUTDATA_ACLR_A                     ; NONE                 ; Untyped                                                    ;
; WRCONTROL_ACLR_A                   ; NONE                 ; Untyped                                                    ;
; INDATA_ACLR_A                      ; NONE                 ; Untyped                                                    ;
; BYTEENA_ACLR_A                     ; NONE                 ; Untyped                                                    ;
; WIDTH_B                            ; 15                   ; Untyped                                                    ;
; WIDTHAD_B                          ; 14                   ; Untyped                                                    ;
; NUMWORDS_B                         ; 16384                ; Untyped                                                    ;
; INDATA_REG_B                       ; CLOCK1               ; Untyped                                                    ;
; WRCONTROL_WRADDRESS_REG_B          ; CLOCK1               ; Untyped                                                    ;
; RDCONTROL_REG_B                    ; CLOCK1               ; Untyped                                                    ;
; ADDRESS_REG_B                      ; CLOCK0               ; Untyped                                                    ;
; OUTDATA_REG_B                      ; UNREGISTERED         ; Untyped                                                    ;
; BYTEENA_REG_B                      ; CLOCK1               ; Untyped                                                    ;
; INDATA_ACLR_B                      ; NONE                 ; Untyped                                                    ;
; WRCONTROL_ACLR_B                   ; NONE                 ; Untyped                                                    ;
; ADDRESS_ACLR_B                     ; NONE                 ; Untyped                                                    ;
; OUTDATA_ACLR_B                     ; NONE                 ; Untyped                                                    ;
; RDCONTROL_ACLR_B                   ; NONE                 ; Untyped                                                    ;
; BYTEENA_ACLR_B                     ; NONE                 ; Untyped                                                    ;
; WIDTH_BYTEENA_A                    ; 1                    ; Untyped                                                    ;
; WIDTH_BYTEENA_B                    ; 1                    ; Untyped                                                    ;
; RAM_BLOCK_TYPE                     ; M10K                 ; Untyped                                                    ;
; BYTE_SIZE                          ; 8                    ; Untyped                                                    ;
; READ_DURING_WRITE_MODE_MIXED_PORTS ; OLD_DATA             ; Untyped                                                    ;
; READ_DURING_WRITE_MODE_PORT_A      ; NEW_DATA_NO_NBE_READ ; Untyped                                                    ;
; READ_DURING_WRITE_MODE_PORT_B      ; NEW_DATA_NO_NBE_READ ; Untyped                                                    ;
; INIT_FILE                          ; UNUSED               ; Untyped                                                    ;
; INIT_FILE_LAYOUT                   ; PORT_A               ; Untyped                                                    ;
; MAXIMUM_DEPTH                      ; 0                    ; Untyped                                                    ;
; CLOCK_ENABLE_INPUT_A               ; NORMAL               ; Untyped                                                    ;
; CLOCK_ENABLE_INPUT_B               ; NORMAL               ; Untyped                                                    ;
; CLOCK_ENABLE_OUTPUT_A              ; NORMAL               ; Untyped                                                    ;
; CLOCK_ENABLE_OUTPUT_B              ; NORMAL               ; Untyped                                                    ;
; CLOCK_ENABLE_CORE_A                ; USE_INPUT_CLKEN      ; Untyped                                                    ;
; CLOCK_ENABLE_CORE_B                ; USE_INPUT_CLKEN      ; Untyped                                                    ;
; ENABLE_ECC                         ; FALSE                ; Untyped                                                    ;
; ECC_PIPELINE_STAGE_ENABLED         ; FALSE                ; Untyped                                                    ;
; WIDTH_ECCSTATUS                    ; 3                    ; Untyped                                                    ;
; DEVICE_FAMILY                      ; Cyclone V            ; Untyped                                                    ;
; CBXI_PARAMETER                     ; altsyncram_7dp1      ; Untyped                                                    ;
+------------------------------------+----------------------+------------------------------------------------------------+
Note: In order to hide this table in the UI and the text report file, please set the "Show Parameter Settings in Synthesis Report" option in "Analysis and Synthesis Settings -> More Settings" to "Off".


+-------------------------------------------------------------------------------------------------------------------------+
; Parameter Settings for Inferred Entity Instance: shared_frame_storage:SHARED_RED|frame_ram:bank_8v|altsyncram:mem_rtl_0 ;
+------------------------------------+----------------------+-------------------------------------------------------------+
; Parameter Name                     ; Value                ; Type                                                        ;
+------------------------------------+----------------------+-------------------------------------------------------------+
; BYTE_SIZE_BLOCK                    ; 8                    ; Untyped                                                     ;
; AUTO_CARRY_CHAINS                  ; ON                   ; AUTO_CARRY                                                  ;
; IGNORE_CARRY_BUFFERS               ; OFF                  ; IGNORE_CARRY                                                ;
; AUTO_CASCADE_CHAINS                ; ON                   ; AUTO_CASCADE                                                ;
; IGNORE_CASCADE_BUFFERS             ; OFF                  ; IGNORE_CASCADE                                              ;
; WIDTH_BYTEENA                      ; 1                    ; Untyped                                                     ;
; OPERATION_MODE                     ; DUAL_PORT            ; Untyped                                                     ;
; WIDTH_A                            ; 15                   ; Untyped                                                     ;
; WIDTHAD_A                          ; 14                   ; Untyped                                                     ;
; NUMWORDS_A                         ; 16384                ; Untyped                                                     ;
; OUTDATA_REG_A                      ; UNREGISTERED         ; Untyped                                                     ;
; ADDRESS_ACLR_A                     ; NONE                 ; Untyped                                                     ;
; OUTDATA_ACLR_A                     ; NONE                 ; Untyped                                                     ;
; WRCONTROL_ACLR_A                   ; NONE                 ; Untyped                                                     ;
; INDATA_ACLR_A                      ; NONE                 ; Untyped                                                     ;
; BYTEENA_ACLR_A                     ; NONE                 ; Untyped                                                     ;
; WIDTH_B                            ; 15                   ; Untyped                                                     ;
; WIDTHAD_B                          ; 14                   ; Untyped                                                     ;
; NUMWORDS_B                         ; 16384                ; Untyped                                                     ;
; INDATA_REG_B                       ; CLOCK1               ; Untyped                                                     ;
; WRCONTROL_WRADDRESS_REG_B          ; CLOCK1               ; Untyped                                                     ;
; RDCONTROL_REG_B                    ; CLOCK1               ; Untyped                                                     ;
; ADDRESS_REG_B                      ; CLOCK0               ; Untyped                                                     ;
; OUTDATA_REG_B                      ; UNREGISTERED         ; Untyped                                                     ;
; BYTEENA_REG_B                      ; CLOCK1               ; Untyped                                                     ;
; INDATA_ACLR_B                      ; NONE                 ; Untyped                                                     ;
; WRCONTROL_ACLR_B                   ; NONE                 ; Untyped                                                     ;
; ADDRESS_ACLR_B                     ; NONE                 ; Untyped                                                     ;
; OUTDATA_ACLR_B                     ; NONE                 ; Untyped                                                     ;
; RDCONTROL_ACLR_B                   ; NONE                 ; Untyped                                                     ;
; BYTEENA_ACLR_B                     ; NONE                 ; Untyped                                                     ;
; WIDTH_BYTEENA_A                    ; 1                    ; Untyped                                                     ;
; WIDTH_BYTEENA_B                    ; 1                    ; Untyped                                                     ;
; RAM_BLOCK_TYPE                     ; M10K                 ; Untyped                                                     ;
; BYTE_SIZE                          ; 8                    ; Untyped                                                     ;
; READ_DURING_WRITE_MODE_MIXED_PORTS ; OLD_DATA             ; Untyped                                                     ;
; READ_DURING_WRITE_MODE_PORT_A      ; NEW_DATA_NO_NBE_READ ; Untyped                                                     ;
; READ_DURING_WRITE_MODE_PORT_B      ; NEW_DATA_NO_NBE_READ ; Untyped                                                     ;
; INIT_FILE                          ; UNUSED               ; Untyped                                                     ;
; INIT_FILE_LAYOUT                   ; PORT_A               ; Untyped                                                     ;
; MAXIMUM_DEPTH                      ; 0                    ; Untyped                                                     ;
; CLOCK_ENABLE_INPUT_A               ; NORMAL               ; Untyped                                                     ;
; CLOCK_ENABLE_INPUT_B               ; NORMAL               ; Untyped                                                     ;
; CLOCK_ENABLE_OUTPUT_A              ; NORMAL               ; Untyped                                                     ;
; CLOCK_ENABLE_OUTPUT_B              ; NORMAL               ; Untyped                                                     ;
; CLOCK_ENABLE_CORE_A                ; USE_INPUT_CLKEN      ; Untyped                                                     ;
; CLOCK_ENABLE_CORE_B                ; USE_INPUT_CLKEN      ; Untyped                                                     ;
; ENABLE_ECC                         ; FALSE                ; Untyped                                                     ;
; ECC_PIPELINE_STAGE_ENABLED         ; FALSE                ; Untyped                                                     ;
; WIDTH_ECCSTATUS                    ; 3                    ; Untyped                                                     ;
; DEVICE_FAMILY                      ; Cyclone V            ; Untyped                                                     ;
; CBXI_PARAMETER                     ; altsyncram_7dp1      ; Untyped                                                     ;
+------------------------------------+----------------------+-------------------------------------------------------------+
Note: In order to hide this table in the UI and the text report file, please set the "Show Parameter Settings in Synthesis Report" option in "Analysis and Synthesis Settings -> More Settings" to "Off".


+------------------------------------------------------------------------------------------------------------------------+
; Parameter Settings for Inferred Entity Instance: shared_frame_storage:SHARED_RED|frame_ram:bank_4|altsyncram:mem_rtl_0 ;
+------------------------------------+----------------------+------------------------------------------------------------+
; Parameter Name                     ; Value                ; Type                                                       ;
+------------------------------------+----------------------+------------------------------------------------------------+
; BYTE_SIZE_BLOCK                    ; 8                    ; Untyped                                                    ;
; AUTO_CARRY_CHAINS                  ; ON                   ; AUTO_CARRY                                                 ;
; IGNORE_CARRY_BUFFERS               ; OFF                  ; IGNORE_CARRY                                               ;
; AUTO_CASCADE_CHAINS                ; ON                   ; AUTO_CASCADE                                               ;
; IGNORE_CASCADE_BUFFERS             ; OFF                  ; IGNORE_CASCADE                                             ;
; WIDTH_BYTEENA                      ; 1                    ; Untyped                                                    ;
; OPERATION_MODE                     ; DUAL_PORT            ; Untyped                                                    ;
; WIDTH_A                            ; 15                   ; Untyped                                                    ;
; WIDTHAD_A                          ; 14                   ; Untyped                                                    ;
; NUMWORDS_A                         ; 16384                ; Untyped                                                    ;
; OUTDATA_REG_A                      ; UNREGISTERED         ; Untyped                                                    ;
; ADDRESS_ACLR_A                     ; NONE                 ; Untyped                                                    ;
; OUTDATA_ACLR_A                     ; NONE                 ; Untyped                                                    ;
; WRCONTROL_ACLR_A                   ; NONE                 ; Untyped                                                    ;
; INDATA_ACLR_A                      ; NONE                 ; Untyped                                                    ;
; BYTEENA_ACLR_A                     ; NONE                 ; Untyped                                                    ;
; WIDTH_B                            ; 15                   ; Untyped                                                    ;
; WIDTHAD_B                          ; 14                   ; Untyped                                                    ;
; NUMWORDS_B                         ; 16384                ; Untyped                                                    ;
; INDATA_REG_B                       ; CLOCK1               ; Untyped                                                    ;
; WRCONTROL_WRADDRESS_REG_B          ; CLOCK1               ; Untyped                                                    ;
; RDCONTROL_REG_B                    ; CLOCK1               ; Untyped                                                    ;
; ADDRESS_REG_B                      ; CLOCK0               ; Untyped                                                    ;
; OUTDATA_REG_B                      ; UNREGISTERED         ; Untyped                                                    ;
; BYTEENA_REG_B                      ; CLOCK1               ; Untyped                                                    ;
; INDATA_ACLR_B                      ; NONE                 ; Untyped                                                    ;
; WRCONTROL_ACLR_B                   ; NONE                 ; Untyped                                                    ;
; ADDRESS_ACLR_B                     ; NONE                 ; Untyped                                                    ;
; OUTDATA_ACLR_B                     ; NONE                 ; Untyped                                                    ;
; RDCONTROL_ACLR_B                   ; NONE                 ; Untyped                                                    ;
; BYTEENA_ACLR_B                     ; NONE                 ; Untyped                                                    ;
; WIDTH_BYTEENA_A                    ; 1                    ; Untyped                                                    ;
; WIDTH_BYTEENA_B                    ; 1                    ; Untyped                                                    ;
; RAM_BLOCK_TYPE                     ; M10K                 ; Untyped                                                    ;
; BYTE_SIZE                          ; 8                    ; Untyped                                                    ;
; READ_DURING_WRITE_MODE_MIXED_PORTS ; OLD_DATA             ; Untyped                                                    ;
; READ_DURING_WRITE_MODE_PORT_A      ; NEW_DATA_NO_NBE_READ ; Untyped                                                    ;
; READ_DURING_WRITE_MODE_PORT_B      ; NEW_DATA_NO_NBE_READ ; Untyped                                                    ;
; INIT_FILE                          ; UNUSED               ; Untyped                                                    ;
; INIT_FILE_LAYOUT                   ; PORT_A               ; Untyped                                                    ;
; MAXIMUM_DEPTH                      ; 0                    ; Untyped                                                    ;
; CLOCK_ENABLE_INPUT_A               ; NORMAL               ; Untyped                                                    ;
; CLOCK_ENABLE_INPUT_B               ; NORMAL               ; Untyped                                                    ;
; CLOCK_ENABLE_OUTPUT_A              ; NORMAL               ; Untyped                                                    ;
; CLOCK_ENABLE_OUTPUT_B              ; NORMAL               ; Untyped                                                    ;
; CLOCK_ENABLE_CORE_A                ; USE_INPUT_CLKEN      ; Untyped                                                    ;
; CLOCK_ENABLE_CORE_B                ; USE_INPUT_CLKEN      ; Untyped                                                    ;
; ENABLE_ECC                         ; FALSE                ; Untyped                                                    ;
; ECC_PIPELINE_STAGE_ENABLED         ; FALSE                ; Untyped                                                    ;
; WIDTH_ECCSTATUS                    ; 3                    ; Untyped                                                    ;
; DEVICE_FAMILY                      ; Cyclone V            ; Untyped                                                    ;
; CBXI_PARAMETER                     ; altsyncram_7dp1      ; Untyped                                                    ;
+------------------------------------+----------------------+------------------------------------------------------------+
Note: In order to hide this table in the UI and the text report file, please set the "Show Parameter Settings in Synthesis Report" option in "Analysis and Synthesis Settings -> More Settings" to "Off".


+------------------------------------------------------------------------------------------------------------------------+
; Parameter Settings for Inferred Entity Instance: shared_frame_storage:SHARED_RED|frame_ram:bank_3|altsyncram:mem_rtl_0 ;
+------------------------------------+----------------------+------------------------------------------------------------+
; Parameter Name                     ; Value                ; Type                                                       ;
+------------------------------------+----------------------+------------------------------------------------------------+
; BYTE_SIZE_BLOCK                    ; 8                    ; Untyped                                                    ;
; AUTO_CARRY_CHAINS                  ; ON                   ; AUTO_CARRY                                                 ;
; IGNORE_CARRY_BUFFERS               ; OFF                  ; IGNORE_CARRY                                               ;
; AUTO_CASCADE_CHAINS                ; ON                   ; AUTO_CASCADE                                               ;
; IGNORE_CASCADE_BUFFERS             ; OFF                  ; IGNORE_CASCADE                                             ;
; WIDTH_BYTEENA                      ; 1                    ; Untyped                                                    ;
; OPERATION_MODE                     ; DUAL_PORT            ; Untyped                                                    ;
; WIDTH_A                            ; 15                   ; Untyped                                                    ;
; WIDTHAD_A                          ; 14                   ; Untyped                                                    ;
; NUMWORDS_A                         ; 16384                ; Untyped                                                    ;
; OUTDATA_REG_A                      ; UNREGISTERED         ; Untyped                                                    ;
; ADDRESS_ACLR_A                     ; NONE                 ; Untyped                                                    ;
; OUTDATA_ACLR_A                     ; NONE                 ; Untyped                                                    ;
; WRCONTROL_ACLR_A                   ; NONE                 ; Untyped                                                    ;
; INDATA_ACLR_A                      ; NONE                 ; Untyped                                                    ;
; BYTEENA_ACLR_A                     ; NONE                 ; Untyped                                                    ;
; WIDTH_B                            ; 15                   ; Untyped                                                    ;
; WIDTHAD_B                          ; 14                   ; Untyped                                                    ;
; NUMWORDS_B                         ; 16384                ; Untyped                                                    ;
; INDATA_REG_B                       ; CLOCK1               ; Untyped                                                    ;
; WRCONTROL_WRADDRESS_REG_B          ; CLOCK1               ; Untyped                                                    ;
; RDCONTROL_REG_B                    ; CLOCK1               ; Untyped                                                    ;
; ADDRESS_REG_B                      ; CLOCK0               ; Untyped                                                    ;
; OUTDATA_REG_B                      ; UNREGISTERED         ; Untyped                                                    ;
; BYTEENA_REG_B                      ; CLOCK1               ; Untyped                                                    ;
; INDATA_ACLR_B                      ; NONE                 ; Untyped                                                    ;
; WRCONTROL_ACLR_B                   ; NONE                 ; Untyped                                                    ;
; ADDRESS_ACLR_B                     ; NONE                 ; Untyped                                                    ;
; OUTDATA_ACLR_B                     ; NONE                 ; Untyped                                                    ;
; RDCONTROL_ACLR_B                   ; NONE                 ; Untyped                                                    ;
; BYTEENA_ACLR_B                     ; NONE                 ; Untyped                                                    ;
; WIDTH_BYTEENA_A                    ; 1                    ; Untyped                                                    ;
; WIDTH_BYTEENA_B                    ; 1                    ; Untyped                                                    ;
; RAM_BLOCK_TYPE                     ; M10K                 ; Untyped                                                    ;
; BYTE_SIZE                          ; 8                    ; Untyped                                                    ;
; READ_DURING_WRITE_MODE_MIXED_PORTS ; OLD_DATA             ; Untyped                                                    ;
; READ_DURING_WRITE_MODE_PORT_A      ; NEW_DATA_NO_NBE_READ ; Untyped                                                    ;
; READ_DURING_WRITE_MODE_PORT_B      ; NEW_DATA_NO_NBE_READ ; Untyped                                                    ;
; INIT_FILE                          ; UNUSED               ; Untyped                                                    ;
; INIT_FILE_LAYOUT                   ; PORT_A               ; Untyped                                                    ;
; MAXIMUM_DEPTH                      ; 0                    ; Untyped                                                    ;
; CLOCK_ENABLE_INPUT_A               ; NORMAL               ; Untyped                                                    ;
; CLOCK_ENABLE_INPUT_B               ; NORMAL               ; Untyped                                                    ;
; CLOCK_ENABLE_OUTPUT_A              ; NORMAL               ; Untyped                                                    ;
; CLOCK_ENABLE_OUTPUT_B              ; NORMAL               ; Untyped                                                    ;
; CLOCK_ENABLE_CORE_A                ; USE_INPUT_CLKEN      ; Untyped                                                    ;
; CLOCK_ENABLE_CORE_B                ; USE_INPUT_CLKEN      ; Untyped                                                    ;
; ENABLE_ECC                         ; FALSE                ; Untyped                                                    ;
; ECC_PIPELINE_STAGE_ENABLED         ; FALSE                ; Untyped                                                    ;
; WIDTH_ECCSTATUS                    ; 3                    ; Untyped                                                    ;
; DEVICE_FAMILY                      ; Cyclone V            ; Untyped                                                    ;
; CBXI_PARAMETER                     ; altsyncram_7dp1      ; Untyped                                                    ;
+------------------------------------+----------------------+------------------------------------------------------------+
Note: In order to hide this table in the UI and the text report file, please set the "Show Parameter Settings in Synthesis Report" option in "Analysis and Synthesis Settings -> More Settings" to "Off".


+------------------------------------------------------------------------------------------------------------------------+
; Parameter Settings for Inferred Entity Instance: shared_frame_storage:SHARED_RED|frame_ram:bank_2|altsyncram:mem_rtl_0 ;
+------------------------------------+----------------------+------------------------------------------------------------+
; Parameter Name                     ; Value                ; Type                                                       ;
+------------------------------------+----------------------+------------------------------------------------------------+
; BYTE_SIZE_BLOCK                    ; 8                    ; Untyped                                                    ;
; AUTO_CARRY_CHAINS                  ; ON                   ; AUTO_CARRY                                                 ;
; IGNORE_CARRY_BUFFERS               ; OFF                  ; IGNORE_CARRY                                               ;
; AUTO_CASCADE_CHAINS                ; ON                   ; AUTO_CASCADE                                               ;
; IGNORE_CASCADE_BUFFERS             ; OFF                  ; IGNORE_CASCADE                                             ;
; WIDTH_BYTEENA                      ; 1                    ; Untyped                                                    ;
; OPERATION_MODE                     ; DUAL_PORT            ; Untyped                                                    ;
; WIDTH_A                            ; 15                   ; Untyped                                                    ;
; WIDTHAD_A                          ; 14                   ; Untyped                                                    ;
; NUMWORDS_A                         ; 16384                ; Untyped                                                    ;
; OUTDATA_REG_A                      ; UNREGISTERED         ; Untyped                                                    ;
; ADDRESS_ACLR_A                     ; NONE                 ; Untyped                                                    ;
; OUTDATA_ACLR_A                     ; NONE                 ; Untyped                                                    ;
; WRCONTROL_ACLR_A                   ; NONE                 ; Untyped                                                    ;
; INDATA_ACLR_A                      ; NONE                 ; Untyped                                                    ;
; BYTEENA_ACLR_A                     ; NONE                 ; Untyped                                                    ;
; WIDTH_B                            ; 15                   ; Untyped                                                    ;
; WIDTHAD_B                          ; 14                   ; Untyped                                                    ;
; NUMWORDS_B                         ; 16384                ; Untyped                                                    ;
; INDATA_REG_B                       ; CLOCK1               ; Untyped                                                    ;
; WRCONTROL_WRADDRESS_REG_B          ; CLOCK1               ; Untyped                                                    ;
; RDCONTROL_REG_B                    ; CLOCK1               ; Untyped                                                    ;
; ADDRESS_REG_B                      ; CLOCK0               ; Untyped                                                    ;
; OUTDATA_REG_B                      ; UNREGISTERED         ; Untyped                                                    ;
; BYTEENA_REG_B                      ; CLOCK1               ; Untyped                                                    ;
; INDATA_ACLR_B                      ; NONE                 ; Untyped                                                    ;
; WRCONTROL_ACLR_B                   ; NONE                 ; Untyped                                                    ;
; ADDRESS_ACLR_B                     ; NONE                 ; Untyped                                                    ;
; OUTDATA_ACLR_B                     ; NONE                 ; Untyped                                                    ;
; RDCONTROL_ACLR_B                   ; NONE                 ; Untyped                                                    ;
; BYTEENA_ACLR_B                     ; NONE                 ; Untyped                                                    ;
; WIDTH_BYTEENA_A                    ; 1                    ; Untyped                                                    ;
; WIDTH_BYTEENA_B                    ; 1                    ; Untyped                                                    ;
; RAM_BLOCK_TYPE                     ; M10K                 ; Untyped                                                    ;
; BYTE_SIZE                          ; 8                    ; Untyped                                                    ;
; READ_DURING_WRITE_MODE_MIXED_PORTS ; OLD_DATA             ; Untyped                                                    ;
; READ_DURING_WRITE_MODE_PORT_A      ; NEW_DATA_NO_NBE_READ ; Untyped                                                    ;
; READ_DURING_WRITE_MODE_PORT_B      ; NEW_DATA_NO_NBE_READ ; Untyped                                                    ;
; INIT_FILE                          ; UNUSED               ; Untyped                                                    ;
; INIT_FILE_LAYOUT                   ; PORT_A               ; Untyped                                                    ;
; MAXIMUM_DEPTH                      ; 0                    ; Untyped                                                    ;
; CLOCK_ENABLE_INPUT_A               ; NORMAL               ; Untyped                                                    ;
; CLOCK_ENABLE_INPUT_B               ; NORMAL               ; Untyped                                                    ;
; CLOCK_ENABLE_OUTPUT_A              ; NORMAL               ; Untyped                                                    ;
; CLOCK_ENABLE_OUTPUT_B              ; NORMAL               ; Untyped                                                    ;
; CLOCK_ENABLE_CORE_A                ; USE_INPUT_CLKEN      ; Untyped                                                    ;
; CLOCK_ENABLE_CORE_B                ; USE_INPUT_CLKEN      ; Untyped                                                    ;
; ENABLE_ECC                         ; FALSE                ; Untyped                                                    ;
; ECC_PIPELINE_STAGE_ENABLED         ; FALSE                ; Untyped                                                    ;
; WIDTH_ECCSTATUS                    ; 3                    ; Untyped                                                    ;
; DEVICE_FAMILY                      ; Cyclone V            ; Untyped                                                    ;
; CBXI_PARAMETER                     ; altsyncram_7dp1      ; Untyped                                                    ;
+------------------------------------+----------------------+------------------------------------------------------------+
Note: In order to hide this table in the UI and the text report file, please set the "Show Parameter Settings in Synthesis Report" option in "Analysis and Synthesis Settings -> More Settings" to "Off".


+------------------------------------------------------------------------------------------------------------------------+
; Parameter Settings for Inferred Entity Instance: shared_frame_storage:SHARED_RED|frame_ram:bank_1|altsyncram:mem_rtl_0 ;
+------------------------------------+----------------------+------------------------------------------------------------+
; Parameter Name                     ; Value                ; Type                                                       ;
+------------------------------------+----------------------+------------------------------------------------------------+
; BYTE_SIZE_BLOCK                    ; 8                    ; Untyped                                                    ;
; AUTO_CARRY_CHAINS                  ; ON                   ; AUTO_CARRY                                                 ;
; IGNORE_CARRY_BUFFERS               ; OFF                  ; IGNORE_CARRY                                               ;
; AUTO_CASCADE_CHAINS                ; ON                   ; AUTO_CASCADE                                               ;
; IGNORE_CASCADE_BUFFERS             ; OFF                  ; IGNORE_CASCADE                                             ;
; WIDTH_BYTEENA                      ; 1                    ; Untyped                                                    ;
; OPERATION_MODE                     ; DUAL_PORT            ; Untyped                                                    ;
; WIDTH_A                            ; 15                   ; Untyped                                                    ;
; WIDTHAD_A                          ; 14                   ; Untyped                                                    ;
; NUMWORDS_A                         ; 16384                ; Untyped                                                    ;
; OUTDATA_REG_A                      ; UNREGISTERED         ; Untyped                                                    ;
; ADDRESS_ACLR_A                     ; NONE                 ; Untyped                                                    ;
; OUTDATA_ACLR_A                     ; NONE                 ; Untyped                                                    ;
; WRCONTROL_ACLR_A                   ; NONE                 ; Untyped                                                    ;
; INDATA_ACLR_A                      ; NONE                 ; Untyped                                                    ;
; BYTEENA_ACLR_A                     ; NONE                 ; Untyped                                                    ;
; WIDTH_B                            ; 15                   ; Untyped                                                    ;
; WIDTHAD_B                          ; 14                   ; Untyped                                                    ;
; NUMWORDS_B                         ; 16384                ; Untyped                                                    ;
; INDATA_REG_B                       ; CLOCK1               ; Untyped                                                    ;
; WRCONTROL_WRADDRESS_REG_B          ; CLOCK1               ; Untyped                                                    ;
; RDCONTROL_REG_B                    ; CLOCK1               ; Untyped                                                    ;
; ADDRESS_REG_B                      ; CLOCK0               ; Untyped                                                    ;
; OUTDATA_REG_B                      ; UNREGISTERED         ; Untyped                                                    ;
; BYTEENA_REG_B                      ; CLOCK1               ; Untyped                                                    ;
; INDATA_ACLR_B                      ; NONE                 ; Untyped                                                    ;
; WRCONTROL_ACLR_B                   ; NONE                 ; Untyped                                                    ;
; ADDRESS_ACLR_B                     ; NONE                 ; Untyped                                                    ;
; OUTDATA_ACLR_B                     ; NONE                 ; Untyped                                                    ;
; RDCONTROL_ACLR_B                   ; NONE                 ; Untyped                                                    ;
; BYTEENA_ACLR_B                     ; NONE                 ; Untyped                                                    ;
; WIDTH_BYTEENA_A                    ; 1                    ; Untyped                                                    ;
; WIDTH_BYTEENA_B                    ; 1                    ; Untyped                                                    ;
; RAM_BLOCK_TYPE                     ; M10K                 ; Untyped                                                    ;
; BYTE_SIZE                          ; 8                    ; Untyped                                                    ;
; READ_DURING_WRITE_MODE_MIXED_PORTS ; OLD_DATA             ; Untyped                                                    ;
; READ_DURING_WRITE_MODE_PORT_A      ; NEW_DATA_NO_NBE_READ ; Untyped                                                    ;
; READ_DURING_WRITE_MODE_PORT_B      ; NEW_DATA_NO_NBE_READ ; Untyped                                                    ;
; INIT_FILE                          ; UNUSED               ; Untyped                                                    ;
; INIT_FILE_LAYOUT                   ; PORT_A               ; Untyped                                                    ;
; MAXIMUM_DEPTH                      ; 0                    ; Untyped                                                    ;
; CLOCK_ENABLE_INPUT_A               ; NORMAL               ; Untyped                                                    ;
; CLOCK_ENABLE_INPUT_B               ; NORMAL               ; Untyped                                                    ;
; CLOCK_ENABLE_OUTPUT_A              ; NORMAL               ; Untyped                                                    ;
; CLOCK_ENABLE_OUTPUT_B              ; NORMAL               ; Untyped                                                    ;
; CLOCK_ENABLE_CORE_A                ; USE_INPUT_CLKEN      ; Untyped                                                    ;
; CLOCK_ENABLE_CORE_B                ; USE_INPUT_CLKEN      ; Untyped                                                    ;
; ENABLE_ECC                         ; FALSE                ; Untyped                                                    ;
; ECC_PIPELINE_STAGE_ENABLED         ; FALSE                ; Untyped                                                    ;
; WIDTH_ECCSTATUS                    ; 3                    ; Untyped                                                    ;
; DEVICE_FAMILY                      ; Cyclone V            ; Untyped                                                    ;
; CBXI_PARAMETER                     ; altsyncram_7dp1      ; Untyped                                                    ;
+------------------------------------+----------------------+------------------------------------------------------------+
Note: In order to hide this table in the UI and the text report file, please set the "Show Parameter Settings in Synthesis Report" option in "Analysis and Synthesis Settings -> More Settings" to "Off".


+------------------------------------------------------------------------------------------------------------------------+
; Parameter Settings for Inferred Entity Instance: shared_frame_storage:SHARED_RED|frame_ram:bank_0|altsyncram:mem_rtl_0 ;
+------------------------------------+----------------------+------------------------------------------------------------+
; Parameter Name                     ; Value                ; Type                                                       ;
+------------------------------------+----------------------+------------------------------------------------------------+
; BYTE_SIZE_BLOCK                    ; 8                    ; Untyped                                                    ;
; AUTO_CARRY_CHAINS                  ; ON                   ; AUTO_CARRY                                                 ;
; IGNORE_CARRY_BUFFERS               ; OFF                  ; IGNORE_CARRY                                               ;
; AUTO_CASCADE_CHAINS                ; ON                   ; AUTO_CASCADE                                               ;
; IGNORE_CASCADE_BUFFERS             ; OFF                  ; IGNORE_CASCADE                                             ;
; WIDTH_BYTEENA                      ; 1                    ; Untyped                                                    ;
; OPERATION_MODE                     ; DUAL_PORT            ; Untyped                                                    ;
; WIDTH_A                            ; 15                   ; Untyped                                                    ;
; WIDTHAD_A                          ; 14                   ; Untyped                                                    ;
; NUMWORDS_A                         ; 16384                ; Untyped                                                    ;
; OUTDATA_REG_A                      ; UNREGISTERED         ; Untyped                                                    ;
; ADDRESS_ACLR_A                     ; NONE                 ; Untyped                                                    ;
; OUTDATA_ACLR_A                     ; NONE                 ; Untyped                                                    ;
; WRCONTROL_ACLR_A                   ; NONE                 ; Untyped                                                    ;
; INDATA_ACLR_A                      ; NONE                 ; Untyped                                                    ;
; BYTEENA_ACLR_A                     ; NONE                 ; Untyped                                                    ;
; WIDTH_B                            ; 15                   ; Untyped                                                    ;
; WIDTHAD_B                          ; 14                   ; Untyped                                                    ;
; NUMWORDS_B                         ; 16384                ; Untyped                                                    ;
; INDATA_REG_B                       ; CLOCK1               ; Untyped                                                    ;
; WRCONTROL_WRADDRESS_REG_B          ; CLOCK1               ; Untyped                                                    ;
; RDCONTROL_REG_B                    ; CLOCK1               ; Untyped                                                    ;
; ADDRESS_REG_B                      ; CLOCK0               ; Untyped                                                    ;
; OUTDATA_REG_B                      ; UNREGISTERED         ; Untyped                                                    ;
; BYTEENA_REG_B                      ; CLOCK1               ; Untyped                                                    ;
; INDATA_ACLR_B                      ; NONE                 ; Untyped                                                    ;
; WRCONTROL_ACLR_B                   ; NONE                 ; Untyped                                                    ;
; ADDRESS_ACLR_B                     ; NONE                 ; Untyped                                                    ;
; OUTDATA_ACLR_B                     ; NONE                 ; Untyped                                                    ;
; RDCONTROL_ACLR_B                   ; NONE                 ; Untyped                                                    ;
; BYTEENA_ACLR_B                     ; NONE                 ; Untyped                                                    ;
; WIDTH_BYTEENA_A                    ; 1                    ; Untyped                                                    ;
; WIDTH_BYTEENA_B                    ; 1                    ; Untyped                                                    ;
; RAM_BLOCK_TYPE                     ; M10K                 ; Untyped                                                    ;
; BYTE_SIZE                          ; 8                    ; Untyped                                                    ;
; READ_DURING_WRITE_MODE_MIXED_PORTS ; OLD_DATA             ; Untyped                                                    ;
; READ_DURING_WRITE_MODE_PORT_A      ; NEW_DATA_NO_NBE_READ ; Untyped                                                    ;
; READ_DURING_WRITE_MODE_PORT_B      ; NEW_DATA_NO_NBE_READ ; Untyped                                                    ;
; INIT_FILE                          ; UNUSED               ; Untyped                                                    ;
; INIT_FILE_LAYOUT                   ; PORT_A               ; Untyped                                                    ;
; MAXIMUM_DEPTH                      ; 0                    ; Untyped                                                    ;
; CLOCK_ENABLE_INPUT_A               ; NORMAL               ; Untyped                                                    ;
; CLOCK_ENABLE_INPUT_B               ; NORMAL               ; Untyped                                                    ;
; CLOCK_ENABLE_OUTPUT_A              ; NORMAL               ; Untyped                                                    ;
; CLOCK_ENABLE_OUTPUT_B              ; NORMAL               ; Untyped                                                    ;
; CLOCK_ENABLE_CORE_A                ; USE_INPUT_CLKEN      ; Untyped                                                    ;
; CLOCK_ENABLE_CORE_B                ; USE_INPUT_CLKEN      ; Untyped                                                    ;
; ENABLE_ECC                         ; FALSE                ; Untyped                                                    ;
; ECC_PIPELINE_STAGE_ENABLED         ; FALSE                ; Untyped                                                    ;
; WIDTH_ECCSTATUS                    ; 3                    ; Untyped                                                    ;
; DEVICE_FAMILY                      ; Cyclone V            ; Untyped                                                    ;
; CBXI_PARAMETER                     ; altsyncram_7dp1      ; Untyped                                                    ;
+------------------------------------+----------------------+------------------------------------------------------------+
Note: In order to hide this table in the UI and the text report file, please set the "Show Parameter Settings in Synthesis Report" option in "Analysis and Synthesis Settings -> More Settings" to "Off".


+-----------------------------------------------------------------------------------------------------------------------+
; Parameter Settings for Inferred Entity Instance: bit_shift_low_pass_filter:BSLPF_RED|altshift_taps:pixel_buffer_rtl_0 ;
+----------------+----------------+-------------------------------------------------------------------------------------+
; Parameter Name ; Value          ; Type                                                                                ;
+----------------+----------------+-------------------------------------------------------------------------------------+
; WIDTH_BYTEENA  ; 1              ; Untyped                                                                             ;
; NUMBER_OF_TAPS ; 1              ; Untyped                                                                             ;
; TAP_DISTANCE   ; 122            ; Untyped                                                                             ;
; WIDTH          ; 48             ; Untyped                                                                             ;
; POWER_UP_STATE ; DONT_CARE      ; Untyped                                                                             ;
; CBXI_PARAMETER ; shift_taps_hjv ; Untyped                                                                             ;
+----------------+----------------+-------------------------------------------------------------------------------------+
Note: In order to hide this table in the UI and the text report file, please set the "Show Parameter Settings in Synthesis Report" option in "Analysis and Synthesis Settings -> More Settings" to "Off".


+------------------------------------------------------------------------------------------------------------------------+
; Parameter Settings for Inferred Entity Instance: disparity_estimator:DISP_EST_RED|altshift_taps:sum1_orientation_rtl_0 ;
+----------------+----------------+--------------------------------------------------------------------------------------+
; Parameter Name ; Value          ; Type                                                                                 ;
+----------------+----------------+--------------------------------------------------------------------------------------+
; WIDTH_BYTEENA  ; 1              ; Untyped                                                                              ;
; NUMBER_OF_TAPS ; 1              ; Untyped                                                                              ;
; TAP_DISTANCE   ; 58             ; Untyped                                                                              ;
; WIDTH          ; 15             ; Untyped                                                                              ;
; POWER_UP_STATE ; DONT_CARE      ; Untyped                                                                              ;
; CBXI_PARAMETER ; shift_taps_o0v ; Untyped                                                                              ;
+----------------+----------------+--------------------------------------------------------------------------------------+
Note: In order to hide this table in the UI and the text report file, please set the "Show Parameter Settings in Synthesis Report" option in "Analysis and Synthesis Settings -> More Settings" to "Off".


+-------------------------------------------------------------------------------------------------------------------------------+
; Parameter Settings for Inferred Entity Instance: confidence_computer:CONF_COMP_RED|altshift_taps:derivative_row_idx_out_rtl_0 ;
+----------------+----------------+---------------------------------------------------------------------------------------------+
; Parameter Name ; Value          ; Type                                                                                        ;
+----------------+----------------+---------------------------------------------------------------------------------------------+
; WIDTH_BYTEENA  ; 1              ; Untyped                                                                                     ;
; NUMBER_OF_TAPS ; 1              ; Untyped                                                                                     ;
; TAP_DISTANCE   ; 3              ; Untyped                                                                                     ;
; WIDTH          ; 32             ; Untyped                                                                                     ;
; POWER_UP_STATE ; DONT_CARE      ; Untyped                                                                                     ;
; CBXI_PARAMETER ; shift_taps_9vu ; Untyped                                                                                     ;
+----------------+----------------+---------------------------------------------------------------------------------------------+
Note: In order to hide this table in the UI and the text report file, please set the "Show Parameter Settings in Synthesis Report" option in "Analysis and Synthesis Settings -> More Settings" to "Off".


+------------------------------------------------------------------------------------------------------------------------+
; Parameter Settings for Inferred Entity Instance: shared_frame_storage:SHARED_RED|frame_ram:bank_7|altsyncram:mem_rtl_0 ;
+------------------------------------+----------------------+------------------------------------------------------------+
; Parameter Name                     ; Value                ; Type                                                       ;
+------------------------------------+----------------------+------------------------------------------------------------+
; BYTE_SIZE_BLOCK                    ; 8                    ; Untyped                                                    ;
; AUTO_CARRY_CHAINS                  ; ON                   ; AUTO_CARRY                                                 ;
; IGNORE_CARRY_BUFFERS               ; OFF                  ; IGNORE_CARRY                                               ;
; AUTO_CASCADE_CHAINS                ; ON                   ; AUTO_CASCADE                                               ;
; IGNORE_CASCADE_BUFFERS             ; OFF                  ; IGNORE_CASCADE                                             ;
; WIDTH_BYTEENA                      ; 1                    ; Untyped                                                    ;
; OPERATION_MODE                     ; DUAL_PORT            ; Untyped                                                    ;
; WIDTH_A                            ; 15                   ; Untyped                                                    ;
; WIDTHAD_A                          ; 14                   ; Untyped                                                    ;
; NUMWORDS_A                         ; 16384                ; Untyped                                                    ;
; OUTDATA_REG_A                      ; UNREGISTERED         ; Untyped                                                    ;
; ADDRESS_ACLR_A                     ; NONE                 ; Untyped                                                    ;
; OUTDATA_ACLR_A                     ; NONE                 ; Untyped                                                    ;
; WRCONTROL_ACLR_A                   ; NONE                 ; Untyped                                                    ;
; INDATA_ACLR_A                      ; NONE                 ; Untyped                                                    ;
; BYTEENA_ACLR_A                     ; NONE                 ; Untyped                                                    ;
; WIDTH_B                            ; 15                   ; Untyped                                                    ;
; WIDTHAD_B                          ; 14                   ; Untyped                                                    ;
; NUMWORDS_B                         ; 16384                ; Untyped                                                    ;
; INDATA_REG_B                       ; CLOCK1               ; Untyped                                                    ;
; WRCONTROL_WRADDRESS_REG_B          ; CLOCK1               ; Untyped                                                    ;
; RDCONTROL_REG_B                    ; CLOCK1               ; Untyped                                                    ;
; ADDRESS_REG_B                      ; CLOCK0               ; Untyped                                                    ;
; OUTDATA_REG_B                      ; UNREGISTERED         ; Untyped                                                    ;
; BYTEENA_REG_B                      ; CLOCK1               ; Untyped                                                    ;
; INDATA_ACLR_B                      ; NONE                 ; Untyped                                                    ;
; WRCONTROL_ACLR_B                   ; NONE                 ; Untyped                                                    ;
; ADDRESS_ACLR_B                     ; NONE                 ; Untyped                                                    ;
; OUTDATA_ACLR_B                     ; NONE                 ; Untyped                                                    ;
; RDCONTROL_ACLR_B                   ; NONE                 ; Untyped                                                    ;
; BYTEENA_ACLR_B                     ; NONE                 ; Untyped                                                    ;
; WIDTH_BYTEENA_A                    ; 1                    ; Untyped                                                    ;
; WIDTH_BYTEENA_B                    ; 1                    ; Untyped                                                    ;
; RAM_BLOCK_TYPE                     ; M10K                 ; Untyped                                                    ;
; BYTE_SIZE                          ; 8                    ; Untyped                                                    ;
; READ_DURING_WRITE_MODE_MIXED_PORTS ; OLD_DATA             ; Untyped                                                    ;
; READ_DURING_WRITE_MODE_PORT_A      ; NEW_DATA_NO_NBE_READ ; Untyped                                                    ;
; READ_DURING_WRITE_MODE_PORT_B      ; NEW_DATA_NO_NBE_READ ; Untyped                                                    ;
; INIT_FILE                          ; UNUSED               ; Untyped                                                    ;
; INIT_FILE_LAYOUT                   ; PORT_A               ; Untyped                                                    ;
; MAXIMUM_DEPTH                      ; 0                    ; Untyped                                                    ;
; CLOCK_ENABLE_INPUT_A               ; NORMAL               ; Untyped                                                    ;
; CLOCK_ENABLE_INPUT_B               ; NORMAL               ; Untyped                                                    ;
; CLOCK_ENABLE_OUTPUT_A              ; NORMAL               ; Untyped                                                    ;
; CLOCK_ENABLE_OUTPUT_B              ; NORMAL               ; Untyped                                                    ;
; CLOCK_ENABLE_CORE_A                ; USE_INPUT_CLKEN      ; Untyped                                                    ;
; CLOCK_ENABLE_CORE_B                ; USE_INPUT_CLKEN      ; Untyped                                                    ;
; ENABLE_ECC                         ; FALSE                ; Untyped                                                    ;
; ECC_PIPELINE_STAGE_ENABLED         ; FALSE                ; Untyped                                                    ;
; WIDTH_ECCSTATUS                    ; 3                    ; Untyped                                                    ;
; DEVICE_FAMILY                      ; Cyclone V            ; Untyped                                                    ;
; CBXI_PARAMETER                     ; altsyncram_7dp1      ; Untyped                                                    ;
+------------------------------------+----------------------+------------------------------------------------------------+
Note: In order to hide this table in the UI and the text report file, please set the "Show Parameter Settings in Synthesis Report" option in "Analysis and Synthesis Settings -> More Settings" to "Off".


+------------------------------------------------------------------------------------------------------------------------+
; Parameter Settings for Inferred Entity Instance: shared_frame_storage:SHARED_RED|frame_ram:bank_6|altsyncram:mem_rtl_0 ;
+------------------------------------+----------------------+------------------------------------------------------------+
; Parameter Name                     ; Value                ; Type                                                       ;
+------------------------------------+----------------------+------------------------------------------------------------+
; BYTE_SIZE_BLOCK                    ; 8                    ; Untyped                                                    ;
; AUTO_CARRY_CHAINS                  ; ON                   ; AUTO_CARRY                                                 ;
; IGNORE_CARRY_BUFFERS               ; OFF                  ; IGNORE_CARRY                                               ;
; AUTO_CASCADE_CHAINS                ; ON                   ; AUTO_CASCADE                                               ;
; IGNORE_CASCADE_BUFFERS             ; OFF                  ; IGNORE_CASCADE                                             ;
; WIDTH_BYTEENA                      ; 1                    ; Untyped                                                    ;
; OPERATION_MODE                     ; DUAL_PORT            ; Untyped                                                    ;
; WIDTH_A                            ; 15                   ; Untyped                                                    ;
; WIDTHAD_A                          ; 14                   ; Untyped                                                    ;
; NUMWORDS_A                         ; 16384                ; Untyped                                                    ;
; OUTDATA_REG_A                      ; UNREGISTERED         ; Untyped                                                    ;
; ADDRESS_ACLR_A                     ; NONE                 ; Untyped                                                    ;
; OUTDATA_ACLR_A                     ; NONE                 ; Untyped                                                    ;
; WRCONTROL_ACLR_A                   ; NONE                 ; Untyped                                                    ;
; INDATA_ACLR_A                      ; NONE                 ; Untyped                                                    ;
; BYTEENA_ACLR_A                     ; NONE                 ; Untyped                                                    ;
; WIDTH_B                            ; 15                   ; Untyped                                                    ;
; WIDTHAD_B                          ; 14                   ; Untyped                                                    ;
; NUMWORDS_B                         ; 16384                ; Untyped                                                    ;
; INDATA_REG_B                       ; CLOCK1               ; Untyped                                                    ;
; WRCONTROL_WRADDRESS_REG_B          ; CLOCK1               ; Untyped                                                    ;
; RDCONTROL_REG_B                    ; CLOCK1               ; Untyped                                                    ;
; ADDRESS_REG_B                      ; CLOCK0               ; Untyped                                                    ;
; OUTDATA_REG_B                      ; UNREGISTERED         ; Untyped                                                    ;
; BYTEENA_REG_B                      ; CLOCK1               ; Untyped                                                    ;
; INDATA_ACLR_B                      ; NONE                 ; Untyped                                                    ;
; WRCONTROL_ACLR_B                   ; NONE                 ; Untyped                                                    ;
; ADDRESS_ACLR_B                     ; NONE                 ; Untyped                                                    ;
; OUTDATA_ACLR_B                     ; NONE                 ; Untyped                                                    ;
; RDCONTROL_ACLR_B                   ; NONE                 ; Untyped                                                    ;
; BYTEENA_ACLR_B                     ; NONE                 ; Untyped                                                    ;
; WIDTH_BYTEENA_A                    ; 1                    ; Untyped                                                    ;
; WIDTH_BYTEENA_B                    ; 1                    ; Untyped                                                    ;
; RAM_BLOCK_TYPE                     ; M10K                 ; Untyped                                                    ;
; BYTE_SIZE                          ; 8                    ; Untyped                                                    ;
; READ_DURING_WRITE_MODE_MIXED_PORTS ; OLD_DATA             ; Untyped                                                    ;
; READ_DURING_WRITE_MODE_PORT_A      ; NEW_DATA_NO_NBE_READ ; Untyped                                                    ;
; READ_DURING_WRITE_MODE_PORT_B      ; NEW_DATA_NO_NBE_READ ; Untyped                                                    ;
; INIT_FILE                          ; UNUSED               ; Untyped                                                    ;
; INIT_FILE_LAYOUT                   ; PORT_A               ; Untyped                                                    ;
; MAXIMUM_DEPTH                      ; 0                    ; Untyped                                                    ;
; CLOCK_ENABLE_INPUT_A               ; NORMAL               ; Untyped                                                    ;
; CLOCK_ENABLE_INPUT_B               ; NORMAL               ; Untyped                                                    ;
; CLOCK_ENABLE_OUTPUT_A              ; NORMAL               ; Untyped                                                    ;
; CLOCK_ENABLE_OUTPUT_B              ; NORMAL               ; Untyped                                                    ;
; CLOCK_ENABLE_CORE_A                ; USE_INPUT_CLKEN      ; Untyped                                                    ;
; CLOCK_ENABLE_CORE_B                ; USE_INPUT_CLKEN      ; Untyped                                                    ;
; ENABLE_ECC                         ; FALSE                ; Untyped                                                    ;
; ECC_PIPELINE_STAGE_ENABLED         ; FALSE                ; Untyped                                                    ;
; WIDTH_ECCSTATUS                    ; 3                    ; Untyped                                                    ;
; DEVICE_FAMILY                      ; Cyclone V            ; Untyped                                                    ;
; CBXI_PARAMETER                     ; altsyncram_7dp1      ; Untyped                                                    ;
+------------------------------------+----------------------+------------------------------------------------------------+
Note: In order to hide this table in the UI and the text report file, please set the "Show Parameter Settings in Synthesis Report" option in "Analysis and Synthesis Settings -> More Settings" to "Off".


+------------------------------------------------------------------------------------------------------------------------+
; Parameter Settings for Inferred Entity Instance: shared_frame_storage:SHARED_RED|frame_ram:bank_5|altsyncram:mem_rtl_0 ;
+------------------------------------+----------------------+------------------------------------------------------------+
; Parameter Name                     ; Value                ; Type                                                       ;
+------------------------------------+----------------------+------------------------------------------------------------+
; BYTE_SIZE_BLOCK                    ; 8                    ; Untyped                                                    ;
; AUTO_CARRY_CHAINS                  ; ON                   ; AUTO_CARRY                                                 ;
; IGNORE_CARRY_BUFFERS               ; OFF                  ; IGNORE_CARRY                                               ;
; AUTO_CASCADE_CHAINS                ; ON                   ; AUTO_CASCADE                                               ;
; IGNORE_CASCADE_BUFFERS             ; OFF                  ; IGNORE_CASCADE                                             ;
; WIDTH_BYTEENA                      ; 1                    ; Untyped                                                    ;
; OPERATION_MODE                     ; DUAL_PORT            ; Untyped                                                    ;
; WIDTH_A                            ; 15                   ; Untyped                                                    ;
; WIDTHAD_A                          ; 14                   ; Untyped                                                    ;
; NUMWORDS_A                         ; 16384                ; Untyped                                                    ;
; OUTDATA_REG_A                      ; UNREGISTERED         ; Untyped                                                    ;
; ADDRESS_ACLR_A                     ; NONE                 ; Untyped                                                    ;
; OUTDATA_ACLR_A                     ; NONE                 ; Untyped                                                    ;
; WRCONTROL_ACLR_A                   ; NONE                 ; Untyped                                                    ;
; INDATA_ACLR_A                      ; NONE                 ; Untyped                                                    ;
; BYTEENA_ACLR_A                     ; NONE                 ; Untyped                                                    ;
; WIDTH_B                            ; 15                   ; Untyped                                                    ;
; WIDTHAD_B                          ; 14                   ; Untyped                                                    ;
; NUMWORDS_B                         ; 16384                ; Untyped                                                    ;
; INDATA_REG_B                       ; CLOCK1               ; Untyped                                                    ;
; WRCONTROL_WRADDRESS_REG_B          ; CLOCK1               ; Untyped                                                    ;
; RDCONTROL_REG_B                    ; CLOCK1               ; Untyped                                                    ;
; ADDRESS_REG_B                      ; CLOCK0               ; Untyped                                                    ;
; OUTDATA_REG_B                      ; UNREGISTERED         ; Untyped                                                    ;
; BYTEENA_REG_B                      ; CLOCK1               ; Untyped                                                    ;
; INDATA_ACLR_B                      ; NONE                 ; Untyped                                                    ;
; WRCONTROL_ACLR_B                   ; NONE                 ; Untyped                                                    ;
; ADDRESS_ACLR_B                     ; NONE                 ; Untyped                                                    ;
; OUTDATA_ACLR_B                     ; NONE                 ; Untyped                                                    ;
; RDCONTROL_ACLR_B                   ; NONE                 ; Untyped                                                    ;
; BYTEENA_ACLR_B                     ; NONE                 ; Untyped                                                    ;
; WIDTH_BYTEENA_A                    ; 1                    ; Untyped                                                    ;
; WIDTH_BYTEENA_B                    ; 1                    ; Untyped                                                    ;
; RAM_BLOCK_TYPE                     ; M10K                 ; Untyped                                                    ;
; BYTE_SIZE                          ; 8                    ; Untyped                                                    ;
; READ_DURING_WRITE_MODE_MIXED_PORTS ; OLD_DATA             ; Untyped                                                    ;
; READ_DURING_WRITE_MODE_PORT_A      ; NEW_DATA_NO_NBE_READ ; Untyped                                                    ;
; READ_DURING_WRITE_MODE_PORT_B      ; NEW_DATA_NO_NBE_READ ; Untyped                                                    ;
; INIT_FILE                          ; UNUSED               ; Untyped                                                    ;
; INIT_FILE_LAYOUT                   ; PORT_A               ; Untyped                                                    ;
; MAXIMUM_DEPTH                      ; 0                    ; Untyped                                                    ;
; CLOCK_ENABLE_INPUT_A               ; NORMAL               ; Untyped                                                    ;
; CLOCK_ENABLE_INPUT_B               ; NORMAL               ; Untyped                                                    ;
; CLOCK_ENABLE_OUTPUT_A              ; NORMAL               ; Untyped                                                    ;
; CLOCK_ENABLE_OUTPUT_B              ; NORMAL               ; Untyped                                                    ;
; CLOCK_ENABLE_CORE_A                ; USE_INPUT_CLKEN      ; Untyped                                                    ;
; CLOCK_ENABLE_CORE_B                ; USE_INPUT_CLKEN      ; Untyped                                                    ;
; ENABLE_ECC                         ; FALSE                ; Untyped                                                    ;
; ECC_PIPELINE_STAGE_ENABLED         ; FALSE                ; Untyped                                                    ;
; WIDTH_ECCSTATUS                    ; 3                    ; Untyped                                                    ;
; DEVICE_FAMILY                      ; Cyclone V            ; Untyped                                                    ;
; CBXI_PARAMETER                     ; altsyncram_7dp1      ; Untyped                                                    ;
+------------------------------------+----------------------+------------------------------------------------------------+
Note: In order to hide this table in the UI and the text report file, please set the "Show Parameter Settings in Synthesis Report" option in "Analysis and Synthesis Settings -> More Settings" to "Off".


+--------------------------------------------------------------------------------------------------------------+
; Parameter Settings for Inferred Entity Instance: fused_aligned_output:FAO_RED|altshift_taps:crop_ok_4d_rtl_0 ;
+----------------+----------------+----------------------------------------------------------------------------+
; Parameter Name ; Value          ; Type                                                                       ;
+----------------+----------------+----------------------------------------------------------------------------+
; WIDTH_BYTEENA  ; 1              ; Untyped                                                                    ;
; NUMBER_OF_TAPS ; 1              ; Untyped                                                                    ;
; TAP_DISTANCE   ; 42             ; Untyped                                                                    ;
; WIDTH          ; 31             ; Untyped                                                                    ;
; POWER_UP_STATE ; DONT_CARE      ; Untyped                                                                    ;
; CBXI_PARAMETER ; shift_taps_d0v ; Untyped                                                                    ;
+----------------+----------------+----------------------------------------------------------------------------+
Note: In order to hide this table in the UI and the text report file, please set the "Show Parameter Settings in Synthesis Report" option in "Analysis and Synthesis Settings -> More Settings" to "Off".


+--------------------------------------------------------------------------------------------------------------------+
; altsyncram Parameter Settings by Entity Instance                                                                   ;
+-------------------------------------------+------------------------------------------------------------------------+
; Name                                      ; Value                                                                  ;
+-------------------------------------------+------------------------------------------------------------------------+
; Number of entity instances                ; 13                                                                     ;
; Entity Instance                           ; shared_frame_storage:SHARED_RED|frame_ram:bank_8|altsyncram:mem_rtl_0  ;
;     -- OPERATION_MODE                     ; DUAL_PORT                                                              ;
;     -- WIDTH_A                            ; 15                                                                     ;
;     -- NUMWORDS_A                         ; 16384                                                                  ;
;     -- OUTDATA_REG_A                      ; UNREGISTERED                                                           ;
;     -- WIDTH_B                            ; 15                                                                     ;
;     -- NUMWORDS_B                         ; 16384                                                                  ;
;     -- ADDRESS_REG_B                      ; CLOCK0                                                                 ;
;     -- OUTDATA_REG_B                      ; UNREGISTERED                                                           ;
;     -- RAM_BLOCK_TYPE                     ; M10K                                                                   ;
;     -- READ_DURING_WRITE_MODE_MIXED_PORTS ; OLD_DATA                                                               ;
; Entity Instance                           ; shared_frame_storage:SHARED_RED|frame_ram:bank_11|altsyncram:mem_rtl_0 ;
;     -- OPERATION_MODE                     ; DUAL_PORT                                                              ;
;     -- WIDTH_A                            ; 15                                                                     ;
;     -- NUMWORDS_A                         ; 16384                                                                  ;
;     -- OUTDATA_REG_A                      ; UNREGISTERED                                                           ;
;     -- WIDTH_B                            ; 15                                                                     ;
;     -- NUMWORDS_B                         ; 16384                                                                  ;
;     -- ADDRESS_REG_B                      ; CLOCK0                                                                 ;
;     -- OUTDATA_REG_B                      ; UNREGISTERED                                                           ;
;     -- RAM_BLOCK_TYPE                     ; M10K                                                                   ;
;     -- READ_DURING_WRITE_MODE_MIXED_PORTS ; OLD_DATA                                                               ;
; Entity Instance                           ; shared_frame_storage:SHARED_RED|frame_ram:bank_10|altsyncram:mem_rtl_0 ;
;     -- OPERATION_MODE                     ; DUAL_PORT                                                              ;
;     -- WIDTH_A                            ; 15                                                                     ;
;     -- NUMWORDS_A                         ; 16384                                                                  ;
;     -- OUTDATA_REG_A                      ; UNREGISTERED                                                           ;
;     -- WIDTH_B                            ; 15                                                                     ;
;     -- NUMWORDS_B                         ; 16384                                                                  ;
;     -- ADDRESS_REG_B                      ; CLOCK0                                                                 ;
;     -- OUTDATA_REG_B                      ; UNREGISTERED                                                           ;
;     -- RAM_BLOCK_TYPE                     ; M10K                                                                   ;
;     -- READ_DURING_WRITE_MODE_MIXED_PORTS ; OLD_DATA                                                               ;
; Entity Instance                           ; shared_frame_storage:SHARED_RED|frame_ram:bank_9|altsyncram:mem_rtl_0  ;
;     -- OPERATION_MODE                     ; DUAL_PORT                                                              ;
;     -- WIDTH_A                            ; 15                                                                     ;
;     -- NUMWORDS_A                         ; 16384                                                                  ;
;     -- OUTDATA_REG_A                      ; UNREGISTERED                                                           ;
;     -- WIDTH_B                            ; 15                                                                     ;
;     -- NUMWORDS_B                         ; 16384                                                                  ;
;     -- ADDRESS_REG_B                      ; CLOCK0                                                                 ;
;     -- OUTDATA_REG_B                      ; UNREGISTERED                                                           ;
;     -- RAM_BLOCK_TYPE                     ; M10K                                                                   ;
;     -- READ_DURING_WRITE_MODE_MIXED_PORTS ; OLD_DATA                                                               ;
; Entity Instance                           ; shared_frame_storage:SHARED_RED|frame_ram:bank_8v|altsyncram:mem_rtl_0 ;
;     -- OPERATION_MODE                     ; DUAL_PORT                                                              ;
;     -- WIDTH_A                            ; 15                                                                     ;
;     -- NUMWORDS_A                         ; 16384                                                                  ;
;     -- OUTDATA_REG_A                      ; UNREGISTERED                                                           ;
;     -- WIDTH_B                            ; 15                                                                     ;
;     -- NUMWORDS_B                         ; 16384                                                                  ;
;     -- ADDRESS_REG_B                      ; CLOCK0                                                                 ;
;     -- OUTDATA_REG_B                      ; UNREGISTERED                                                           ;
;     -- RAM_BLOCK_TYPE                     ; M10K                                                                   ;
;     -- READ_DURING_WRITE_MODE_MIXED_PORTS ; OLD_DATA                                                               ;
; Entity Instance                           ; shared_frame_storage:SHARED_RED|frame_ram:bank_4|altsyncram:mem_rtl_0  ;
;     -- OPERATION_MODE                     ; DUAL_PORT                                                              ;
;     -- WIDTH_A                            ; 15                                                                     ;
;     -- NUMWORDS_A                         ; 16384                                                                  ;
;     -- OUTDATA_REG_A                      ; UNREGISTERED                                                           ;
;     -- WIDTH_B                            ; 15                                                                     ;
;     -- NUMWORDS_B                         ; 16384                                                                  ;
;     -- ADDRESS_REG_B                      ; CLOCK0                                                                 ;
;     -- OUTDATA_REG_B                      ; UNREGISTERED                                                           ;
;     -- RAM_BLOCK_TYPE                     ; M10K                                                                   ;
;     -- READ_DURING_WRITE_MODE_MIXED_PORTS ; OLD_DATA                                                               ;
; Entity Instance                           ; shared_frame_storage:SHARED_RED|frame_ram:bank_3|altsyncram:mem_rtl_0  ;
;     -- OPERATION_MODE                     ; DUAL_PORT                                                              ;
;     -- WIDTH_A                            ; 15                                                                     ;
;     -- NUMWORDS_A                         ; 16384                                                                  ;
;     -- OUTDATA_REG_A                      ; UNREGISTERED                                                           ;
;     -- WIDTH_B                            ; 15                                                                     ;
;     -- NUMWORDS_B                         ; 16384                                                                  ;
;     -- ADDRESS_REG_B                      ; CLOCK0                                                                 ;
;     -- OUTDATA_REG_B                      ; UNREGISTERED                                                           ;
;     -- RAM_BLOCK_TYPE                     ; M10K                                                                   ;
;     -- READ_DURING_WRITE_MODE_MIXED_PORTS ; OLD_DATA                                                               ;
; Entity Instance                           ; shared_frame_storage:SHARED_RED|frame_ram:bank_2|altsyncram:mem_rtl_0  ;
;     -- OPERATION_MODE                     ; DUAL_PORT                                                              ;
;     -- WIDTH_A                            ; 15                                                                     ;
;     -- NUMWORDS_A                         ; 16384                                                                  ;
;     -- OUTDATA_REG_A                      ; UNREGISTERED                                                           ;
;     -- WIDTH_B                            ; 15                                                                     ;
;     -- NUMWORDS_B                         ; 16384                                                                  ;
;     -- ADDRESS_REG_B                      ; CLOCK0                                                                 ;
;     -- OUTDATA_REG_B                      ; UNREGISTERED                                                           ;
;     -- RAM_BLOCK_TYPE                     ; M10K                                                                   ;
;     -- READ_DURING_WRITE_MODE_MIXED_PORTS ; OLD_DATA                                                               ;
; Entity Instance                           ; shared_frame_storage:SHARED_RED|frame_ram:bank_1|altsyncram:mem_rtl_0  ;
;     -- OPERATION_MODE                     ; DUAL_PORT                                                              ;
;     -- WIDTH_A                            ; 15                                                                     ;
;     -- NUMWORDS_A                         ; 16384                                                                  ;
;     -- OUTDATA_REG_A                      ; UNREGISTERED                                                           ;
;     -- WIDTH_B                            ; 15                                                                     ;
;     -- NUMWORDS_B                         ; 16384                                                                  ;
;     -- ADDRESS_REG_B                      ; CLOCK0                                                                 ;
;     -- OUTDATA_REG_B                      ; UNREGISTERED                                                           ;
;     -- RAM_BLOCK_TYPE                     ; M10K                                                                   ;
;     -- READ_DURING_WRITE_MODE_MIXED_PORTS ; OLD_DATA                                                               ;
; Entity Instance                           ; shared_frame_storage:SHARED_RED|frame_ram:bank_0|altsyncram:mem_rtl_0  ;
;     -- OPERATION_MODE                     ; DUAL_PORT                                                              ;
;     -- WIDTH_A                            ; 15                                                                     ;
;     -- NUMWORDS_A                         ; 16384                                                                  ;
;     -- OUTDATA_REG_A                      ; UNREGISTERED                                                           ;
;     -- WIDTH_B                            ; 15                                                                     ;
;     -- NUMWORDS_B                         ; 16384                                                                  ;
;     -- ADDRESS_REG_B                      ; CLOCK0                                                                 ;
;     -- OUTDATA_REG_B                      ; UNREGISTERED                                                           ;
;     -- RAM_BLOCK_TYPE                     ; M10K                                                                   ;
;     -- READ_DURING_WRITE_MODE_MIXED_PORTS ; OLD_DATA                                                               ;
; Entity Instance                           ; shared_frame_storage:SHARED_RED|frame_ram:bank_7|altsyncram:mem_rtl_0  ;
;     -- OPERATION_MODE                     ; DUAL_PORT                                                              ;
;     -- WIDTH_A                            ; 15                                                                     ;
;     -- NUMWORDS_A                         ; 16384                                                                  ;
;     -- OUTDATA_REG_A                      ; UNREGISTERED                                                           ;
;     -- WIDTH_B                            ; 15                                                                     ;
;     -- NUMWORDS_B                         ; 16384                                                                  ;
;     -- ADDRESS_REG_B                      ; CLOCK0                                                                 ;
;     -- OUTDATA_REG_B                      ; UNREGISTERED                                                           ;
;     -- RAM_BLOCK_TYPE                     ; M10K                                                                   ;
;     -- READ_DURING_WRITE_MODE_MIXED_PORTS ; OLD_DATA                                                               ;
; Entity Instance                           ; shared_frame_storage:SHARED_RED|frame_ram:bank_6|altsyncram:mem_rtl_0  ;
;     -- OPERATION_MODE                     ; DUAL_PORT                                                              ;
;     -- WIDTH_A                            ; 15                                                                     ;
;     -- NUMWORDS_A                         ; 16384                                                                  ;
;     -- OUTDATA_REG_A                      ; UNREGISTERED                                                           ;
;     -- WIDTH_B                            ; 15                                                                     ;
;     -- NUMWORDS_B                         ; 16384                                                                  ;
;     -- ADDRESS_REG_B                      ; CLOCK0                                                                 ;
;     -- OUTDATA_REG_B                      ; UNREGISTERED                                                           ;
;     -- RAM_BLOCK_TYPE                     ; M10K                                                                   ;
;     -- READ_DURING_WRITE_MODE_MIXED_PORTS ; OLD_DATA                                                               ;
; Entity Instance                           ; shared_frame_storage:SHARED_RED|frame_ram:bank_5|altsyncram:mem_rtl_0  ;
;     -- OPERATION_MODE                     ; DUAL_PORT                                                              ;
;     -- WIDTH_A                            ; 15                                                                     ;
;     -- NUMWORDS_A                         ; 16384                                                                  ;
;     -- OUTDATA_REG_A                      ; UNREGISTERED                                                           ;
;     -- WIDTH_B                            ; 15                                                                     ;
;     -- NUMWORDS_B                         ; 16384                                                                  ;
;     -- ADDRESS_REG_B                      ; CLOCK0                                                                 ;
;     -- OUTDATA_REG_B                      ; UNREGISTERED                                                           ;
;     -- RAM_BLOCK_TYPE                     ; M10K                                                                   ;
;     -- READ_DURING_WRITE_MODE_MIXED_PORTS ; OLD_DATA                                                               ;
+-------------------------------------------+------------------------------------------------------------------------+


+-----------------------------------------------------------------------------------------------------------+
; altshift_taps Parameter Settings by Entity Instance                                                       ;
+----------------------------+------------------------------------------------------------------------------+
; Name                       ; Value                                                                        ;
+----------------------------+------------------------------------------------------------------------------+
; Number of entity instances ; 4                                                                            ;
; Entity Instance            ; bit_shift_low_pass_filter:BSLPF_RED|altshift_taps:pixel_buffer_rtl_0         ;
;     -- NUMBER_OF_TAPS      ; 1                                                                            ;
;     -- TAP_DISTANCE        ; 122                                                                          ;
;     -- WIDTH               ; 48                                                                           ;
; Entity Instance            ; disparity_estimator:DISP_EST_RED|altshift_taps:sum1_orientation_rtl_0        ;
;     -- NUMBER_OF_TAPS      ; 1                                                                            ;
;     -- TAP_DISTANCE        ; 58                                                                           ;
;     -- WIDTH               ; 15                                                                           ;
; Entity Instance            ; confidence_computer:CONF_COMP_RED|altshift_taps:derivative_row_idx_out_rtl_0 ;
;     -- NUMBER_OF_TAPS      ; 1                                                                            ;
;     -- TAP_DISTANCE        ; 3                                                                            ;
;     -- WIDTH               ; 32                                                                           ;
; Entity Instance            ; fused_aligned_output:FAO_RED|altshift_taps:crop_ok_4d_rtl_0                  ;
;     -- NUMBER_OF_TAPS      ; 1                                                                            ;
;     -- TAP_DISTANCE        ; 42                                                                           ;
;     -- WIDTH               ; 31                                                                           ;
+----------------------------+------------------------------------------------------------------------------+


+-----------------------------------------------------+
; Post-Synthesis Netlist Statistics for Top Partition ;
+-----------------------+-----------------------------+
; Type                  ; Count                       ;
+-----------------------+-----------------------------+
; arriav_ff             ; 12769                       ;
;     ENA               ; 950                         ;
;     ENA SCLR          ; 74                          ;
;     ENA SCLR SLD      ; 14                          ;
;     ENA SLD           ; 36                          ;
;     SCLR              ; 6280                        ;
;     SCLR SLD          ; 590                         ;
;     SLD               ; 128                         ;
;     plain             ; 4697                        ;
; arriav_lcell_comb     ; 9910                        ;
;     arith             ; 1249                        ;
;         0 data inputs ; 8                           ;
;         1 data inputs ; 327                         ;
;         2 data inputs ; 907                         ;
;         3 data inputs ; 7                           ;
;     extend            ; 6                           ;
;         7 data inputs ; 6                           ;
;     normal            ; 6052                        ;
;         0 data inputs ; 1                           ;
;         1 data inputs ; 27                          ;
;         2 data inputs ; 1000                        ;
;         3 data inputs ; 412                         ;
;         4 data inputs ; 689                         ;
;         5 data inputs ; 543                         ;
;         6 data inputs ; 3380                        ;
;     shared            ; 2603                        ;
;         0 data inputs ; 65                          ;
;         1 data inputs ; 57                          ;
;         2 data inputs ; 2249                        ;
;         3 data inputs ; 232                         ;
; arriav_mac            ; 10                          ;
; boundary_port         ; 86                          ;
; stratixv_ram_block    ; 516                         ;
;                       ;                             ;
; Max LUT depth         ; 6.00                        ;
; Average LUT depth     ; 3.12                        ;
+-----------------------+-----------------------------+


+-------------------------------+
; Elapsed Time Per Partition    ;
+----------------+--------------+
; Partition Name ; Elapsed Time ;
+----------------+--------------+
; Top            ; 00:00:21     ;
+----------------+--------------+


+-------------------------------+
; Analysis & Synthesis Messages ;
+-------------------------------+
Info: *******************************************************************
Info: Running Quartus Prime Analysis & Synthesis
    Info: Version 20.1.0 Build 711 06/05/2020 SJ Lite Edition
    Info: Processing started: Tue Mar 24 13:29:13 2026
Info: Command: quartus_map --read_settings_files=on --write_settings_files=off Thesis_Project_Bit_Manipulation -c Thesis_Project_Bit_Manipulation
Warning (18236): Number of processors has not been specified which may cause overloading on shared machines.  Set the global assignment NUM_PARALLEL_PROCESSORS in your QSF to an appropriate value for best performance.
Info (20030): Parallel compilation is enabled and will use 4 of the 4 processors detected
Info (12021): Found 1 design units, including 1 entities, in source file tb/top_level_tb.sv
    Info (12023): Found entity 1: top_level_tb File: /home/daniel/Thesis_Project/SystemVerilog_HDL/Bit_Manipulation/tb/top_level_tb.sv Line: 11
Info (12021): Found 1 design units, including 1 entities, in source file src/shared_frame_storage.sv
    Info (12023): Found entity 1: shared_frame_storage File: /home/daniel/Thesis_Project/SystemVerilog_HDL/Bit_Manipulation/src/shared_frame_storage.sv Line: 1
Info (12021): Found 1 design units, including 1 entities, in source file tb/fused_aligned_output_tb.sv
    Info (12023): Found entity 1: fused_aligned_output_tb File: /home/daniel/Thesis_Project/SystemVerilog_HDL/Bit_Manipulation/tb/fused_aligned_output_tb.sv Line: 11
Info (12021): Found 1 design units, including 1 entities, in source file src/fused_aligned_output.sv
    Info (12023): Found entity 1: fused_aligned_output File: /home/daniel/Thesis_Project/SystemVerilog_HDL/Bit_Manipulation/src/fused_aligned_output.sv Line: 1
Info (12021): Found 1 design units, including 1 entities, in source file tb/disparity_estimator_tb.sv
    Info (12023): Found entity 1: disparity_estimator_tb File: /home/daniel/Thesis_Project/SystemVerilog_HDL/Bit_Manipulation/tb/disparity_estimator_tb.sv Line: 11
Info (12021): Found 1 design units, including 1 entities, in source file tb/confidence_computer_tb.sv
    Info (12023): Found entity 1: confidence_computer_tb File: /home/daniel/Thesis_Project/SystemVerilog_HDL/Bit_Manipulation/tb/confidence_computer_tb.sv Line: 11
Info (12021): Found 1 design units, including 1 entities, in source file src/disparity_estimator.sv
    Info (12023): Found entity 1: disparity_estimator File: /home/daniel/Thesis_Project/SystemVerilog_HDL/Bit_Manipulation/src/disparity_estimator.sv Line: 1
Info (12021): Found 1 design units, including 1 entities, in source file src/confidence_computer.sv
    Info (12023): Found entity 1: confidence_computer File: /home/daniel/Thesis_Project/SystemVerilog_HDL/Bit_Manipulation/src/confidence_computer.sv Line: 1
Info (12021): Found 1 design units, including 1 entities, in source file tb/epi_compiler_tb.sv
    Info (12023): Found entity 1: epi_compiler_tb File: /home/daniel/Thesis_Project/SystemVerilog_HDL/Bit_Manipulation/tb/epi_compiler_tb.sv Line: 11
Info (12021): Found 1 design units, including 1 entities, in source file src/frame_ram.sv
    Info (12023): Found entity 1: frame_ram File: /home/daniel/Thesis_Project/SystemVerilog_HDL/Bit_Manipulation/src/frame_ram.sv Line: 1
Info (12021): Found 1 design units, including 1 entities, in source file src/epi_compiler.sv
    Info (12023): Found entity 1: epi_compiler File: /home/daniel/Thesis_Project/SystemVerilog_HDL/Bit_Manipulation/src/epi_compiler.sv Line: 1
Info (12021): Found 1 design units, including 1 entities, in source file tb/bit_shift_low_pass_filter_tb.sv
    Info (12023): Found entity 1: bit_shift_low_pass_filter_tb File: /home/daniel/Thesis_Project/SystemVerilog_HDL/Bit_Manipulation/tb/bit_shift_low_pass_filter_tb.sv Line: 11
Info (12021): Found 1 design units, including 1 entities, in source file src/top_level.sv
    Info (12023): Found entity 1: top_level File: /home/daniel/Thesis_Project/SystemVerilog_HDL/Bit_Manipulation/src/top_level.sv Line: 1
Info (12021): Found 1 design units, including 1 entities, in source file src/bit_shift_low_pass_filter.sv
    Info (12023): Found entity 1: bit_shift_low_pass_filter File: /home/daniel/Thesis_Project/SystemVerilog_HDL/Bit_Manipulation/src/bit_shift_low_pass_filter.sv Line: 1
Info (12127): Elaborating entity "top_level" for the top level hierarchy
Warning (10036): Verilog HDL or VHDL warning at top_level.sv(23): object "pixel_in_green" assigned a value but never read File: /home/daniel/Thesis_Project/SystemVerilog_HDL/Bit_Manipulation/src/top_level.sv Line: 23
Warning (10036): Verilog HDL or VHDL warning at top_level.sv(24): object "pixel_in_blue" assigned a value but never read File: /home/daniel/Thesis_Project/SystemVerilog_HDL/Bit_Manipulation/src/top_level.sv Line: 24
Info (12128): Elaborating entity "bit_shift_low_pass_filter" for hierarchy "bit_shift_low_pass_filter:BSLPF_RED" File: /home/daniel/Thesis_Project/SystemVerilog_HDL/Bit_Manipulation/src/top_level.sv Line: 58
Info (12128): Elaborating entity "shared_frame_storage" for hierarchy "shared_frame_storage:SHARED_RED" File: /home/daniel/Thesis_Project/SystemVerilog_HDL/Bit_Manipulation/src/top_level.sv Line: 124
Info (12128): Elaborating entity "frame_ram" for hierarchy "shared_frame_storage:SHARED_RED|frame_ram:bank_0" File: /home/daniel/Thesis_Project/SystemVerilog_HDL/Bit_Manipulation/src/shared_frame_storage.sv Line: 106
Info (12128): Elaborating entity "epi_compiler" for hierarchy "epi_compiler:EPIC_RED" File: /home/daniel/Thesis_Project/SystemVerilog_HDL/Bit_Manipulation/src/top_level.sv Line: 163
Info (12128): Elaborating entity "confidence_computer" for hierarchy "confidence_computer:CONF_COMP_RED" File: /home/daniel/Thesis_Project/SystemVerilog_HDL/Bit_Manipulation/src/top_level.sv Line: 200
Info (12128): Elaborating entity "disparity_estimator" for hierarchy "disparity_estimator:DISP_EST_RED" File: /home/daniel/Thesis_Project/SystemVerilog_HDL/Bit_Manipulation/src/top_level.sv Line: 231
Info (12128): Elaborating entity "fused_aligned_output" for hierarchy "fused_aligned_output:FAO_RED" File: /home/daniel/Thesis_Project/SystemVerilog_HDL/Bit_Manipulation/src/top_level.sv Line: 268
Info (286030): Timing-Driven Synthesis is running
Info (19000): Inferred 17 megafunctions from design logic
    Info (276029): Inferred altsyncram megafunction from the following design logic: "shared_frame_storage:SHARED_RED|frame_ram:bank_8|mem_rtl_0" 
        Info (286033): Parameter OPERATION_MODE set to DUAL_PORT
        Info (286033): Parameter WIDTH_A set to 15
        Info (286033): Parameter WIDTHAD_A set to 14
        Info (286033): Parameter NUMWORDS_A set to 16384
        Info (286033): Parameter WIDTH_B set to 15
        Info (286033): Parameter WIDTHAD_B set to 14
        Info (286033): Parameter NUMWORDS_B set to 16384
        Info (286033): Parameter ADDRESS_ACLR_A set to NONE
        Info (286033): Parameter OUTDATA_REG_B set to UNREGISTERED
        Info (286033): Parameter ADDRESS_ACLR_B set to NONE
        Info (286033): Parameter OUTDATA_ACLR_B set to NONE
        Info (286033): Parameter ADDRESS_REG_B set to CLOCK0
        Info (286033): Parameter INDATA_ACLR_A set to NONE
        Info (286033): Parameter WRCONTROL_ACLR_A set to NONE
        Info (286033): Parameter RAM_BLOCK_TYPE set to M10K
        Info (286033): Parameter READ_DURING_WRITE_MODE_MIXED_PORTS set to OLD_DATA
    Info (276029): Inferred altsyncram megafunction from the following design logic: "shared_frame_storage:SHARED_RED|frame_ram:bank_7|mem_rtl_0" 
        Info (286033): Parameter OPERATION_MODE set to DUAL_PORT
        Info (286033): Parameter WIDTH_A set to 15
        Info (286033): Parameter WIDTHAD_A set to 14
        Info (286033): Parameter NUMWORDS_A set to 16384
        Info (286033): Parameter WIDTH_B set to 15
        Info (286033): Parameter WIDTHAD_B set to 14
        Info (286033): Parameter NUMWORDS_B set to 16384
        Info (286033): Parameter ADDRESS_ACLR_A set to NONE
        Info (286033): Parameter OUTDATA_REG_B set to UNREGISTERED
        Info (286033): Parameter ADDRESS_ACLR_B set to NONE
        Info (286033): Parameter OUTDATA_ACLR_B set to NONE
        Info (286033): Parameter ADDRESS_REG_B set to CLOCK0
        Info (286033): Parameter INDATA_ACLR_A set to NONE
        Info (286033): Parameter WRCONTROL_ACLR_A set to NONE
        Info (286033): Parameter RAM_BLOCK_TYPE set to M10K
        Info (286033): Parameter READ_DURING_WRITE_MODE_MIXED_PORTS set to OLD_DATA
    Info (276029): Inferred altsyncram megafunction from the following design logic: "shared_frame_storage:SHARED_RED|frame_ram:bank_6|mem_rtl_0" 
        Info (286033): Parameter OPERATION_MODE set to DUAL_PORT
        Info (286033): Parameter WIDTH_A set to 15
        Info (286033): Parameter WIDTHAD_A set to 14
        Info (286033): Parameter NUMWORDS_A set to 16384
        Info (286033): Parameter WIDTH_B set to 15
        Info (286033): Parameter WIDTHAD_B set to 14
        Info (286033): Parameter NUMWORDS_B set to 16384
        Info (286033): Parameter ADDRESS_ACLR_A set to NONE
        Info (286033): Parameter OUTDATA_REG_B set to UNREGISTERED
        Info (286033): Parameter ADDRESS_ACLR_B set to NONE
        Info (286033): Parameter OUTDATA_ACLR_B set to NONE
        Info (286033): Parameter ADDRESS_REG_B set to CLOCK0
        Info (286033): Parameter INDATA_ACLR_A set to NONE
        Info (286033): Parameter WRCONTROL_ACLR_A set to NONE
        Info (286033): Parameter RAM_BLOCK_TYPE set to M10K
        Info (286033): Parameter READ_DURING_WRITE_MODE_MIXED_PORTS set to OLD_DATA
    Info (276029): Inferred altsyncram megafunction from the following design logic: "shared_frame_storage:SHARED_RED|frame_ram:bank_5|mem_rtl_0" 
        Info (286033): Parameter OPERATION_MODE set to DUAL_PORT
        Info (286033): Parameter WIDTH_A set to 15
        Info (286033): Parameter WIDTHAD_A set to 14
        Info (286033): Parameter NUMWORDS_A set to 16384
        Info (286033): Parameter WIDTH_B set to 15
        Info (286033): Parameter WIDTHAD_B set to 14
        Info (286033): Parameter NUMWORDS_B set to 16384
        Info (286033): Parameter ADDRESS_ACLR_A set to NONE
        Info (286033): Parameter OUTDATA_REG_B set to UNREGISTERED
        Info (286033): Parameter ADDRESS_ACLR_B set to NONE
        Info (286033): Parameter OUTDATA_ACLR_B set to NONE
        Info (286033): Parameter ADDRESS_REG_B set to CLOCK0
        Info (286033): Parameter INDATA_ACLR_A set to NONE
        Info (286033): Parameter WRCONTROL_ACLR_A set to NONE
        Info (286033): Parameter RAM_BLOCK_TYPE set to M10K
        Info (286033): Parameter READ_DURING_WRITE_MODE_MIXED_PORTS set to OLD_DATA
    Info (276029): Inferred altsyncram megafunction from the following design logic: "shared_frame_storage:SHARED_RED|frame_ram:bank_11|mem_rtl_0" 
        Info (286033): Parameter OPERATION_MODE set to DUAL_PORT
        Info (286033): Parameter WIDTH_A set to 15
        Info (286033): Parameter WIDTHAD_A set to 14
        Info (286033): Parameter NUMWORDS_A set to 16384
        Info (286033): Parameter WIDTH_B set to 15
        Info (286033): Parameter WIDTHAD_B set to 14
        Info (286033): Parameter NUMWORDS_B set to 16384
        Info (286033): Parameter ADDRESS_ACLR_A set to NONE
        Info (286033): Parameter OUTDATA_REG_B set to UNREGISTERED
        Info (286033): Parameter ADDRESS_ACLR_B set to NONE
        Info (286033): Parameter OUTDATA_ACLR_B set to NONE
        Info (286033): Parameter ADDRESS_REG_B set to CLOCK0
        Info (286033): Parameter INDATA_ACLR_A set to NONE
        Info (286033): Parameter WRCONTROL_ACLR_A set to NONE
        Info (286033): Parameter RAM_BLOCK_TYPE set to M10K
        Info (286033): Parameter READ_DURING_WRITE_MODE_MIXED_PORTS set to OLD_DATA
    Info (276029): Inferred altsyncram megafunction from the following design logic: "shared_frame_storage:SHARED_RED|frame_ram:bank_10|mem_rtl_0" 
        Info (286033): Parameter OPERATION_MODE set to DUAL_PORT
        Info (286033): Parameter WIDTH_A set to 15
        Info (286033): Parameter WIDTHAD_A set to 14
        Info (286033): Parameter NUMWORDS_A set to 16384
        Info (286033): Parameter WIDTH_B set to 15
        Info (286033): Parameter WIDTHAD_B set to 14
        Info (286033): Parameter NUMWORDS_B set to 16384
        Info (286033): Parameter ADDRESS_ACLR_A set to NONE
        Info (286033): Parameter OUTDATA_REG_B set to UNREGISTERED
        Info (286033): Parameter ADDRESS_ACLR_B set to NONE
        Info (286033): Parameter OUTDATA_ACLR_B set to NONE
        Info (286033): Parameter ADDRESS_REG_B set to CLOCK0
        Info (286033): Parameter INDATA_ACLR_A set to NONE
        Info (286033): Parameter WRCONTROL_ACLR_A set to NONE
        Info (286033): Parameter RAM_BLOCK_TYPE set to M10K
        Info (286033): Parameter READ_DURING_WRITE_MODE_MIXED_PORTS set to OLD_DATA
    Info (276029): Inferred altsyncram megafunction from the following design logic: "shared_frame_storage:SHARED_RED|frame_ram:bank_9|mem_rtl_0" 
        Info (286033): Parameter OPERATION_MODE set to DUAL_PORT
        Info (286033): Parameter WIDTH_A set to 15
        Info (286033): Parameter WIDTHAD_A set to 14
        Info (286033): Parameter NUMWORDS_A set to 16384
        Info (286033): Parameter WIDTH_B set to 15
        Info (286033): Parameter WIDTHAD_B set to 14
        Info (286033): Parameter NUMWORDS_B set to 16384
        Info (286033): Parameter ADDRESS_ACLR_A set to NONE
        Info (286033): Parameter OUTDATA_REG_B set to UNREGISTERED
        Info (286033): Parameter ADDRESS_ACLR_B set to NONE
        Info (286033): Parameter OUTDATA_ACLR_B set to NONE
        Info (286033): Parameter ADDRESS_REG_B set to CLOCK0
        Info (286033): Parameter INDATA_ACLR_A set to NONE
        Info (286033): Parameter WRCONTROL_ACLR_A set to NONE
        Info (286033): Parameter RAM_BLOCK_TYPE set to M10K
        Info (286033): Parameter READ_DURING_WRITE_MODE_MIXED_PORTS set to OLD_DATA
    Info (276029): Inferred altsyncram megafunction from the following design logic: "shared_frame_storage:SHARED_RED|frame_ram:bank_8v|mem_rtl_0" 
        Info (286033): Parameter OPERATION_MODE set to DUAL_PORT
        Info (286033): Parameter WIDTH_A set to 15
        Info (286033): Parameter WIDTHAD_A set to 14
        Info (286033): Parameter NUMWORDS_A set to 16384
        Info (286033): Parameter WIDTH_B set to 15
        Info (286033): Parameter WIDTHAD_B set to 14
        Info (286033): Parameter NUMWORDS_B set to 16384
        Info (286033): Parameter ADDRESS_ACLR_A set to NONE
        Info (286033): Parameter OUTDATA_REG_B set to UNREGISTERED
        Info (286033): Parameter ADDRESS_ACLR_B set to NONE
        Info (286033): Parameter OUTDATA_ACLR_B set to NONE
        Info (286033): Parameter ADDRESS_REG_B set to CLOCK0
        Info (286033): Parameter INDATA_ACLR_A set to NONE
        Info (286033): Parameter WRCONTROL_ACLR_A set to NONE
        Info (286033): Parameter RAM_BLOCK_TYPE set to M10K
        Info (286033): Parameter READ_DURING_WRITE_MODE_MIXED_PORTS set to OLD_DATA
    Info (276029): Inferred altsyncram megafunction from the following design logic: "shared_frame_storage:SHARED_RED|frame_ram:bank_4|mem_rtl_0" 
        Info (286033): Parameter OPERATION_MODE set to DUAL_PORT
        Info (286033): Parameter WIDTH_A set to 15
        Info (286033): Parameter WIDTHAD_A set to 14
        Info (286033): Parameter NUMWORDS_A set to 16384
        Info (286033): Parameter WIDTH_B set to 15
        Info (286033): Parameter WIDTHAD_B set to 14
        Info (286033): Parameter NUMWORDS_B set to 16384
        Info (286033): Parameter ADDRESS_ACLR_A set to NONE
        Info (286033): Parameter OUTDATA_REG_B set to UNREGISTERED
        Info (286033): Parameter ADDRESS_ACLR_B set to NONE
        Info (286033): Parameter OUTDATA_ACLR_B set to NONE
        Info (286033): Parameter ADDRESS_REG_B set to CLOCK0
        Info (286033): Parameter INDATA_ACLR_A set to NONE
        Info (286033): Parameter WRCONTROL_ACLR_A set to NONE
        Info (286033): Parameter RAM_BLOCK_TYPE set to M10K
        Info (286033): Parameter READ_DURING_WRITE_MODE_MIXED_PORTS set to OLD_DATA
    Info (276029): Inferred altsyncram megafunction from the following design logic: "shared_frame_storage:SHARED_RED|frame_ram:bank_3|mem_rtl_0" 
        Info (286033): Parameter OPERATION_MODE set to DUAL_PORT
        Info (286033): Parameter WIDTH_A set to 15
        Info (286033): Parameter WIDTHAD_A set to 14
        Info (286033): Parameter NUMWORDS_A set to 16384
        Info (286033): Parameter WIDTH_B set to 15
        Info (286033): Parameter WIDTHAD_B set to 14
        Info (286033): Parameter NUMWORDS_B set to 16384
        Info (286033): Parameter ADDRESS_ACLR_A set to NONE
        Info (286033): Parameter OUTDATA_REG_B set to UNREGISTERED
        Info (286033): Parameter ADDRESS_ACLR_B set to NONE
        Info (286033): Parameter OUTDATA_ACLR_B set to NONE
        Info (286033): Parameter ADDRESS_REG_B set to CLOCK0
        Info (286033): Parameter INDATA_ACLR_A set to NONE
        Info (286033): Parameter WRCONTROL_ACLR_A set to NONE
        Info (286033): Parameter RAM_BLOCK_TYPE set to M10K
        Info (286033): Parameter READ_DURING_WRITE_MODE_MIXED_PORTS set to OLD_DATA
    Info (276029): Inferred altsyncram megafunction from the following design logic: "shared_frame_storage:SHARED_RED|frame_ram:bank_2|mem_rtl_0" 
        Info (286033): Parameter OPERATION_MODE set to DUAL_PORT
        Info (286033): Parameter WIDTH_A set to 15
        Info (286033): Parameter WIDTHAD_A set to 14
        Info (286033): Parameter NUMWORDS_A set to 16384
        Info (286033): Parameter WIDTH_B set to 15
        Info (286033): Parameter WIDTHAD_B set to 14
        Info (286033): Parameter NUMWORDS_B set to 16384
        Info (286033): Parameter ADDRESS_ACLR_A set to NONE
        Info (286033): Parameter OUTDATA_REG_B set to UNREGISTERED
        Info (286033): Parameter ADDRESS_ACLR_B set to NONE
        Info (286033): Parameter OUTDATA_ACLR_B set to NONE
        Info (286033): Parameter ADDRESS_REG_B set to CLOCK0
        Info (286033): Parameter INDATA_ACLR_A set to NONE
        Info (286033): Parameter WRCONTROL_ACLR_A set to NONE
        Info (286033): Parameter RAM_BLOCK_TYPE set to M10K
        Info (286033): Parameter READ_DURING_WRITE_MODE_MIXED_PORTS set to OLD_DATA
    Info (276029): Inferred altsyncram megafunction from the following design logic: "shared_frame_storage:SHARED_RED|frame_ram:bank_1|mem_rtl_0" 
        Info (286033): Parameter OPERATION_MODE set to DUAL_PORT
        Info (286033): Parameter WIDTH_A set to 15
        Info (286033): Parameter WIDTHAD_A set to 14
        Info (286033): Parameter NUMWORDS_A set to 16384
        Info (286033): Parameter WIDTH_B set to 15
        Info (286033): Parameter WIDTHAD_B set to 14
        Info (286033): Parameter NUMWORDS_B set to 16384
        Info (286033): Parameter ADDRESS_ACLR_A set to NONE
        Info (286033): Parameter OUTDATA_REG_B set to UNREGISTERED
        Info (286033): Parameter ADDRESS_ACLR_B set to NONE
        Info (286033): Parameter OUTDATA_ACLR_B set to NONE
        Info (286033): Parameter ADDRESS_REG_B set to CLOCK0
        Info (286033): Parameter INDATA_ACLR_A set to NONE
        Info (286033): Parameter WRCONTROL_ACLR_A set to NONE
        Info (286033): Parameter RAM_BLOCK_TYPE set to M10K
        Info (286033): Parameter READ_DURING_WRITE_MODE_MIXED_PORTS set to OLD_DATA
    Info (276029): Inferred altsyncram megafunction from the following design logic: "shared_frame_storage:SHARED_RED|frame_ram:bank_0|mem_rtl_0" 
        Info (286033): Parameter OPERATION_MODE set to DUAL_PORT
        Info (286033): Parameter WIDTH_A set to 15
        Info (286033): Parameter WIDTHAD_A set to 14
        Info (286033): Parameter NUMWORDS_A set to 16384
        Info (286033): Parameter WIDTH_B set to 15
        Info (286033): Parameter WIDTHAD_B set to 14
        Info (286033): Parameter NUMWORDS_B set to 16384
        Info (286033): Parameter ADDRESS_ACLR_A set to NONE
        Info (286033): Parameter OUTDATA_REG_B set to UNREGISTERED
        Info (286033): Parameter ADDRESS_ACLR_B set to NONE
        Info (286033): Parameter OUTDATA_ACLR_B set to NONE
        Info (286033): Parameter ADDRESS_REG_B set to CLOCK0
        Info (286033): Parameter INDATA_ACLR_A set to NONE
        Info (286033): Parameter WRCONTROL_ACLR_A set to NONE
        Info (286033): Parameter RAM_BLOCK_TYPE set to M10K
        Info (286033): Parameter READ_DURING_WRITE_MODE_MIXED_PORTS set to OLD_DATA
    Info (276034): Inferred altshift_taps megafunction from the following design logic: "bit_shift_low_pass_filter:BSLPF_RED|pixel_buffer_rtl_0"
        Info (286033): Parameter NUMBER_OF_TAPS set to 1
        Info (286033): Parameter TAP_DISTANCE set to 122
        Info (286033): Parameter WIDTH set to 48
        Info (286033): Parameter POWER_UP_STATE set to DONT_CARE
    Info (276034): Inferred altshift_taps megafunction from the following design logic: "disparity_estimator:DISP_EST_RED|sum1_orientation_rtl_0"
        Info (286033): Parameter NUMBER_OF_TAPS set to 1
        Info (286033): Parameter TAP_DISTANCE set to 58
        Info (286033): Parameter WIDTH set to 15
        Info (286033): Parameter POWER_UP_STATE set to DONT_CARE
    Info (276034): Inferred altshift_taps megafunction from the following design logic: "fused_aligned_output:FAO_RED|crop_ok_4d_rtl_0"
        Info (286033): Parameter NUMBER_OF_TAPS set to 1
        Info (286033): Parameter TAP_DISTANCE set to 42
        Info (286033): Parameter WIDTH set to 31
        Info (286033): Parameter POWER_UP_STATE set to DONT_CARE
    Info (276034): Inferred altshift_taps megafunction from the following design logic: "confidence_computer:CONF_COMP_RED|derivative_row_idx_out_rtl_0"
        Info (286033): Parameter NUMBER_OF_TAPS set to 1
        Info (286033): Parameter TAP_DISTANCE set to 3
        Info (286033): Parameter WIDTH set to 32
        Info (286033): Parameter POWER_UP_STATE set to DONT_CARE
Info (12130): Elaborated megafunction instantiation "shared_frame_storage:SHARED_RED|frame_ram:bank_8|altsyncram:mem_rtl_0"
Info (12133): Instantiated megafunction "shared_frame_storage:SHARED_RED|frame_ram:bank_8|altsyncram:mem_rtl_0" with the following parameter:
    Info (12134): Parameter "OPERATION_MODE" = "DUAL_PORT"
    Info (12134): Parameter "WIDTH_A" = "15"
    Info (12134): Parameter "WIDTHAD_A" = "14"
    Info (12134): Parameter "NUMWORDS_A" = "16384"
    Info (12134): Parameter "WIDTH_B" = "15"
    Info (12134): Parameter "WIDTHAD_B" = "14"
    Info (12134): Parameter "NUMWORDS_B" = "16384"
    Info (12134): Parameter "ADDRESS_ACLR_A" = "NONE"
    Info (12134): Parameter "OUTDATA_REG_B" = "UNREGISTERED"
    Info (12134): Parameter "ADDRESS_ACLR_B" = "NONE"
    Info (12134): Parameter "OUTDATA_ACLR_B" = "NONE"
    Info (12134): Parameter "ADDRESS_REG_B" = "CLOCK0"
    Info (12134): Parameter "INDATA_ACLR_A" = "NONE"
    Info (12134): Parameter "WRCONTROL_ACLR_A" = "NONE"
    Info (12134): Parameter "RAM_BLOCK_TYPE" = "M10K"
    Info (12134): Parameter "READ_DURING_WRITE_MODE_MIXED_PORTS" = "OLD_DATA"
Info (12021): Found 1 design units, including 1 entities, in source file db/altsyncram_7dp1.tdf
    Info (12023): Found entity 1: altsyncram_7dp1 File: /home/daniel/Thesis_Project/SystemVerilog_HDL/Bit_Manipulation/db/altsyncram_7dp1.tdf Line: 32
Info (12021): Found 1 design units, including 1 entities, in source file db/decode_5la.tdf
    Info (12023): Found entity 1: decode_5la File: /home/daniel/Thesis_Project/SystemVerilog_HDL/Bit_Manipulation/db/decode_5la.tdf Line: 23
Info (12021): Found 1 design units, including 1 entities, in source file db/mux_3hb.tdf
    Info (12023): Found entity 1: mux_3hb File: /home/daniel/Thesis_Project/SystemVerilog_HDL/Bit_Manipulation/db/mux_3hb.tdf Line: 23
Info (12130): Elaborated megafunction instantiation "bit_shift_low_pass_filter:BSLPF_RED|altshift_taps:pixel_buffer_rtl_0"
Info (12133): Instantiated megafunction "bit_shift_low_pass_filter:BSLPF_RED|altshift_taps:pixel_buffer_rtl_0" with the following parameter:
    Info (12134): Parameter "NUMBER_OF_TAPS" = "1"
    Info (12134): Parameter "TAP_DISTANCE" = "122"
    Info (12134): Parameter "WIDTH" = "48"
    Info (12134): Parameter "POWER_UP_STATE" = "DONT_CARE"
Info (12021): Found 1 design units, including 1 entities, in source file db/shift_taps_hjv.tdf
    Info (12023): Found entity 1: shift_taps_hjv File: /home/daniel/Thesis_Project/SystemVerilog_HDL/Bit_Manipulation/db/shift_taps_hjv.tdf Line: 27
Info (12021): Found 1 design units, including 1 entities, in source file db/altsyncram_b2a1.tdf
    Info (12023): Found entity 1: altsyncram_b2a1 File: /home/daniel/Thesis_Project/SystemVerilog_HDL/Bit_Manipulation/db/altsyncram_b2a1.tdf Line: 28
Info (12021): Found 1 design units, including 1 entities, in source file db/cntr_vkf.tdf
    Info (12023): Found entity 1: cntr_vkf File: /home/daniel/Thesis_Project/SystemVerilog_HDL/Bit_Manipulation/db/cntr_vkf.tdf Line: 28
Info (12021): Found 1 design units, including 1 entities, in source file db/cmpr_f9c.tdf
    Info (12023): Found entity 1: cmpr_f9c File: /home/daniel/Thesis_Project/SystemVerilog_HDL/Bit_Manipulation/db/cmpr_f9c.tdf Line: 23
Info (12130): Elaborated megafunction instantiation "disparity_estimator:DISP_EST_RED|altshift_taps:sum1_orientation_rtl_0"
Info (12133): Instantiated megafunction "disparity_estimator:DISP_EST_RED|altshift_taps:sum1_orientation_rtl_0" with the following parameter:
    Info (12134): Parameter "NUMBER_OF_TAPS" = "1"
    Info (12134): Parameter "TAP_DISTANCE" = "58"
    Info (12134): Parameter "WIDTH" = "15"
    Info (12134): Parameter "POWER_UP_STATE" = "DONT_CARE"
Info (12021): Found 1 design units, including 1 entities, in source file db/shift_taps_o0v.tdf
    Info (12023): Found entity 1: shift_taps_o0v File: /home/daniel/Thesis_Project/SystemVerilog_HDL/Bit_Manipulation/db/shift_taps_o0v.tdf Line: 27
Info (12021): Found 1 design units, including 1 entities, in source file db/altsyncram_dv91.tdf
    Info (12023): Found entity 1: altsyncram_dv91 File: /home/daniel/Thesis_Project/SystemVerilog_HDL/Bit_Manipulation/db/altsyncram_dv91.tdf Line: 28
Info (12021): Found 1 design units, including 1 entities, in source file db/cntr_mjf.tdf
    Info (12023): Found entity 1: cntr_mjf File: /home/daniel/Thesis_Project/SystemVerilog_HDL/Bit_Manipulation/db/cntr_mjf.tdf Line: 28
Info (12021): Found 1 design units, including 1 entities, in source file db/cmpr_e9c.tdf
    Info (12023): Found entity 1: cmpr_e9c File: /home/daniel/Thesis_Project/SystemVerilog_HDL/Bit_Manipulation/db/cmpr_e9c.tdf Line: 23
Info (12130): Elaborated megafunction instantiation "confidence_computer:CONF_COMP_RED|altshift_taps:derivative_row_idx_out_rtl_0"
Info (12133): Instantiated megafunction "confidence_computer:CONF_COMP_RED|altshift_taps:derivative_row_idx_out_rtl_0" with the following parameter:
    Info (12134): Parameter "NUMBER_OF_TAPS" = "1"
    Info (12134): Parameter "TAP_DISTANCE" = "3"
    Info (12134): Parameter "WIDTH" = "32"
    Info (12134): Parameter "POWER_UP_STATE" = "DONT_CARE"
Info (12021): Found 1 design units, including 1 entities, in source file db/shift_taps_9vu.tdf
    Info (12023): Found entity 1: shift_taps_9vu File: /home/daniel/Thesis_Project/SystemVerilog_HDL/Bit_Manipulation/db/shift_taps_9vu.tdf Line: 27
Info (12021): Found 1 design units, including 1 entities, in source file db/altsyncram_gr91.tdf
    Info (12023): Found entity 1: altsyncram_gr91 File: /home/daniel/Thesis_Project/SystemVerilog_HDL/Bit_Manipulation/db/altsyncram_gr91.tdf Line: 28
Info (12021): Found 1 design units, including 1 entities, in source file db/cntr_ohf.tdf
    Info (12023): Found entity 1: cntr_ohf File: /home/daniel/Thesis_Project/SystemVerilog_HDL/Bit_Manipulation/db/cntr_ohf.tdf Line: 28
Info (12021): Found 1 design units, including 1 entities, in source file db/cmpr_a9c.tdf
    Info (12023): Found entity 1: cmpr_a9c File: /home/daniel/Thesis_Project/SystemVerilog_HDL/Bit_Manipulation/db/cmpr_a9c.tdf Line: 23
Info (12130): Elaborated megafunction instantiation "fused_aligned_output:FAO_RED|altshift_taps:crop_ok_4d_rtl_0"
Info (12133): Instantiated megafunction "fused_aligned_output:FAO_RED|altshift_taps:crop_ok_4d_rtl_0" with the following parameter:
    Info (12134): Parameter "NUMBER_OF_TAPS" = "1"
    Info (12134): Parameter "TAP_DISTANCE" = "42"
    Info (12134): Parameter "WIDTH" = "31"
    Info (12134): Parameter "POWER_UP_STATE" = "DONT_CARE"
Info (12021): Found 1 design units, including 1 entities, in source file db/shift_taps_d0v.tdf
    Info (12023): Found entity 1: shift_taps_d0v File: /home/daniel/Thesis_Project/SystemVerilog_HDL/Bit_Manipulation/db/shift_taps_d0v.tdf Line: 27
Info (12021): Found 1 design units, including 1 entities, in source file db/altsyncram_ru91.tdf
    Info (12023): Found entity 1: altsyncram_ru91 File: /home/daniel/Thesis_Project/SystemVerilog_HDL/Bit_Manipulation/db/altsyncram_ru91.tdf Line: 28
Info (12021): Found 1 design units, including 1 entities, in source file db/cntr_fjf.tdf
    Info (12023): Found entity 1: cntr_fjf File: /home/daniel/Thesis_Project/SystemVerilog_HDL/Bit_Manipulation/db/cntr_fjf.tdf Line: 28
Warning (18059): Ignored Maximum Fan-Out assignment
    Warning (18060): Ignored Maximum Fan-Out logic option for node "shared_frame_storage:SHARED_RED|bank6_rd_addr_q[0]" File: /home/daniel/Thesis_Project/SystemVerilog_HDL/Bit_Manipulation/src/shared_frame_storage.sv Line: 65
    Warning (18060): Ignored Maximum Fan-Out logic option for node "shared_frame_storage:SHARED_RED|bank6_rd_addr_q[1]" File: /home/daniel/Thesis_Project/SystemVerilog_HDL/Bit_Manipulation/src/shared_frame_storage.sv Line: 65
    Warning (18060): Ignored Maximum Fan-Out logic option for node "shared_frame_storage:SHARED_RED|bank6_rd_addr_q[2]" File: /home/daniel/Thesis_Project/SystemVerilog_HDL/Bit_Manipulation/src/shared_frame_storage.sv Line: 65
    Warning (18060): Ignored Maximum Fan-Out logic option for node "shared_frame_storage:SHARED_RED|bank6_rd_addr_q[3]" File: /home/daniel/Thesis_Project/SystemVerilog_HDL/Bit_Manipulation/src/shared_frame_storage.sv Line: 65
    Warning (18060): Ignored Maximum Fan-Out logic option for node "shared_frame_storage:SHARED_RED|bank6_rd_addr_q[4]" File: /home/daniel/Thesis_Project/SystemVerilog_HDL/Bit_Manipulation/src/shared_frame_storage.sv Line: 65
    Warning (18060): Ignored Maximum Fan-Out logic option for node "shared_frame_storage:SHARED_RED|bank6_rd_addr_q[5]" File: /home/daniel/Thesis_Project/SystemVerilog_HDL/Bit_Manipulation/src/shared_frame_storage.sv Line: 65
    Warning (18060): Ignored Maximum Fan-Out logic option for node "shared_frame_storage:SHARED_RED|bank6_rd_addr_q[6]" File: /home/daniel/Thesis_Project/SystemVerilog_HDL/Bit_Manipulation/src/shared_frame_storage.sv Line: 65
    Warning (18060): Ignored Maximum Fan-Out logic option for node "shared_frame_storage:SHARED_RED|bank6_rd_addr_q[7]" File: /home/daniel/Thesis_Project/SystemVerilog_HDL/Bit_Manipulation/src/shared_frame_storage.sv Line: 65
    Warning (18060): Ignored Maximum Fan-Out logic option for node "shared_frame_storage:SHARED_RED|bank6_rd_addr_q[8]" File: /home/daniel/Thesis_Project/SystemVerilog_HDL/Bit_Manipulation/src/shared_frame_storage.sv Line: 65
    Warning (18060): Ignored Maximum Fan-Out logic option for node "shared_frame_storage:SHARED_RED|bank6_rd_addr_q[9]" File: /home/daniel/Thesis_Project/SystemVerilog_HDL/Bit_Manipulation/src/shared_frame_storage.sv Line: 65
    Warning (18060): Ignored Maximum Fan-Out logic option for node "shared_frame_storage:SHARED_RED|bank6_rd_addr_q[10]" File: /home/daniel/Thesis_Project/SystemVerilog_HDL/Bit_Manipulation/src/shared_frame_storage.sv Line: 65
    Warning (18060): Ignored Maximum Fan-Out logic option for node "shared_frame_storage:SHARED_RED|bank6_rd_addr_q[11]" File: /home/daniel/Thesis_Project/SystemVerilog_HDL/Bit_Manipulation/src/shared_frame_storage.sv Line: 65
    Warning (18060): Ignored Maximum Fan-Out logic option for node "shared_frame_storage:SHARED_RED|bank6_rd_addr_q[12]" File: /home/daniel/Thesis_Project/SystemVerilog_HDL/Bit_Manipulation/src/shared_frame_storage.sv Line: 65
    Warning (18060): Ignored Maximum Fan-Out logic option for node "shared_frame_storage:SHARED_RED|bank5_rd_addr_q[0]" File: /home/daniel/Thesis_Project/SystemVerilog_HDL/Bit_Manipulation/src/shared_frame_storage.sv Line: 65
    Warning (18060): Ignored Maximum Fan-Out logic option for node "shared_frame_storage:SHARED_RED|bank5_rd_addr_q[1]" File: /home/daniel/Thesis_Project/SystemVerilog_HDL/Bit_Manipulation/src/shared_frame_storage.sv Line: 65
    Warning (18060): Ignored Maximum Fan-Out logic option for node "shared_frame_storage:SHARED_RED|bank5_rd_addr_q[2]" File: /home/daniel/Thesis_Project/SystemVerilog_HDL/Bit_Manipulation/src/shared_frame_storage.sv Line: 65
    Warning (18060): Ignored Maximum Fan-Out logic option for node "shared_frame_storage:SHARED_RED|bank5_rd_addr_q[3]" File: /home/daniel/Thesis_Project/SystemVerilog_HDL/Bit_Manipulation/src/shared_frame_storage.sv Line: 65
    Warning (18060): Ignored Maximum Fan-Out logic option for node "shared_frame_storage:SHARED_RED|bank5_rd_addr_q[4]" File: /home/daniel/Thesis_Project/SystemVerilog_HDL/Bit_Manipulation/src/shared_frame_storage.sv Line: 65
    Warning (18060): Ignored Maximum Fan-Out logic option for node "shared_frame_storage:SHARED_RED|bank5_rd_addr_q[5]" File: /home/daniel/Thesis_Project/SystemVerilog_HDL/Bit_Manipulation/src/shared_frame_storage.sv Line: 65
    Warning (18060): Ignored Maximum Fan-Out logic option for node "shared_frame_storage:SHARED_RED|bank5_rd_addr_q[6]" File: /home/daniel/Thesis_Project/SystemVerilog_HDL/Bit_Manipulation/src/shared_frame_storage.sv Line: 65
    Warning (18060): Ignored Maximum Fan-Out logic option for node "shared_frame_storage:SHARED_RED|bank5_rd_addr_q[7]" File: /home/daniel/Thesis_Project/SystemVerilog_HDL/Bit_Manipulation/src/shared_frame_storage.sv Line: 65
    Warning (18060): Ignored Maximum Fan-Out logic option for node "shared_frame_storage:SHARED_RED|bank5_rd_addr_q[8]" File: /home/daniel/Thesis_Project/SystemVerilog_HDL/Bit_Manipulation/src/shared_frame_storage.sv Line: 65
    Warning (18060): Ignored Maximum Fan-Out logic option for node "shared_frame_storage:SHARED_RED|bank5_rd_addr_q[9]" File: /home/daniel/Thesis_Project/SystemVerilog_HDL/Bit_Manipulation/src/shared_frame_storage.sv Line: 65
    Warning (18060): Ignored Maximum Fan-Out logic option for node "shared_frame_storage:SHARED_RED|bank5_rd_addr_q[10]" File: /home/daniel/Thesis_Project/SystemVerilog_HDL/Bit_Manipulation/src/shared_frame_storage.sv Line: 65
    Warning (18060): Ignored Maximum Fan-Out logic option for node "shared_frame_storage:SHARED_RED|bank5_rd_addr_q[11]" File: /home/daniel/Thesis_Project/SystemVerilog_HDL/Bit_Manipulation/src/shared_frame_storage.sv Line: 65
    Warning (18060): Ignored Maximum Fan-Out logic option for node "shared_frame_storage:SHARED_RED|bank5_rd_addr_q[12]" File: /home/daniel/Thesis_Project/SystemVerilog_HDL/Bit_Manipulation/src/shared_frame_storage.sv Line: 65
    Warning (18060): Ignored Maximum Fan-Out logic option for node "shared_frame_storage:SHARED_RED|bank2_rd_addr_q[0]" File: /home/daniel/Thesis_Project/SystemVerilog_HDL/Bit_Manipulation/src/shared_frame_storage.sv Line: 65
    Warning (18060): Ignored Maximum Fan-Out logic option for node "shared_frame_storage:SHARED_RED|bank2_rd_addr_q[1]" File: /home/daniel/Thesis_Project/SystemVerilog_HDL/Bit_Manipulation/src/shared_frame_storage.sv Line: 65
    Warning (18060): Ignored Maximum Fan-Out logic option for node "shared_frame_storage:SHARED_RED|bank2_rd_addr_q[2]" File: /home/daniel/Thesis_Project/SystemVerilog_HDL/Bit_Manipulation/src/shared_frame_storage.sv Line: 65
    Warning (18060): Ignored Maximum Fan-Out logic option for node "shared_frame_storage:SHARED_RED|bank2_rd_addr_q[3]" File: /home/daniel/Thesis_Project/SystemVerilog_HDL/Bit_Manipulation/src/shared_frame_storage.sv Line: 65
    Warning (18060): Ignored Maximum Fan-Out logic option for node "shared_frame_storage:SHARED_RED|bank2_rd_addr_q[4]" File: /home/daniel/Thesis_Project/SystemVerilog_HDL/Bit_Manipulation/src/shared_frame_storage.sv Line: 65
    Warning (18060): Ignored Maximum Fan-Out logic option for node "shared_frame_storage:SHARED_RED|bank2_rd_addr_q[5]" File: /home/daniel/Thesis_Project/SystemVerilog_HDL/Bit_Manipulation/src/shared_frame_storage.sv Line: 65
    Warning (18060): Ignored Maximum Fan-Out logic option for node "shared_frame_storage:SHARED_RED|bank2_rd_addr_q[6]" File: /home/daniel/Thesis_Project/SystemVerilog_HDL/Bit_Manipulation/src/shared_frame_storage.sv Line: 65
    Warning (18060): Ignored Maximum Fan-Out logic option for node "shared_frame_storage:SHARED_RED|bank2_rd_addr_q[7]" File: /home/daniel/Thesis_Project/SystemVerilog_HDL/Bit_Manipulation/src/shared_frame_storage.sv Line: 65
    Warning (18060): Ignored Maximum Fan-Out logic option for node "shared_frame_storage:SHARED_RED|bank2_rd_addr_q[8]" File: /home/daniel/Thesis_Project/SystemVerilog_HDL/Bit_Manipulation/src/shared_frame_storage.sv Line: 65
    Warning (18060): Ignored Maximum Fan-Out logic option for node "shared_frame_storage:SHARED_RED|bank2_rd_addr_q[9]" File: /home/daniel/Thesis_Project/SystemVerilog_HDL/Bit_Manipulation/src/shared_frame_storage.sv Line: 65
    Warning (18060): Ignored Maximum Fan-Out logic option for node "shared_frame_storage:SHARED_RED|bank2_rd_addr_q[10]" File: /home/daniel/Thesis_Project/SystemVerilog_HDL/Bit_Manipulation/src/shared_frame_storage.sv Line: 65
    Warning (18060): Ignored Maximum Fan-Out logic option for node "shared_frame_storage:SHARED_RED|bank2_rd_addr_q[11]" File: /home/daniel/Thesis_Project/SystemVerilog_HDL/Bit_Manipulation/src/shared_frame_storage.sv Line: 65
    Warning (18060): Ignored Maximum Fan-Out logic option for node "shared_frame_storage:SHARED_RED|bank2_rd_addr_q[12]" File: /home/daniel/Thesis_Project/SystemVerilog_HDL/Bit_Manipulation/src/shared_frame_storage.sv Line: 65
    Warning (18060): Ignored Maximum Fan-Out logic option for node "shared_frame_storage:SHARED_RED|bank4_rd_addr_q[0]" File: /home/daniel/Thesis_Project/SystemVerilog_HDL/Bit_Manipulation/src/shared_frame_storage.sv Line: 65
    Warning (18060): Ignored Maximum Fan-Out logic option for node "shared_frame_storage:SHARED_RED|bank4_rd_addr_q[1]" File: /home/daniel/Thesis_Project/SystemVerilog_HDL/Bit_Manipulation/src/shared_frame_storage.sv Line: 65
    Warning (18060): Ignored Maximum Fan-Out logic option for node "shared_frame_storage:SHARED_RED|bank4_rd_addr_q[2]" File: /home/daniel/Thesis_Project/SystemVerilog_HDL/Bit_Manipulation/src/shared_frame_storage.sv Line: 65
    Warning (18060): Ignored Maximum Fan-Out logic option for node "shared_frame_storage:SHARED_RED|bank4_rd_addr_q[3]" File: /home/daniel/Thesis_Project/SystemVerilog_HDL/Bit_Manipulation/src/shared_frame_storage.sv Line: 65
    Warning (18060): Ignored Maximum Fan-Out logic option for node "shared_frame_storage:SHARED_RED|bank4_rd_addr_q[4]" File: /home/daniel/Thesis_Project/SystemVerilog_HDL/Bit_Manipulation/src/shared_frame_storage.sv Line: 65
    Warning (18060): Ignored Maximum Fan-Out logic option for node "shared_frame_storage:SHARED_RED|bank4_rd_addr_q[5]" File: /home/daniel/Thesis_Project/SystemVerilog_HDL/Bit_Manipulation/src/shared_frame_storage.sv Line: 65
    Warning (18060): Ignored Maximum Fan-Out logic option for node "shared_frame_storage:SHARED_RED|bank4_rd_addr_q[6]" File: /home/daniel/Thesis_Project/SystemVerilog_HDL/Bit_Manipulation/src/shared_frame_storage.sv Line: 65
    Warning (18060): Ignored Maximum Fan-Out logic option for node "shared_frame_storage:SHARED_RED|bank4_rd_addr_q[7]" File: /home/daniel/Thesis_Project/SystemVerilog_HDL/Bit_Manipulation/src/shared_frame_storage.sv Line: 65
    Warning (18060): Ignored Maximum Fan-Out logic option for node "shared_frame_storage:SHARED_RED|bank4_rd_addr_q[8]" File: /home/daniel/Thesis_Project/SystemVerilog_HDL/Bit_Manipulation/src/shared_frame_storage.sv Line: 65
    Warning (18060): Ignored Maximum Fan-Out logic option for node "shared_frame_storage:SHARED_RED|bank4_rd_addr_q[9]" File: /home/daniel/Thesis_Project/SystemVerilog_HDL/Bit_Manipulation/src/shared_frame_storage.sv Line: 65
    Warning (18060): Ignored Maximum Fan-Out logic option for node "shared_frame_storage:SHARED_RED|bank4_rd_addr_q[10]" File: /home/daniel/Thesis_Project/SystemVerilog_HDL/Bit_Manipulation/src/shared_frame_storage.sv Line: 65
    Warning (18060): Ignored Maximum Fan-Out logic option for node "shared_frame_storage:SHARED_RED|bank4_rd_addr_q[11]" File: /home/daniel/Thesis_Project/SystemVerilog_HDL/Bit_Manipulation/src/shared_frame_storage.sv Line: 65
    Warning (18060): Ignored Maximum Fan-Out logic option for node "shared_frame_storage:SHARED_RED|bank4_rd_addr_q[12]" File: /home/daniel/Thesis_Project/SystemVerilog_HDL/Bit_Manipulation/src/shared_frame_storage.sv Line: 65
    Warning (18060): Ignored Maximum Fan-Out logic option for node "shared_frame_storage:SHARED_RED|bank0_rd_addr_q[0]" File: /home/daniel/Thesis_Project/SystemVerilog_HDL/Bit_Manipulation/src/shared_frame_storage.sv Line: 65
    Warning (18060): Ignored Maximum Fan-Out logic option for node "shared_frame_storage:SHARED_RED|bank0_rd_addr_q[1]" File: /home/daniel/Thesis_Project/SystemVerilog_HDL/Bit_Manipulation/src/shared_frame_storage.sv Line: 65
    Warning (18060): Ignored Maximum Fan-Out logic option for node "shared_frame_storage:SHARED_RED|bank0_rd_addr_q[2]" File: /home/daniel/Thesis_Project/SystemVerilog_HDL/Bit_Manipulation/src/shared_frame_storage.sv Line: 65
    Warning (18060): Ignored Maximum Fan-Out logic option for node "shared_frame_storage:SHARED_RED|bank0_rd_addr_q[3]" File: /home/daniel/Thesis_Project/SystemVerilog_HDL/Bit_Manipulation/src/shared_frame_storage.sv Line: 65
    Warning (18060): Ignored Maximum Fan-Out logic option for node "shared_frame_storage:SHARED_RED|bank0_rd_addr_q[4]" File: /home/daniel/Thesis_Project/SystemVerilog_HDL/Bit_Manipulation/src/shared_frame_storage.sv Line: 65
    Warning (18060): Ignored Maximum Fan-Out logic option for node "shared_frame_storage:SHARED_RED|bank0_rd_addr_q[5]" File: /home/daniel/Thesis_Project/SystemVerilog_HDL/Bit_Manipulation/src/shared_frame_storage.sv Line: 65
    Warning (18060): Ignored Maximum Fan-Out logic option for node "shared_frame_storage:SHARED_RED|bank0_rd_addr_q[6]" File: /home/daniel/Thesis_Project/SystemVerilog_HDL/Bit_Manipulation/src/shared_frame_storage.sv Line: 65
    Warning (18060): Ignored Maximum Fan-Out logic option for node "shared_frame_storage:SHARED_RED|bank0_rd_addr_q[7]" File: /home/daniel/Thesis_Project/SystemVerilog_HDL/Bit_Manipulation/src/shared_frame_storage.sv Line: 65
    Warning (18060): Ignored Maximum Fan-Out logic option for node "shared_frame_storage:SHARED_RED|bank0_rd_addr_q[8]" File: /home/daniel/Thesis_Project/SystemVerilog_HDL/Bit_Manipulation/src/shared_frame_storage.sv Line: 65
    Warning (18060): Ignored Maximum Fan-Out logic option for node "shared_frame_storage:SHARED_RED|bank0_rd_addr_q[9]" File: /home/daniel/Thesis_Project/SystemVerilog_HDL/Bit_Manipulation/src/shared_frame_storage.sv Line: 65
    Warning (18060): Ignored Maximum Fan-Out logic option for node "shared_frame_storage:SHARED_RED|bank0_rd_addr_q[10]" File: /home/daniel/Thesis_Project/SystemVerilog_HDL/Bit_Manipulation/src/shared_frame_storage.sv Line: 65
    Warning (18060): Ignored Maximum Fan-Out logic option for node "shared_frame_storage:SHARED_RED|bank0_rd_addr_q[11]" File: /home/daniel/Thesis_Project/SystemVerilog_HDL/Bit_Manipulation/src/shared_frame_storage.sv Line: 65
    Warning (18060): Ignored Maximum Fan-Out logic option for node "shared_frame_storage:SHARED_RED|bank0_rd_addr_q[12]" File: /home/daniel/Thesis_Project/SystemVerilog_HDL/Bit_Manipulation/src/shared_frame_storage.sv Line: 65
    Warning (18060): Ignored Maximum Fan-Out logic option for node "shared_frame_storage:SHARED_RED|bank7_rd_addr_q[0]" File: /home/daniel/Thesis_Project/SystemVerilog_HDL/Bit_Manipulation/src/shared_frame_storage.sv Line: 65
    Warning (18060): Ignored Maximum Fan-Out logic option for node "shared_frame_storage:SHARED_RED|bank7_rd_addr_q[1]" File: /home/daniel/Thesis_Project/SystemVerilog_HDL/Bit_Manipulation/src/shared_frame_storage.sv Line: 65
    Warning (18060): Ignored Maximum Fan-Out logic option for node "shared_frame_storage:SHARED_RED|bank7_rd_addr_q[2]" File: /home/daniel/Thesis_Project/SystemVerilog_HDL/Bit_Manipulation/src/shared_frame_storage.sv Line: 65
    Warning (18060): Ignored Maximum Fan-Out logic option for node "shared_frame_storage:SHARED_RED|bank7_rd_addr_q[3]" File: /home/daniel/Thesis_Project/SystemVerilog_HDL/Bit_Manipulation/src/shared_frame_storage.sv Line: 65
    Warning (18060): Ignored Maximum Fan-Out logic option for node "shared_frame_storage:SHARED_RED|bank7_rd_addr_q[4]" File: /home/daniel/Thesis_Project/SystemVerilog_HDL/Bit_Manipulation/src/shared_frame_storage.sv Line: 65
    Warning (18060): Ignored Maximum Fan-Out logic option for node "shared_frame_storage:SHARED_RED|bank7_rd_addr_q[5]" File: /home/daniel/Thesis_Project/SystemVerilog_HDL/Bit_Manipulation/src/shared_frame_storage.sv Line: 65
    Warning (18060): Ignored Maximum Fan-Out logic option for node "shared_frame_storage:SHARED_RED|bank7_rd_addr_q[6]" File: /home/daniel/Thesis_Project/SystemVerilog_HDL/Bit_Manipulation/src/shared_frame_storage.sv Line: 65
    Warning (18060): Ignored Maximum Fan-Out logic option for node "shared_frame_storage:SHARED_RED|bank7_rd_addr_q[7]" File: /home/daniel/Thesis_Project/SystemVerilog_HDL/Bit_Manipulation/src/shared_frame_storage.sv Line: 65
    Warning (18060): Ignored Maximum Fan-Out logic option for node "shared_frame_storage:SHARED_RED|bank7_rd_addr_q[8]" File: /home/daniel/Thesis_Project/SystemVerilog_HDL/Bit_Manipulation/src/shared_frame_storage.sv Line: 65
    Warning (18060): Ignored Maximum Fan-Out logic option for node "shared_frame_storage:SHARED_RED|bank7_rd_addr_q[9]" File: /home/daniel/Thesis_Project/SystemVerilog_HDL/Bit_Manipulation/src/shared_frame_storage.sv Line: 65
    Warning (18060): Ignored Maximum Fan-Out logic option for node "shared_frame_storage:SHARED_RED|bank7_rd_addr_q[10]" File: /home/daniel/Thesis_Project/SystemVerilog_HDL/Bit_Manipulation/src/shared_frame_storage.sv Line: 65
    Warning (18060): Ignored Maximum Fan-Out logic option for node "shared_frame_storage:SHARED_RED|bank7_rd_addr_q[11]" File: /home/daniel/Thesis_Project/SystemVerilog_HDL/Bit_Manipulation/src/shared_frame_storage.sv Line: 65
    Warning (18060): Ignored Maximum Fan-Out logic option for node "shared_frame_storage:SHARED_RED|bank7_rd_addr_q[12]" File: /home/daniel/Thesis_Project/SystemVerilog_HDL/Bit_Manipulation/src/shared_frame_storage.sv Line: 65
    Warning (18060): Ignored Maximum Fan-Out logic option for node "shared_frame_storage:SHARED_RED|bank3_rd_addr_q[0]" File: /home/daniel/Thesis_Project/SystemVerilog_HDL/Bit_Manipulation/src/shared_frame_storage.sv Line: 65
    Warning (18060): Ignored Maximum Fan-Out logic option for node "shared_frame_storage:SHARED_RED|bank3_rd_addr_q[1]" File: /home/daniel/Thesis_Project/SystemVerilog_HDL/Bit_Manipulation/src/shared_frame_storage.sv Line: 65
    Warning (18060): Ignored Maximum Fan-Out logic option for node "shared_frame_storage:SHARED_RED|bank3_rd_addr_q[2]" File: /home/daniel/Thesis_Project/SystemVerilog_HDL/Bit_Manipulation/src/shared_frame_storage.sv Line: 65
    Warning (18060): Ignored Maximum Fan-Out logic option for node "shared_frame_storage:SHARED_RED|bank3_rd_addr_q[3]" File: /home/daniel/Thesis_Project/SystemVerilog_HDL/Bit_Manipulation/src/shared_frame_storage.sv Line: 65
    Warning (18060): Ignored Maximum Fan-Out logic option for node "shared_frame_storage:SHARED_RED|bank3_rd_addr_q[4]" File: /home/daniel/Thesis_Project/SystemVerilog_HDL/Bit_Manipulation/src/shared_frame_storage.sv Line: 65
    Warning (18060): Ignored Maximum Fan-Out logic option for node "shared_frame_storage:SHARED_RED|bank3_rd_addr_q[5]" File: /home/daniel/Thesis_Project/SystemVerilog_HDL/Bit_Manipulation/src/shared_frame_storage.sv Line: 65
    Warning (18060): Ignored Maximum Fan-Out logic option for node "shared_frame_storage:SHARED_RED|bank3_rd_addr_q[6]" File: /home/daniel/Thesis_Project/SystemVerilog_HDL/Bit_Manipulation/src/shared_frame_storage.sv Line: 65
    Warning (18060): Ignored Maximum Fan-Out logic option for node "shared_frame_storage:SHARED_RED|bank3_rd_addr_q[7]" File: /home/daniel/Thesis_Project/SystemVerilog_HDL/Bit_Manipulation/src/shared_frame_storage.sv Line: 65
    Warning (18060): Ignored Maximum Fan-Out logic option for node "shared_frame_storage:SHARED_RED|bank3_rd_addr_q[8]" File: /home/daniel/Thesis_Project/SystemVerilog_HDL/Bit_Manipulation/src/shared_frame_storage.sv Line: 65
    Warning (18060): Ignored Maximum Fan-Out logic option for node "shared_frame_storage:SHARED_RED|bank3_rd_addr_q[9]" File: /home/daniel/Thesis_Project/SystemVerilog_HDL/Bit_Manipulation/src/shared_frame_storage.sv Line: 65
    Warning (18060): Ignored Maximum Fan-Out logic option for node "shared_frame_storage:SHARED_RED|bank3_rd_addr_q[10]" File: /home/daniel/Thesis_Project/SystemVerilog_HDL/Bit_Manipulation/src/shared_frame_storage.sv Line: 65
    Warning (18060): Ignored Maximum Fan-Out logic option for node "shared_frame_storage:SHARED_RED|bank3_rd_addr_q[11]" File: /home/daniel/Thesis_Project/SystemVerilog_HDL/Bit_Manipulation/src/shared_frame_storage.sv Line: 65
    Warning (18060): Ignored Maximum Fan-Out logic option for node "shared_frame_storage:SHARED_RED|bank3_rd_addr_q[12]" File: /home/daniel/Thesis_Project/SystemVerilog_HDL/Bit_Manipulation/src/shared_frame_storage.sv Line: 65
    Warning (18060): Ignored Maximum Fan-Out logic option for node "shared_frame_storage:SHARED_RED|bank1_rd_addr_q[0]" File: /home/daniel/Thesis_Project/SystemVerilog_HDL/Bit_Manipulation/src/shared_frame_storage.sv Line: 65
    Warning (18060): Ignored Maximum Fan-Out logic option for node "shared_frame_storage:SHARED_RED|bank1_rd_addr_q[1]" File: /home/daniel/Thesis_Project/SystemVerilog_HDL/Bit_Manipulation/src/shared_frame_storage.sv Line: 65
    Warning (18060): Ignored Maximum Fan-Out logic option for node "shared_frame_storage:SHARED_RED|bank1_rd_addr_q[2]" File: /home/daniel/Thesis_Project/SystemVerilog_HDL/Bit_Manipulation/src/shared_frame_storage.sv Line: 65
    Warning (18060): Ignored Maximum Fan-Out logic option for node "shared_frame_storage:SHARED_RED|bank1_rd_addr_q[3]" File: /home/daniel/Thesis_Project/SystemVerilog_HDL/Bit_Manipulation/src/shared_frame_storage.sv Line: 65
    Warning (18060): Ignored Maximum Fan-Out logic option for node "shared_frame_storage:SHARED_RED|bank1_rd_addr_q[4]" File: /home/daniel/Thesis_Project/SystemVerilog_HDL/Bit_Manipulation/src/shared_frame_storage.sv Line: 65
    Warning (18060): Ignored Maximum Fan-Out logic option for node "shared_frame_storage:SHARED_RED|bank1_rd_addr_q[5]" File: /home/daniel/Thesis_Project/SystemVerilog_HDL/Bit_Manipulation/src/shared_frame_storage.sv Line: 65
    Warning (18060): Ignored Maximum Fan-Out logic option for node "shared_frame_storage:SHARED_RED|bank1_rd_addr_q[6]" File: /home/daniel/Thesis_Project/SystemVerilog_HDL/Bit_Manipulation/src/shared_frame_storage.sv Line: 65
    Warning (18060): Ignored Maximum Fan-Out logic option for node "shared_frame_storage:SHARED_RED|bank1_rd_addr_q[7]" File: /home/daniel/Thesis_Project/SystemVerilog_HDL/Bit_Manipulation/src/shared_frame_storage.sv Line: 65
    Warning (18060): Ignored Maximum Fan-Out logic option for node "shared_frame_storage:SHARED_RED|bank1_rd_addr_q[8]" File: /home/daniel/Thesis_Project/SystemVerilog_HDL/Bit_Manipulation/src/shared_frame_storage.sv Line: 65
    Warning (18060): Ignored Maximum Fan-Out logic option for node "shared_frame_storage:SHARED_RED|bank1_rd_addr_q[9]" File: /home/daniel/Thesis_Project/SystemVerilog_HDL/Bit_Manipulation/src/shared_frame_storage.sv Line: 65
    Warning (18060): Ignored Maximum Fan-Out logic option for node "shared_frame_storage:SHARED_RED|bank1_rd_addr_q[10]" File: /home/daniel/Thesis_Project/SystemVerilog_HDL/Bit_Manipulation/src/shared_frame_storage.sv Line: 65
    Warning (18060): Ignored Maximum Fan-Out logic option for node "shared_frame_storage:SHARED_RED|bank1_rd_addr_q[11]" File: /home/daniel/Thesis_Project/SystemVerilog_HDL/Bit_Manipulation/src/shared_frame_storage.sv Line: 65
    Warning (18060): Ignored Maximum Fan-Out logic option for node "shared_frame_storage:SHARED_RED|bank1_rd_addr_q[12]" File: /home/daniel/Thesis_Project/SystemVerilog_HDL/Bit_Manipulation/src/shared_frame_storage.sv Line: 65
    Warning (18060): Ignored Maximum Fan-Out logic option for node "shared_frame_storage:SHARED_RED|bank8_rd_addr_q[0]" File: /home/daniel/Thesis_Project/SystemVerilog_HDL/Bit_Manipulation/src/shared_frame_storage.sv Line: 65
    Warning (18060): Ignored Maximum Fan-Out logic option for node "shared_frame_storage:SHARED_RED|bank8_rd_addr_q[1]" File: /home/daniel/Thesis_Project/SystemVerilog_HDL/Bit_Manipulation/src/shared_frame_storage.sv Line: 65
    Warning (18060): Ignored Maximum Fan-Out logic option for node "shared_frame_storage:SHARED_RED|bank8_rd_addr_q[2]" File: /home/daniel/Thesis_Project/SystemVerilog_HDL/Bit_Manipulation/src/shared_frame_storage.sv Line: 65
    Warning (18060): Ignored Maximum Fan-Out logic option for node "shared_frame_storage:SHARED_RED|bank8_rd_addr_q[3]" File: /home/daniel/Thesis_Project/SystemVerilog_HDL/Bit_Manipulation/src/shared_frame_storage.sv Line: 65
    Warning (18060): Ignored Maximum Fan-Out logic option for node "shared_frame_storage:SHARED_RED|bank8_rd_addr_q[4]" File: /home/daniel/Thesis_Project/SystemVerilog_HDL/Bit_Manipulation/src/shared_frame_storage.sv Line: 65
    Warning (18060): Ignored Maximum Fan-Out logic option for node "shared_frame_storage:SHARED_RED|bank8_rd_addr_q[5]" File: /home/daniel/Thesis_Project/SystemVerilog_HDL/Bit_Manipulation/src/shared_frame_storage.sv Line: 65
    Warning (18060): Ignored Maximum Fan-Out logic option for node "shared_frame_storage:SHARED_RED|bank8_rd_addr_q[6]" File: /home/daniel/Thesis_Project/SystemVerilog_HDL/Bit_Manipulation/src/shared_frame_storage.sv Line: 65
    Warning (18060): Ignored Maximum Fan-Out logic option for node "shared_frame_storage:SHARED_RED|bank8_rd_addr_q[7]" File: /home/daniel/Thesis_Project/SystemVerilog_HDL/Bit_Manipulation/src/shared_frame_storage.sv Line: 65
    Warning (18060): Ignored Maximum Fan-Out logic option for node "shared_frame_storage:SHARED_RED|bank8_rd_addr_q[8]" File: /home/daniel/Thesis_Project/SystemVerilog_HDL/Bit_Manipulation/src/shared_frame_storage.sv Line: 65
    Warning (18060): Ignored Maximum Fan-Out logic option for node "shared_frame_storage:SHARED_RED|bank8_rd_addr_q[9]" File: /home/daniel/Thesis_Project/SystemVerilog_HDL/Bit_Manipulation/src/shared_frame_storage.sv Line: 65
    Warning (18060): Ignored Maximum Fan-Out logic option for node "shared_frame_storage:SHARED_RED|bank8_rd_addr_q[10]" File: /home/daniel/Thesis_Project/SystemVerilog_HDL/Bit_Manipulation/src/shared_frame_storage.sv Line: 65
    Warning (18060): Ignored Maximum Fan-Out logic option for node "shared_frame_storage:SHARED_RED|bank8_rd_addr_q[11]" File: /home/daniel/Thesis_Project/SystemVerilog_HDL/Bit_Manipulation/src/shared_frame_storage.sv Line: 65
    Warning (18060): Ignored Maximum Fan-Out logic option for node "shared_frame_storage:SHARED_RED|bank8_rd_addr_q[12]" File: /home/daniel/Thesis_Project/SystemVerilog_HDL/Bit_Manipulation/src/shared_frame_storage.sv Line: 65
    Warning (18060): Ignored Maximum Fan-Out logic option for node "shared_frame_storage:SHARED_RED|bank8v_rd_addr_q[0]" File: /home/daniel/Thesis_Project/SystemVerilog_HDL/Bit_Manipulation/src/shared_frame_storage.sv Line: 65
    Warning (18060): Ignored Maximum Fan-Out logic option for node "shared_frame_storage:SHARED_RED|bank8v_rd_addr_q[1]" File: /home/daniel/Thesis_Project/SystemVerilog_HDL/Bit_Manipulation/src/shared_frame_storage.sv Line: 65
    Warning (18060): Ignored Maximum Fan-Out logic option for node "shared_frame_storage:SHARED_RED|bank8v_rd_addr_q[2]" File: /home/daniel/Thesis_Project/SystemVerilog_HDL/Bit_Manipulation/src/shared_frame_storage.sv Line: 65
    Warning (18060): Ignored Maximum Fan-Out logic option for node "shared_frame_storage:SHARED_RED|bank8v_rd_addr_q[3]" File: /home/daniel/Thesis_Project/SystemVerilog_HDL/Bit_Manipulation/src/shared_frame_storage.sv Line: 65
    Warning (18060): Ignored Maximum Fan-Out logic option for node "shared_frame_storage:SHARED_RED|bank8v_rd_addr_q[4]" File: /home/daniel/Thesis_Project/SystemVerilog_HDL/Bit_Manipulation/src/shared_frame_storage.sv Line: 65
    Warning (18060): Ignored Maximum Fan-Out logic option for node "shared_frame_storage:SHARED_RED|bank8v_rd_addr_q[5]" File: /home/daniel/Thesis_Project/SystemVerilog_HDL/Bit_Manipulation/src/shared_frame_storage.sv Line: 65
    Warning (18060): Ignored Maximum Fan-Out logic option for node "shared_frame_storage:SHARED_RED|bank8v_rd_addr_q[6]" File: /home/daniel/Thesis_Project/SystemVerilog_HDL/Bit_Manipulation/src/shared_frame_storage.sv Line: 65
    Warning (18060): Ignored Maximum Fan-Out logic option for node "shared_frame_storage:SHARED_RED|bank8v_rd_addr_q[7]" File: /home/daniel/Thesis_Project/SystemVerilog_HDL/Bit_Manipulation/src/shared_frame_storage.sv Line: 65
    Warning (18060): Ignored Maximum Fan-Out logic option for node "shared_frame_storage:SHARED_RED|bank8v_rd_addr_q[8]" File: /home/daniel/Thesis_Project/SystemVerilog_HDL/Bit_Manipulation/src/shared_frame_storage.sv Line: 65
    Warning (18060): Ignored Maximum Fan-Out logic option for node "shared_frame_storage:SHARED_RED|bank8v_rd_addr_q[9]" File: /home/daniel/Thesis_Project/SystemVerilog_HDL/Bit_Manipulation/src/shared_frame_storage.sv Line: 65
    Warning (18060): Ignored Maximum Fan-Out logic option for node "shared_frame_storage:SHARED_RED|bank8v_rd_addr_q[10]" File: /home/daniel/Thesis_Project/SystemVerilog_HDL/Bit_Manipulation/src/shared_frame_storage.sv Line: 65
    Warning (18060): Ignored Maximum Fan-Out logic option for node "shared_frame_storage:SHARED_RED|bank8v_rd_addr_q[11]" File: /home/daniel/Thesis_Project/SystemVerilog_HDL/Bit_Manipulation/src/shared_frame_storage.sv Line: 65
    Warning (18060): Ignored Maximum Fan-Out logic option for node "shared_frame_storage:SHARED_RED|bank8v_rd_addr_q[12]" File: /home/daniel/Thesis_Project/SystemVerilog_HDL/Bit_Manipulation/src/shared_frame_storage.sv Line: 65
    Warning (18060): Ignored Maximum Fan-Out logic option for node "shared_frame_storage:SHARED_RED|bank9_rd_addr_q[0]" File: /home/daniel/Thesis_Project/SystemVerilog_HDL/Bit_Manipulation/src/shared_frame_storage.sv Line: 65
    Warning (18060): Ignored Maximum Fan-Out logic option for node "shared_frame_storage:SHARED_RED|bank9_rd_addr_q[1]" File: /home/daniel/Thesis_Project/SystemVerilog_HDL/Bit_Manipulation/src/shared_frame_storage.sv Line: 65
    Warning (18060): Ignored Maximum Fan-Out logic option for node "shared_frame_storage:SHARED_RED|bank9_rd_addr_q[2]" File: /home/daniel/Thesis_Project/SystemVerilog_HDL/Bit_Manipulation/src/shared_frame_storage.sv Line: 65
    Warning (18060): Ignored Maximum Fan-Out logic option for node "shared_frame_storage:SHARED_RED|bank9_rd_addr_q[3]" File: /home/daniel/Thesis_Project/SystemVerilog_HDL/Bit_Manipulation/src/shared_frame_storage.sv Line: 65
    Warning (18060): Ignored Maximum Fan-Out logic option for node "shared_frame_storage:SHARED_RED|bank9_rd_addr_q[4]" File: /home/daniel/Thesis_Project/SystemVerilog_HDL/Bit_Manipulation/src/shared_frame_storage.sv Line: 65
    Warning (18060): Ignored Maximum Fan-Out logic option for node "shared_frame_storage:SHARED_RED|bank9_rd_addr_q[5]" File: /home/daniel/Thesis_Project/SystemVerilog_HDL/Bit_Manipulation/src/shared_frame_storage.sv Line: 65
    Warning (18060): Ignored Maximum Fan-Out logic option for node "shared_frame_storage:SHARED_RED|bank9_rd_addr_q[6]" File: /home/daniel/Thesis_Project/SystemVerilog_HDL/Bit_Manipulation/src/shared_frame_storage.sv Line: 65
    Warning (18060): Ignored Maximum Fan-Out logic option for node "shared_frame_storage:SHARED_RED|bank9_rd_addr_q[7]" File: /home/daniel/Thesis_Project/SystemVerilog_HDL/Bit_Manipulation/src/shared_frame_storage.sv Line: 65
    Warning (18060): Ignored Maximum Fan-Out logic option for node "shared_frame_storage:SHARED_RED|bank9_rd_addr_q[8]" File: /home/daniel/Thesis_Project/SystemVerilog_HDL/Bit_Manipulation/src/shared_frame_storage.sv Line: 65
    Warning (18060): Ignored Maximum Fan-Out logic option for node "shared_frame_storage:SHARED_RED|bank9_rd_addr_q[9]" File: /home/daniel/Thesis_Project/SystemVerilog_HDL/Bit_Manipulation/src/shared_frame_storage.sv Line: 65
    Warning (18060): Ignored Maximum Fan-Out logic option for node "shared_frame_storage:SHARED_RED|bank9_rd_addr_q[10]" File: /home/daniel/Thesis_Project/SystemVerilog_HDL/Bit_Manipulation/src/shared_frame_storage.sv Line: 65
    Warning (18060): Ignored Maximum Fan-Out logic option for node "shared_frame_storage:SHARED_RED|bank9_rd_addr_q[11]" File: /home/daniel/Thesis_Project/SystemVerilog_HDL/Bit_Manipulation/src/shared_frame_storage.sv Line: 65
    Warning (18060): Ignored Maximum Fan-Out logic option for node "shared_frame_storage:SHARED_RED|bank9_rd_addr_q[12]" File: /home/daniel/Thesis_Project/SystemVerilog_HDL/Bit_Manipulation/src/shared_frame_storage.sv Line: 65
    Warning (18060): Ignored Maximum Fan-Out logic option for node "shared_frame_storage:SHARED_RED|bank10_rd_addr_q[0]" File: /home/daniel/Thesis_Project/SystemVerilog_HDL/Bit_Manipulation/src/shared_frame_storage.sv Line: 65
    Warning (18060): Ignored Maximum Fan-Out logic option for node "shared_frame_storage:SHARED_RED|bank10_rd_addr_q[1]" File: /home/daniel/Thesis_Project/SystemVerilog_HDL/Bit_Manipulation/src/shared_frame_storage.sv Line: 65
    Warning (18060): Ignored Maximum Fan-Out logic option for node "shared_frame_storage:SHARED_RED|bank10_rd_addr_q[2]" File: /home/daniel/Thesis_Project/SystemVerilog_HDL/Bit_Manipulation/src/shared_frame_storage.sv Line: 65
    Warning (18060): Ignored Maximum Fan-Out logic option for node "shared_frame_storage:SHARED_RED|bank10_rd_addr_q[3]" File: /home/daniel/Thesis_Project/SystemVerilog_HDL/Bit_Manipulation/src/shared_frame_storage.sv Line: 65
    Warning (18060): Ignored Maximum Fan-Out logic option for node "shared_frame_storage:SHARED_RED|bank10_rd_addr_q[4]" File: /home/daniel/Thesis_Project/SystemVerilog_HDL/Bit_Manipulation/src/shared_frame_storage.sv Line: 65
    Warning (18060): Ignored Maximum Fan-Out logic option for node "shared_frame_storage:SHARED_RED|bank10_rd_addr_q[5]" File: /home/daniel/Thesis_Project/SystemVerilog_HDL/Bit_Manipulation/src/shared_frame_storage.sv Line: 65
    Warning (18060): Ignored Maximum Fan-Out logic option for node "shared_frame_storage:SHARED_RED|bank10_rd_addr_q[6]" File: /home/daniel/Thesis_Project/SystemVerilog_HDL/Bit_Manipulation/src/shared_frame_storage.sv Line: 65
    Warning (18060): Ignored Maximum Fan-Out logic option for node "shared_frame_storage:SHARED_RED|bank10_rd_addr_q[7]" File: /home/daniel/Thesis_Project/SystemVerilog_HDL/Bit_Manipulation/src/shared_frame_storage.sv Line: 65
    Warning (18060): Ignored Maximum Fan-Out logic option for node "shared_frame_storage:SHARED_RED|bank10_rd_addr_q[8]" File: /home/daniel/Thesis_Project/SystemVerilog_HDL/Bit_Manipulation/src/shared_frame_storage.sv Line: 65
    Warning (18060): Ignored Maximum Fan-Out logic option for node "shared_frame_storage:SHARED_RED|bank10_rd_addr_q[9]" File: /home/daniel/Thesis_Project/SystemVerilog_HDL/Bit_Manipulation/src/shared_frame_storage.sv Line: 65
    Warning (18060): Ignored Maximum Fan-Out logic option for node "shared_frame_storage:SHARED_RED|bank10_rd_addr_q[10]" File: /home/daniel/Thesis_Project/SystemVerilog_HDL/Bit_Manipulation/src/shared_frame_storage.sv Line: 65
    Warning (18060): Ignored Maximum Fan-Out logic option for node "shared_frame_storage:SHARED_RED|bank10_rd_addr_q[11]" File: /home/daniel/Thesis_Project/SystemVerilog_HDL/Bit_Manipulation/src/shared_frame_storage.sv Line: 65
    Warning (18060): Ignored Maximum Fan-Out logic option for node "shared_frame_storage:SHARED_RED|bank10_rd_addr_q[12]" File: /home/daniel/Thesis_Project/SystemVerilog_HDL/Bit_Manipulation/src/shared_frame_storage.sv Line: 65
    Warning (18060): Ignored Maximum Fan-Out logic option for node "shared_frame_storage:SHARED_RED|bank11_rd_addr_q[0]" File: /home/daniel/Thesis_Project/SystemVerilog_HDL/Bit_Manipulation/src/shared_frame_storage.sv Line: 65
    Warning (18060): Ignored Maximum Fan-Out logic option for node "shared_frame_storage:SHARED_RED|bank11_rd_addr_q[1]" File: /home/daniel/Thesis_Project/SystemVerilog_HDL/Bit_Manipulation/src/shared_frame_storage.sv Line: 65
    Warning (18060): Ignored Maximum Fan-Out logic option for node "shared_frame_storage:SHARED_RED|bank11_rd_addr_q[2]" File: /home/daniel/Thesis_Project/SystemVerilog_HDL/Bit_Manipulation/src/shared_frame_storage.sv Line: 65
    Warning (18060): Ignored Maximum Fan-Out logic option for node "shared_frame_storage:SHARED_RED|bank11_rd_addr_q[3]" File: /home/daniel/Thesis_Project/SystemVerilog_HDL/Bit_Manipulation/src/shared_frame_storage.sv Line: 65
    Warning (18060): Ignored Maximum Fan-Out logic option for node "shared_frame_storage:SHARED_RED|bank11_rd_addr_q[4]" File: /home/daniel/Thesis_Project/SystemVerilog_HDL/Bit_Manipulation/src/shared_frame_storage.sv Line: 65
    Warning (18060): Ignored Maximum Fan-Out logic option for node "shared_frame_storage:SHARED_RED|bank11_rd_addr_q[5]" File: /home/daniel/Thesis_Project/SystemVerilog_HDL/Bit_Manipulation/src/shared_frame_storage.sv Line: 65
    Warning (18060): Ignored Maximum Fan-Out logic option for node "shared_frame_storage:SHARED_RED|bank11_rd_addr_q[6]" File: /home/daniel/Thesis_Project/SystemVerilog_HDL/Bit_Manipulation/src/shared_frame_storage.sv Line: 65
    Warning (18060): Ignored Maximum Fan-Out logic option for node "shared_frame_storage:SHARED_RED|bank11_rd_addr_q[7]" File: /home/daniel/Thesis_Project/SystemVerilog_HDL/Bit_Manipulation/src/shared_frame_storage.sv Line: 65
    Warning (18060): Ignored Maximum Fan-Out logic option for node "shared_frame_storage:SHARED_RED|bank11_rd_addr_q[8]" File: /home/daniel/Thesis_Project/SystemVerilog_HDL/Bit_Manipulation/src/shared_frame_storage.sv Line: 65
    Warning (18060): Ignored Maximum Fan-Out logic option for node "shared_frame_storage:SHARED_RED|bank11_rd_addr_q[9]" File: /home/daniel/Thesis_Project/SystemVerilog_HDL/Bit_Manipulation/src/shared_frame_storage.sv Line: 65
    Warning (18060): Ignored Maximum Fan-Out logic option for node "shared_frame_storage:SHARED_RED|bank11_rd_addr_q[10]" File: /home/daniel/Thesis_Project/SystemVerilog_HDL/Bit_Manipulation/src/shared_frame_storage.sv Line: 65
    Warning (18060): Ignored Maximum Fan-Out logic option for node "shared_frame_storage:SHARED_RED|bank11_rd_addr_q[11]" File: /home/daniel/Thesis_Project/SystemVerilog_HDL/Bit_Manipulation/src/shared_frame_storage.sv Line: 65
    Warning (18060): Ignored Maximum Fan-Out logic option for node "shared_frame_storage:SHARED_RED|bank11_rd_addr_q[12]" File: /home/daniel/Thesis_Project/SystemVerilog_HDL/Bit_Manipulation/src/shared_frame_storage.sv Line: 65
Info (17049): 414 registers lost all their fanouts during netlist optimizations.
Info (16010): Generating hard_block partition "hard_block:auto_generated_inst"
    Info (16011): Adding 0 node(s), including 0 DDIO, 0 PLL, 0 transceiver and 0 LCELL
Warning (21074): Design contains 16 input pin(s) that do not drive logic
    Warning (15610): No output dependent on input pin "PIXEL_BIT_DATA[0]" File: /home/daniel/Thesis_Project/SystemVerilog_HDL/Bit_Manipulation/src/top_level.sv Line: 3
    Warning (15610): No output dependent on input pin "PIXEL_BIT_DATA[1]" File: /home/daniel/Thesis_Project/SystemVerilog_HDL/Bit_Manipulation/src/top_level.sv Line: 3
    Warning (15610): No output dependent on input pin "PIXEL_BIT_DATA[2]" File: /home/daniel/Thesis_Project/SystemVerilog_HDL/Bit_Manipulation/src/top_level.sv Line: 3
    Warning (15610): No output dependent on input pin "PIXEL_BIT_DATA[3]" File: /home/daniel/Thesis_Project/SystemVerilog_HDL/Bit_Manipulation/src/top_level.sv Line: 3
    Warning (15610): No output dependent on input pin "PIXEL_BIT_DATA[4]" File: /home/daniel/Thesis_Project/SystemVerilog_HDL/Bit_Manipulation/src/top_level.sv Line: 3
    Warning (15610): No output dependent on input pin "PIXEL_BIT_DATA[5]" File: /home/daniel/Thesis_Project/SystemVerilog_HDL/Bit_Manipulation/src/top_level.sv Line: 3
    Warning (15610): No output dependent on input pin "PIXEL_BIT_DATA[6]" File: /home/daniel/Thesis_Project/SystemVerilog_HDL/Bit_Manipulation/src/top_level.sv Line: 3
    Warning (15610): No output dependent on input pin "PIXEL_BIT_DATA[7]" File: /home/daniel/Thesis_Project/SystemVerilog_HDL/Bit_Manipulation/src/top_level.sv Line: 3
    Warning (15610): No output dependent on input pin "PIXEL_BIT_DATA[8]" File: /home/daniel/Thesis_Project/SystemVerilog_HDL/Bit_Manipulation/src/top_level.sv Line: 3
    Warning (15610): No output dependent on input pin "PIXEL_BIT_DATA[9]" File: /home/daniel/Thesis_Project/SystemVerilog_HDL/Bit_Manipulation/src/top_level.sv Line: 3
    Warning (15610): No output dependent on input pin "PIXEL_BIT_DATA[10]" File: /home/daniel/Thesis_Project/SystemVerilog_HDL/Bit_Manipulation/src/top_level.sv Line: 3
    Warning (15610): No output dependent on input pin "PIXEL_BIT_DATA[11]" File: /home/daniel/Thesis_Project/SystemVerilog_HDL/Bit_Manipulation/src/top_level.sv Line: 3
    Warning (15610): No output dependent on input pin "PIXEL_BIT_DATA[12]" File: /home/daniel/Thesis_Project/SystemVerilog_HDL/Bit_Manipulation/src/top_level.sv Line: 3
    Warning (15610): No output dependent on input pin "PIXEL_BIT_DATA[13]" File: /home/daniel/Thesis_Project/SystemVerilog_HDL/Bit_Manipulation/src/top_level.sv Line: 3
    Warning (15610): No output dependent on input pin "PIXEL_BIT_DATA[14]" File: /home/daniel/Thesis_Project/SystemVerilog_HDL/Bit_Manipulation/src/top_level.sv Line: 3
    Warning (15610): No output dependent on input pin "PIXEL_BIT_DATA[15]" File: /home/daniel/Thesis_Project/SystemVerilog_HDL/Bit_Manipulation/src/top_level.sv Line: 3
Info (21057): Implemented 19377 device resources after synthesis - the final resource count might be different
    Info (21058): Implemented 30 input pins
    Info (21059): Implemented 56 output pins
    Info (21061): Implemented 18765 logic cells
    Info (21064): Implemented 516 RAM segments
    Info (21062): Implemented 10 DSP elements
Info: Quartus Prime Analysis & Synthesis was successful. 0 errors, 190 warnings
    Info: Peak virtual memory: 802 megabytes
    Info: Processing ended: Tue Mar 24 13:29:47 2026
    Info: Elapsed time: 00:00:34
    Info: Total CPU time (on all processors): 00:00:57


